documento,fecha_documento,fecha_cierre_ot,codigo_parte,descripcion,canal,tipo_or,marca_vehiculo,marca_repuesto,valor_neto_sin_impuestos
B008-5201,2026-09-08 00:00:00,,9090389012,BUJE (AMORTIGUADO,MO,-,,Toyota,96.33
B008-5202,2026-09-08 00:00:00,,9031141009,SELLO ACEITE (PORTADIFERENCIAL POSTERIOR,MO,-,,Toyota,70.15
F008-14456,2026-09-08 00:00:00,,0882380010,LIQUIDO DE FRENO,MO,-,,Toyota,65.42
B008-5203,2026-09-08 00:00:00,,233900L041,CONJUNTO ELEMENTO,MO,-,,Toyota,82.29
F008-14458,2026-09-08 00:00:00,,041110E042,EMPAQUETADURA DE,MO,-,,Toyota,472.79
F008-14458,2026-09-08 00:00:00,,1111511120B0,EMPAQUETADURA CUL,MO,-,,Toyota,280.06
LI03-2635,2026-09-08 00:00:00,2026-09-08 00:00:00,90182TNN9FIS,PROTECTOR DE TOLV,NVS,4N-OT Interna Accesorios NVS,Toyota,Toyota,720.0
B008-5204,2026-09-08 00:00:00,,1356839016,CORREA DISTRIBUCI,MO,-,,Toyota,135.6
F008-14459,2026-09-08 00:00:00,,0888060015,651313 - ACEITE 15W40 GL,MO,-,,Toyota,4547.46
F008-14459,2026-09-08 00:00:00,,0888030015,651528 ACEITE 5W30 4L,MO,-,,Toyota,489.51
FF03-93,2026-09-08 00:00:00,,0888060015,651313 - ACEITE 15W40 GL,MO,-,,Toyota,189.48
F009-6434,2026-09-09 00:00:00,2026-09-09 00:00:00,0888050005D,651529 ACEITE 5W-30 GASO SEMI DECILITRO,TG,1T-Mantenimiento Toyota Value,Toyota,Toyota,74.24
F009-6434,2026-09-09 00:00:00,2026-09-09 00:00:00,15601BZ030,ELEMENTO FILTRO,TG,1T-Mantenimiento Toyota Value,Toyota,Toyota,50.98
F009-6434,2026-09-09 00:00:00,2026-09-09 00:00:00,9043012031,EMPAQUETADURA (TAPON DE DRENAJE DE DEPOS,TG,1T-Mantenimiento Toyota Value,Toyota,Toyota,4.7
F009-6434,2026-09-09 00:00:00,2026-09-09 00:00:00,X0401001,SUPER LIMPIADOR DE PARABRISAS WURTH 32 ML,TG,1T-Mantenimiento Toyota Value,Toyota,Otras marcas,4.98
F009-6434,2026-09-09 00:00:00,2026-09-09 00:00:00,X0401006,LIMPIADOR DE FRENOS 500 ML WURTH,TG,1T-Mantenimiento Toyota Value,Toyota,Otras marcas,17.66
B008-5205,2026-09-08 00:00:00,,178010C010,SUBCONJUNTO ELEME,MO,-,,Toyota,130.43
F009-6462,2026-09-11 00:00:00,2026-09-11 00:00:00,0888050002D,ACEITE 15W40 DIESEL DECILITRO TOYOTA,TG,1-Mantenimiento Periódico,Toyota,Toyota,143.6
F009-6462,2026-09-11 00:00:00,2026-09-11 00:00:00,90915YZZD2,FILTRO DE ACEITE,TG,1-Mantenimiento Periódico,Toyota,Toyota,26.08
F009-6462,2026-09-11 00:00:00,2026-09-11 00:00:00,9043012031,EMPAQUETADURA (TAPON DE DRENAJE DE DEPOS,TG,1-Mantenimiento Periódico,Toyota,Toyota,4.15
F009-6462,2026-09-11 00:00:00,2026-09-11 00:00:00,233900L070,CONJUNTO ELEMENTO,TG,1-Mantenimiento Periódico,Toyota,Toyota,125.14
F009-6462,2026-09-11 00:00:00,2026-09-11 00:00:00,0881380100,LIMPIA INYECTOR A,TG,1-Mantenimiento Periódico,Toyota,Toyota,77.89
F009-6462,2026-09-11 00:00:00,2026-09-11 00:00:00,0888581580,651273 ACEITE M/T 80W90 1L,TG,1-Mantenimiento Periódico,Toyota,Toyota,108.81
F009-6462,2026-09-11 00:00:00,2026-09-11 00:00:00,0888581590,651272 ACEITE DIF 80W90 1L,TG,1-Mantenimiento Periódico,Toyota,Toyota,228.93
F009-6462,2026-09-11 00:00:00,2026-09-11 00:00:00,0888501806,ACEITE GL - 75W 1,TG,1-Mantenimiento Periódico,Toyota,Toyota,193.45
F009-6462,2026-09-11 00:00:00,2026-09-11 00:00:00,9043018008,EMPAQUETADURA (TAPON RELLENADOR TRANSMIS,TG,1-Mantenimiento Periódico,Toyota,Toyota,17.83
F009-6462,2026-09-11 00:00:00,2026-09-11 00:00:00,9043024017,EMPAQUETADURA,TG,1-Mantenimiento Periódico,Toyota,Toyota,4.08
F009-6462,2026-09-11 00:00:00,2026-09-11 00:00:00,1215710010,EMPAQUETADURA (TAPON RELLENADOR ENVOLTUR,TG,1-Mantenimiento Periódico,Toyota,Toyota,10.45
F009-6462,2026-09-11 00:00:00,2026-09-11 00:00:00,0882380010,LIQUIDO DE FRENO,TG,1-Mantenimiento Periódico,Toyota,Toyota,49.56
F009-6462,2026-09-11 00:00:00,2026-09-11 00:00:00,X0405017,ACEITE ATF CASTROL TRANSMAX DEX/MERC X 1LT,TG,1-Mantenimiento Periódico,Toyota,Otras marcas,65.09
F009-6462,2026-09-11 00:00:00,2026-09-11 00:00:00,X0401001,SUPER LIMPIADOR DE PARABRISAS WURTH 32 ML,TG,1-Mantenimiento Periódico,Toyota,Otras marcas,4.6
F009-6462,2026-09-11 00:00:00,2026-09-11 00:00:00,X0401006,LIMPIADOR DE FRENOS 500 ML WURTH,TG,1-Mantenimiento Periódico,Toyota,Otras marcas,15.0
F008-14461,2026-09-08 00:00:00,,15613E0110,ELEMENTO FILTRO D,MO,-,Hino,Hino,83.77
F008-14461,2026-09-08 00:00:00,,23304EV063,JGO. DE ELEMENTO,MO,-,Hino,Hino,37.66
F008-14460,2026-09-08 00:00:00,,15613EV015,ELEMENTO FILTRO,MO,-,,Hino,60.78
F009-6438,2026-09-09 00:00:00,2026-09-09 00:00:00,0888050005D,651529 ACEITE 5W-30 GASO SEMI DECILITRO,TG,1-Mantenimiento Periódico,Toyota,Toyota,122.88
F009-6438,2026-09-09 00:00:00,2026-09-09 00:00:00,90915YZZM3,SUNCONJUNTO DEL F,TG,1-Mantenimiento Periódico,Toyota,Toyota,30.95
F009-6438,2026-09-09 00:00:00,2026-09-09 00:00:00,9043012031,EMPAQUETADURA (TAPON DE DRENAJE DE DEPOS,TG,1-Mantenimiento Periódico,Toyota,Toyota,4.7
F009-6438,2026-09-09 00:00:00,2026-09-09 00:00:00,X0401001,SUPER LIMPIADOR DE PARABRISAS WURTH 32 ML,TG,1-Mantenimiento Periódico,Toyota,Otras marcas,6.22
F009-6438,2026-09-09 00:00:00,2026-09-09 00:00:00,X0401006,LIMPIADOR DE FRENOS 500 ML WURTH,TG,1-Mantenimiento Periódico,Toyota,Otras marcas,22.08
F009-6438,2026-09-09 00:00:00,2026-09-09 00:00:00,87139YZZ75,ELEMENTO REFINAD,TG,1-Mantenimiento Periódico,Toyota,Toyota,81.28
B009-5916,2026-09-09 00:00:00,2026-09-09 00:00:00,0888050005D,651529 ACEITE 5W-30 GASO SEMI DECILITRO,TG,1-Mantenimiento Periódico,Toyota,Toyota,92.16
B009-5916,2026-09-09 00:00:00,2026-09-09 00:00:00,15601BZ030,ELEMENTO FILTRO,TG,1-Mantenimiento Periódico,Toyota,Toyota,50.98
B009-5916,2026-09-09 00:00:00,2026-09-09 00:00:00,9043012031,EMPAQUETADURA (TAPON DE DRENAJE DE DEPOS,TG,1-Mantenimiento Periódico,Toyota,Toyota,4.7
B009-5916,2026-09-09 00:00:00,2026-09-09 00:00:00,0881380019,LIMPIA INYECTOR A,TG,1-Mantenimiento Periódico,Toyota,Toyota,42.84
B009-5916,2026-09-09 00:00:00,2026-09-09 00:00:00,0047500WWF,LIMPIA PARABRISA,TG,1-Mantenimiento Periódico,Toyota,Toyota,29.67
B009-5916,2026-09-09 00:00:00,2026-09-09 00:00:00,X0401006,LIMPIADOR DE FRENOS 500 ML WURTH,TG,1-Mantenimiento Periódico,Toyota,Otras marcas,22.08
B009-5917,2026-09-09 00:00:00,2026-09-09 00:00:00,0888050005D,651529 ACEITE 5W-30 GASO SEMI DECILITRO,TG,1-Mantenimiento Periódico,Toyota,Toyota,120.32
B009-5917,2026-09-09 00:00:00,2026-09-09 00:00:00,90915YZZM3,SUNCONJUNTO DEL F,TG,1-Mantenimiento Periódico,Toyota,Toyota,30.95
B009-5917,2026-09-09 00:00:00,2026-09-09 00:00:00,9043012031,EMPAQUETADURA (TAPON DE DRENAJE DE DEPOS,TG,1-Mantenimiento Periódico,Toyota,Toyota,4.7
B009-5917,2026-09-09 00:00:00,2026-09-09 00:00:00,0047500WWF,LIMPIA PARABRISA,TG,1-Mantenimiento Periódico,Toyota,Toyota,29.67
B009-5917,2026-09-09 00:00:00,2026-09-09 00:00:00,X0401006,LIMPIADOR DE FRENOS 500 ML WURTH,TG,1-Mantenimiento Periódico,Toyota,Otras marcas,22.08
B009-5917,2026-09-09 00:00:00,2026-09-09 00:00:00,0881380019,LIMPIA INYECTOR A,TG,1-Mantenimiento Periódico,Toyota,Toyota,42.84
F008-14464,2026-09-09 00:00:00,,90916T2006,CORREA TRAPEZOIDAL (VENTILADOOR Y ALTERN,MO,-,,Toyota,330.11
F008-14464,2026-09-09 00:00:00,,486320K040,BUJE BRAZO SUPERIOR SUSPENSION FRONTAL,MO,-,,Toyota,336.16
F008-14463,2026-09-08 00:00:00,,04465YZZK1,PASTILLA DELANTER,MO,-,,Toyota,177.56
F008-14463,2026-09-08 00:00:00,,87139YZZ75,ELEMENTO REFINAD,MO,-,,Toyota,81.28
F009-6432,2026-09-09 00:00:00,2026-09-09 00:00:00,0888050002D,ACEITE 15W40 DIESEL DECILITRO TOYOTA,TG,1T-Mantenimiento Toyota Value,Toyota,Toyota,164.11
F009-6432,2026-09-09 00:00:00,2026-09-09 00:00:00,90915YZZD2,FILTRO DE ACEITE,TG,1T-Mantenimiento Toyota Value,Toyota,Toyota,29.51
F009-6432,2026-09-09 00:00:00,2026-09-09 00:00:00,9043012031,EMPAQUETADURA (TAPON DE DRENAJE DE DEPOS,TG,1T-Mantenimiento Toyota Value,Toyota,Toyota,4.7
F009-6432,2026-09-09 00:00:00,2026-09-09 00:00:00,233900L070,CONJUNTO ELEMENTO,TG,1T-Mantenimiento Toyota Value,Toyota,Toyota,141.61
F009-6432,2026-09-09 00:00:00,2026-09-09 00:00:00,0881380100,LIMPIA INYECTOR A,TG,1T-Mantenimiento Toyota Value,Toyota,Toyota,85.68
F009-6432,2026-09-09 00:00:00,2026-09-09 00:00:00,0888581580,651273 ACEITE M/T 80W90 1L,TG,1T-Mantenimiento Toyota Value,Toyota,Toyota,119.69
F009-6432,2026-09-09 00:00:00,2026-09-09 00:00:00,0888581590,651272 ACEITE DIF 80W90 1L,TG,1T-Mantenimiento Toyota Value,Toyota,Toyota,125.91
F009-6432,2026-09-09 00:00:00,2026-09-09 00:00:00,9043018008,EMPAQUETADURA (TAPON RELLENADOR TRANSMIS,TG,1T-Mantenimiento Toyota Value,Toyota,Toyota,10.09
F009-6432,2026-09-09 00:00:00,2026-09-09 00:00:00,1215710010,EMPAQUETADURA (TAPON RELLENADOR ENVOLTUR,TG,1T-Mantenimiento Toyota Value,Toyota,Toyota,7.88
F009-6432,2026-09-09 00:00:00,2026-09-09 00:00:00,0882380010,LIQUIDO DE FRENO,TG,1T-Mantenimiento Toyota Value,Toyota,Toyota,54.52
F009-6432,2026-09-09 00:00:00,2026-09-09 00:00:00,0888980039,ANTICONGELANTE,TG,1T-Mantenimiento Toyota Value,Toyota,Toyota,286.31
F009-6432,2026-09-09 00:00:00,2026-09-09 00:00:00,X0504001,AGUA DESTILADA 1L. SINTEK,TG,1T-Mantenimiento Toyota Value,Toyota,Otras marcas,20.07
F009-6432,2026-09-09 00:00:00,2026-09-09 00:00:00,X0405017,ACEITE ATF CASTROL TRANSMAX DEX/MERC X 1LT,TG,1T-Mantenimiento Toyota Value,Toyota,Otras marcas,81.36
F009-6432,2026-09-09 00:00:00,2026-09-09 00:00:00,X0401001,SUPER LIMPIADOR DE PARABRISAS WURTH 32 ML,TG,1T-Mantenimiento Toyota Value,Toyota,Otras marcas,6.22
F009-6432,2026-09-09 00:00:00,2026-09-09 00:00:00,X0401006,LIMPIADOR DE FRENOS 500 ML WURTH,TG,1T-Mantenimiento Toyota Value,Toyota,Otras marcas,44.16
F009-6432,2026-09-09 00:00:00,2026-09-09 00:00:00,87139YZZ75,ELEMENTO REFINAD,TG,1T-Mantenimiento Toyota Value,Toyota,Toyota,91.44
B009-5913,2026-09-09 00:00:00,2026-09-09 00:00:00,8102552211PE,NEBLINEROS (HAL.G,TG,7-Instalación accesorio original,Toyota,Toyota,454.35
T003-2258,2026-09-09 00:00:00,,S156072270,JGO. DE ELEMENTO,MO,-,,Hino,38.62
T003-2258,2026-09-09 00:00:00,,S156071531,JGO. DE ELEMENTO,MO,-,,Hino,142.97
T003-2258,2026-09-09 00:00:00,,23304EV083,JGO. DE ELEMENTO,MO,-,,Hino,182.31
T003-2258,2026-09-09 00:00:00,,23304EV096,JGO. DE ELEMENTO,MO,-,,Hino,87.91
T003-2258,2026-09-09 00:00:00,,23304EV164,JGO. DE ELEMENTO,MO,-,,Hino,135.86
T003-2258,2026-09-09 00:00:00,,15601BZ030,ELEMENTO FILTRO,MO,-,,Toyota,388.2
T003-2258,2026-09-09 00:00:00,,90915YZZM3,SUNCONJUNTO DEL F,MO,-,,Toyota,722.19
T003-2258,2026-09-09 00:00:00,,178010E030,SUBCONJUNTO ELEME,MO,-,,Toyota,1923.45
F008-14465,2026-09-09 00:00:00,,90915YZZD2,FILTRO DE ACEITE,MO,-,,Toyota,224.46
F008-14465,2026-09-09 00:00:00,,0447860050,JUEGO CILINDRO FRENO DISCO FRONTAL,MO,-,,Toyota,123.63
LI03-2637,2026-09-09 00:00:00,2026-09-09 00:00:00,Y0201001,ESTRIBOS PARA TOYOTA HILUX REVO,NVS,4N-OT Interna Accesorios NVS,Toyota,Otras marcas,800.0
B009-5938,2026-09-12 00:00:00,2026-09-12 00:00:00,X0103003,ABRAZADERA METAL ZEBRA WURTH 70- 90 MM,TG,2-Mant. Correctivos y Trabajos Generales,Toyota,Otras marcas,11.17
F008-14467,2026-09-09 00:00:00,,08880H0018,650869 ACEITE HINO BALDE 2.5 15W40,MO,-,,Hino,188.16
F008-14467,2026-09-09 00:00:00,,15613EV015,ELEMENTO FILTRO,MO,-,,Hino,63.73
F008-14467,2026-09-09 00:00:00,,23304EV052,JGO. DE ELEMENTO,MO,-,,Hino,44.29
F008-14467,2026-09-09 00:00:00,,23304EV390,JGO. DE ELEMENTO,MO,-,,Hino,60.79
F008-14467,2026-09-09 00:00:00,,1780178110,ELEMENTO AIRE,MO,-,,Hino,133.16
F008-14467,2026-09-09 00:00:00,,SZ91049326,JGO. DE FAJAS,MO,-,,Hino,139.53
B009-5914,2026-09-09 00:00:00,2026-09-09 00:00:00,0888050005D,651529 ACEITE 5W-30 GASO SEMI DECILITRO,TG,2-Mant. Correctivos y Trabajos Generales,Toyota,Toyota,87.36
B009-5914,2026-09-09 00:00:00,2026-09-09 00:00:00,15601BZ030,ELEMENTO FILTRO,TG,2-Mant. Correctivos y Trabajos Generales,Toyota,Toyota,44.11
B009-5914,2026-09-09 00:00:00,2026-09-09 00:00:00,9043012031,EMPAQUETADURA (TAPON DE DRENAJE DE DEPOS,TG,2-Mant. Correctivos y Trabajos Generales,Toyota,Toyota,3.92
F008-14468,2026-09-09 00:00:00,,1121330040,EMPAQUETADURA TA,MO,-,,Toyota,74.23
F009-6429,2026-09-09 00:00:00,2026-09-09 00:00:00,Y0201001,ESTRIBOS PARA TOYOTA HILUX REVO,TG,7-Instalación accesorio original,Toyota,Otras marcas,600.0
F009-6429,2026-09-09 00:00:00,2026-09-09 00:00:00,PC1620K003,JGO. DEFLECTORES,TG,7-Instalación accesorio original,Toyota,Toyota,438.9
F009-6429,2026-09-09 00:00:00,2026-09-09 00:00:00,CAYS19RAVB10,CAM+SEN RETRO PLA,TG,7-Instalación accesorio original,Toyota,Toyota,575.3
F009-6429,2026-09-09 00:00:00,2026-09-09 00:00:00,X0104001,CINTA ELECTRICA AISLANTE DE VINIL 3M TEMFLEX NEGRO,TG,7-Instalación accesorio original,Toyota,Otras marcas,8.85
F009-6429,2026-09-09 00:00:00,2026-09-09 00:00:00,X0307004,MANGUERA CORRUGADA 1/4,TG,7-Instalación accesorio original,Toyota,Otras marcas,9.9
F009-6429,2026-09-09 00:00:00,2026-09-09 00:00:00,CAYS19RAVB10,CAM+SEN RETRO PLA,TG,7-Instalación accesorio original,Toyota,Toyota,-575.3
F009-6429,2026-09-09 00:00:00,2026-09-09 00:00:00,Y1101001,CAMARA DE RETROCESO,TG,7-Instalación accesorio original,Toyota,Otras marcas,264.0
F009-6429,2026-09-09 00:00:00,2026-09-09 00:00:00,Y1102001,SENSORES DE RETROCESO,TG,7-Instalación accesorio original,Toyota,Otras marcas,308.0
F008-14469,2026-09-09 00:00:00,,044650K391,JUEGO PASTILLA FRENO DISCO FR,MO,-,,Toyota,805.18
B008-5206,2026-09-09 00:00:00,,87139YZZ76,ELEMENTO REFINAD,MO,-,,Toyota,46.21
F008-14470,2026-09-09 00:00:00,,15601BZ030,ELEMENTO FILTRO,MO,-,Toyota,Toyota,43.13
T003-2259,2026-09-09 00:00:00,,4853660010,BUJE (AMORTIGUADO,MO,-,,Toyota,575.95
T003-2259,2026-09-09 00:00:00,,90389T0031,BUJE (RESORTE LAM,MO,-,,Toyota,629.92
T003-2259,2026-09-09 00:00:00,,90915YZZD2,FILTRO DE ACEITE,MO,-,,Toyota,224.46
T003-2259,2026-09-09 00:00:00,,233900L041,CONJUNTO ELEMENTO,MO,-,,Toyota,456.21
T003-2259,2026-09-09 00:00:00,,233900L070,CONJUNTO ELEMENTO,MO,-,,Toyota,335.91
T003-2259,2026-09-09 00:00:00,,90312T0001,SELLO ACEITE (CUBO EJE FRONTAL DER.),MO,-,,Toyota,354.85
T003-2259,2026-09-09 00:00:00,,90313T0002,SELLO ACEITE (EXT,MO,-,,Toyota,385.66
F008-14471,2026-09-09 00:00:00,,311260K080,FORRO HORQUILLA DESEMBRAGUE,MO,-,,Toyota,75.31
F008-14472,2026-09-09 00:00:00,,1117630011,ASIENTO BOQUILLA,MO,-,,Toyota,76.16
F008-14472,2026-09-09 00:00:00,,1117633010,ASIENTO BOQUILLA DE INYECCION,MO,-,,Toyota,51.58
B008-5208,2026-09-09 00:00:00,,3303760050,ANILLO AJUSTE SI,MO,-,,Toyota,501.75
F008-14475,2026-09-09 00:00:00,,2368230020,EMPAQUETADURA CUBIERTA CULATA CILINDROS,MO,-,,Toyota,99.23
B008-5209,2026-09-09 00:00:00,,9091603118,TERMOSTATO,MO,-,,Toyota,91.85
B008-5209,2026-09-09 00:00:00,,1634630010,EMPAQUETADURA TE,MO,-,,Toyota,13.54
B008-5209,2026-09-09 00:00:00,,90915YZZD2,FILTRO DE ACEITE,MO,-,,Toyota,24.29
B008-5209,2026-09-09 00:00:00,,233900L041,CONJUNTO ELEMENTO,MO,-,,Toyota,82.29
B008-5209,2026-09-09 00:00:00,,0881380100,LIMPIA INYECTOR A,MO,-,,Toyota,36.02
B008-5209,2026-09-09 00:00:00,,178010C010,SUBCONJUNTO ELEME,MO,-,,Toyota,130.43
F009-6441,2026-09-10 00:00:00,2026-09-10 00:00:00,0888050001D,ACEITE 10W30 GASOL DECILITRO TOYOTA,TG,1-Mantenimiento Periódico,Toyota,Toyota,147.28
F009-6441,2026-09-10 00:00:00,2026-09-10 00:00:00,04152YZZD5,SUNCONJUNTO DEL F,TG,1-Mantenimiento Periódico,Toyota,Toyota,55.07
F009-6441,2026-09-10 00:00:00,2026-09-10 00:00:00,9043012031,EMPAQUETADURA (TAPON DE DRENAJE DE DEPOS,TG,1-Mantenimiento Periódico,Toyota,Toyota,4.7
F009-6441,2026-09-10 00:00:00,2026-09-10 00:00:00,2330031160,FILTRO COMBUSTIB,TG,1-Mantenimiento Periódico,Toyota,Toyota,197.81
F009-6441,2026-09-10 00:00:00,2026-09-10 00:00:00,X0401001,SUPER LIMPIADOR DE PARABRISAS WURTH 32 ML,TG,1-Mantenimiento Periódico,Toyota,Otras marcas,6.22
F009-6441,2026-09-10 00:00:00,2026-09-10 00:00:00,X0401006,LIMPIADOR DE FRENOS 500 ML WURTH,TG,1-Mantenimiento Periódico,Toyota,Otras marcas,44.16
F009-6441,2026-09-10 00:00:00,2026-09-10 00:00:00,87139YZZ25,FILTRO DE AIRE,TG,1-Mantenimiento Periódico,Toyota,Toyota,89.64
F009-6441,2026-09-10 00:00:00,2026-09-10 00:00:00,0888602805,ATF WS (4L) AB1,TG,1-Mantenimiento Periódico,Toyota,Toyota,187.16
F009-6441,2026-09-10 00:00:00,2026-09-10 00:00:00,1780138051,SUBCONJUNTO ELEMENTO FILTRO AIRE,TG,1-Mantenimiento Periódico,Toyota,Toyota,161.92
T003-2260,2026-09-09 00:00:00,,X0305016,BATERIA RECOR MAX SELLADA RM55 24 L- N,MO,-,,Otras marcas,218.67
F008-14340,2026-09-01 00:00:00,,0888060015,651313 - ACEITE 15W40 GL,MO,-,,Toyota,15934.7
F008-14340,2026-09-01 00:00:00,,9031141013,SELLO ACEITE (CAJA TRANSFERENCIA),MO,-,,Toyota,75.73
F008-14340,2026-09-01 00:00:00,,1121030110,SUBCONJUNTO DE LA TAPA CULATA DE CILIND,MO,-,,Toyota,630.21
F008-14560,2026-09-14 00:00:00,,1350611011,CADENA,MO,-,,Toyota,161.54
F008-14560,2026-09-14 00:00:00,,1350711011,CADENA,MO,-,,Toyota,305.31
F008-14560,2026-09-14 00:00:00,,1354011010,CONJUNTO TENSOR C,MO,-,,Toyota,101.12
F008-14560,2026-09-14 00:00:00,,1355011010,CONJUNTO TENSOR N,MO,-,,Toyota,98.16
F008-14560,2026-09-14 00:00:00,,1355911010,DESLIZADOR TENSO,MO,-,,Toyota,92.6
F008-14560,2026-09-14 00:00:00,,1355911020,DESLIZADOR TENSO,MO,-,,Toyota,92.6
F008-14560,2026-09-14 00:00:00,,1356111011,AMORTIGUADOR NO.1,MO,-,,Toyota,72.8
F008-14560,2026-09-14 00:00:00,,1356211010,AMORTIGUADOR NO.2,MO,-,,Toyota,87.52
F008-14560,2026-09-14 00:00:00,,1356611030,GUIA CADENA DIST,MO,-,,Toyota,19.95
F009-6433,2026-09-09 00:00:00,2026-09-09 00:00:00,X0305026,BATERIA  BOSCH S4 72DH - 72 AH,TG,1-Mantenimiento Periódico,Toyota,Otras marcas,550.02
F008-14342,2026-09-01 00:00:00,,178010E030,SUBCONJUNTO ELEME,MO,-,,Toyota,582.86
F008-14342,2026-09-01 00:00:00,,178010C010,SUBCONJUNTO ELEME,MO,-,,Toyota,237.14
F008-14342,2026-09-01 00:00:00,,233900L070,CONJUNTO ELEMENTO,MO,-,,Toyota,1077.54
F008-14342,2026-09-01 00:00:00,,233900L041,CONJUNTO ELEMENTO,MO,-,,Toyota,1140.52
F008-14342,2026-09-01 00:00:00,,90915YZZD2,FILTRO DE ACEITE,MO,-,,Toyota,224.46
F008-14342,2026-09-01 00:00:00,,0888050002,650580 CLINDRO 15W40 DIESEL,MO,-,,Toyota,3347.61
F008-14342,2026-09-01 00:00:00,,0888060015,651313 - ACEITE 15W40 GL,MO,-,,Toyota,1136.87
F008-14342,2026-09-01 00:00:00,,0888070015,651519 ACEITE 10W30 4L,MO,-,,Toyota,375.59
F008-14342,2026-09-01 00:00:00,,0888070016,651518 ACEITE 10W30 1L,MO,-,,Toyota,283.73
F008-14342,2026-09-01 00:00:00,,1356839016,CORREA DISTRIBUCI,MO,-,,Toyota,572.17
F008-14476,2026-09-09 00:00:00,,17801YZZA3,SUBCONJUNTO ELEME,MO,-,,Toyota,88.88
B008-5210,2026-09-09 00:00:00,,164010M010,SUBCONJUNTO TAPA,MO,-,,Toyota,77.93
B008-5211,2026-09-09 00:00:00,,1121030110,SUBCONJUNTO DE LA TAPA CULATA DE CILIND,MO,-,,Toyota,685.02
B008-5211,2026-09-09 00:00:00,,233900L041,CONJUNTO ELEMENTO,MO,-,,Toyota,82.29
B008-5211,2026-09-09 00:00:00,,9038914004,BUJE (RESORTE LAM,MO,-,,Toyota,305.61
B008-5211,2026-09-09 00:00:00,,90385T0014,BUJE (SUPERIOR GE,MO,-,,Toyota,41.75
B008-5211,2026-09-09 00:00:00,,90385T0010,BUJE (INFERIOR DE,MO,-,,Toyota,54.26
F008-14477,2026-09-09 00:00:00,,15601BZ030,ELEMENTO FILTRO,MO,-,,Toyota,40.68
F008-14477,2026-09-09 00:00:00,,90310T0008,SELLO ACEITE (EJ,MO,-,,Toyota,35.2
F009-6472,2026-09-12 00:00:00,2026-09-12 00:00:00,0888050002D,ACEITE 15W40 DIESEL DECILITRO TOYOTA,TG,1-Mantenimiento Periódico,Toyota,Toyota,164.11
F009-6472,2026-09-12 00:00:00,2026-09-12 00:00:00,90915YZZD2,FILTRO DE ACEITE,TG,1-Mantenimiento Periódico,Toyota,Toyota,29.51
F009-6472,2026-09-12 00:00:00,2026-09-12 00:00:00,9043012031,EMPAQUETADURA (TAPON DE DRENAJE DE DEPOS,TG,1-Mantenimiento Periódico,Toyota,Toyota,4.7
F009-6472,2026-09-12 00:00:00,2026-09-12 00:00:00,X0401001,SUPER LIMPIADOR DE PARABRISAS WURTH 32 ML,TG,1-Mantenimiento Periódico,Toyota,Otras marcas,6.22
F009-6472,2026-09-12 00:00:00,2026-09-12 00:00:00,X0401006,LIMPIADOR DE FRENOS 500 ML WURTH,TG,1-Mantenimiento Periódico,Toyota,Otras marcas,22.08
F008-14478,2026-09-09 00:00:00,,08880H0017,650094 ACEITE HINO BALDE 15W40,MO,-,,Hino,365.27
F008-14478,2026-09-09 00:00:00,,23304EV550,JGO. DE ELEMENTO,MO,-,,Hino,182.51
F008-14478,2026-09-09 00:00:00,,15613E0110,ELEMENTO FILTRO D,MO,-,,Hino,83.77
F008-14478,2026-09-09 00:00:00,,23304EV470,JGO. DE ELEMENTO,MO,-,,Hino,153.35
F008-14509,2026-09-10 00:00:00,,0888030015,651528 ACEITE 5W30 4L,MO,-,,Toyota,498.92
F008-14509,2026-09-10 00:00:00,,X0305016,BATERIA RECOR MAX SELLADA RM55 24 L- N,MO,-,,Otras marcas,216.12
F008-14509,2026-09-10 00:00:00,,X0305046,BATERIA RECORD MAX INVERTIDA RM-65D23R-N ,MO,-,,Otras marcas,265.29
F009-6435,2026-09-09 00:00:00,2026-09-09 00:00:00,X0303020,FOCO T20 12V 21/5W AMBAR -LAGRIMON,TG,2-Mant. Correctivos y Trabajos Generales,Toyota,Otras marcas,33.04
T003-2261,2026-09-09 00:00:00,,X0305011,BATERIA RECORD RF 95 PI,MO,-,,Otras marcas,334.76
T003-2261,2026-09-09 00:00:00,,178010C010,SUBCONJUNTO ELEME,MO,-,,Toyota,243.07
F008-14479,2026-09-09 00:00:00,,17801E0210,ELEMENTO AIRE,MO,-,,Hino,175.63
F008-14479,2026-09-09 00:00:00,,17801E0220,ELEMENTO AIRE,MO,-,,Hino,193.46
T003-2262,2026-09-09 00:00:00,,0888030015,651528 ACEITE 5W30 4L,MO,-,,Toyota,498.92
T003-2262,2026-09-09 00:00:00,,X0305016,BATERIA RECOR MAX SELLADA RM55 24 L- N,MO,-,,Otras marcas,216.12
T003-2262,2026-09-09 00:00:00,,X0305046,BATERIA RECORD MAX INVERTIDA RM-65D23R-N ,MO,-,,Otras marcas,265.29
T003-2263,2026-09-09 00:00:00,,0888060015,651313 - ACEITE 15W40 GL,MO,-,,Toyota,1202.45
T003-2263,2026-09-09 00:00:00,,0888070015,651519 ACEITE 10W30 4L,MO,-,,Toyota,794.51
T003-2263,2026-09-09 00:00:00,,0888080015,651531 ACEITE 20W50 4L,MO,-,,Toyota,355.76
T003-2264,2026-09-09 00:00:00,,233900L070,CONJUNTO ELEMENTO,MO,-,,Toyota,2832.15
T003-2264,2026-09-09 00:00:00,,90915YZZD2,FILTRO DE ACEITE,MO,-,,Toyota,885.2
T003-2264,2026-09-09 00:00:00,,233900L041,CONJUNTO ELEMENTO,MO,-,,Toyota,1998.47
T003-2264,2026-09-09 00:00:00,,90915YZZM3,SUNCONJUNTO DEL F,MO,-,,Toyota,619.02
F008-14481,2026-09-09 00:00:00,,1356839016,CORREA DISTRIBUCI,MO,-,,Toyota,125.99
F008-14481,2026-09-09 00:00:00,,1354067020,CONJUNTO TENSOR C,MO,-,,Toyota,128.59
F008-14481,2026-09-09 00:00:00,,1350567042,SUBCONJUNTO ENGRANAJE INTERMEDIO NO.1 C,MO,-,,Toyota,216.52
B009-5922,2026-09-10 00:00:00,2026-09-10 00:00:00,0888050005D,651529 ACEITE 5W-30 GASO SEMI DECILITRO,TG,1T-Mantenimiento Toyota Value,Toyota,Toyota,115.2
B009-5922,2026-09-10 00:00:00,2026-09-10 00:00:00,90915YZZM3,SUNCONJUNTO DEL F,TG,1T-Mantenimiento Toyota Value,Toyota,Toyota,30.95
B009-5922,2026-09-10 00:00:00,2026-09-10 00:00:00,9043012031,EMPAQUETADURA (TAPON DE DRENAJE DE DEPOS,TG,1T-Mantenimiento Toyota Value,Toyota,Toyota,4.7
B009-5922,2026-09-10 00:00:00,2026-09-10 00:00:00,0881380019,LIMPIA INYECTOR A,TG,1T-Mantenimiento Toyota Value,Toyota,Toyota,42.84
B009-5922,2026-09-10 00:00:00,2026-09-10 00:00:00,X0401001,SUPER LIMPIADOR DE PARABRISAS WURTH 32 ML,TG,1T-Mantenimiento Toyota Value,Toyota,Otras marcas,4.98
B009-5922,2026-09-10 00:00:00,2026-09-10 00:00:00,X0401006,LIMPIADOR DE FRENOS 500 ML WURTH,TG,1T-Mantenimiento Toyota Value,Toyota,Otras marcas,17.66
B009-5921,2026-09-10 00:00:00,2026-09-10 00:00:00,0888050005D,651529 ACEITE 5W-30 GASO SEMI DECILITRO,TG,1T-Mantenimiento Toyota Value,Toyota,Toyota,92.16
B009-5921,2026-09-10 00:00:00,2026-09-10 00:00:00,15601BZ030,ELEMENTO FILTRO,TG,1T-Mantenimiento Toyota Value,Toyota,Toyota,50.98
B009-5921,2026-09-10 00:00:00,2026-09-10 00:00:00,9043012031,EMPAQUETADURA (TAPON DE DRENAJE DE DEPOS,TG,1T-Mantenimiento Toyota Value,Toyota,Toyota,4.7
B009-5921,2026-09-10 00:00:00,2026-09-10 00:00:00,X0401001,SUPER LIMPIADOR DE PARABRISAS WURTH 32 ML,TG,1T-Mantenimiento Toyota Value,Toyota,Otras marcas,4.98
B009-5921,2026-09-10 00:00:00,2026-09-10 00:00:00,X0401006,LIMPIADOR DE FRENOS 500 ML WURTH,TG,1T-Mantenimiento Toyota Value,Toyota,Otras marcas,22.08
F008-14482,2026-09-09 00:00:00,,42181KK010,EMPAQUETADURA PORTADIFERENCIAL POSTERIO,MO,-,,Toyota,38.89
F008-14482,2026-09-09 00:00:00,,0881603001,OIL SILICON AA1,MO,-,,Toyota,116.61
F009-6443,2026-09-10 00:00:00,2026-09-10 00:00:00,0888050002D,ACEITE 15W40 DIESEL DECILITRO TOYOTA,TG,1T-Mantenimiento Toyota Value,Toyota,Toyota,164.11
F009-6443,2026-09-10 00:00:00,2026-09-10 00:00:00,90915YZZD2,FILTRO DE ACEITE,TG,1T-Mantenimiento Toyota Value,Toyota,Toyota,29.51
F009-6443,2026-09-10 00:00:00,2026-09-10 00:00:00,9043012031,EMPAQUETADURA (TAPON DE DRENAJE DE DEPOS,TG,1T-Mantenimiento Toyota Value,Toyota,Toyota,4.7
F009-6443,2026-09-10 00:00:00,2026-09-10 00:00:00,X0401001,SUPER LIMPIADOR DE PARABRISAS WURTH 32 ML,TG,1T-Mantenimiento Toyota Value,Toyota,Otras marcas,4.98
F009-6443,2026-09-10 00:00:00,2026-09-10 00:00:00,X0401006,LIMPIADOR DE FRENOS 500 ML WURTH,TG,1T-Mantenimiento Toyota Value,Toyota,Otras marcas,17.66
F008-14510,2026-09-10 00:00:00,,0888030016,651527 ACEITE 5W30 1/4GL,MO,-,,Toyota,377.59
T003-2265,2026-09-09 00:00:00,,0888030016,651527 ACEITE 5W30 1/4GL,MO,-,,Toyota,377.59
B008-5213,2026-09-09 00:00:00,,312100K040,CONJUNTO CUBIERTA,MO,-,,Toyota,696.32
B008-5213,2026-09-09 00:00:00,,312500K205,CONJUNTO DISCO EMBRAGUE,MO,-,,Toyota,530.98
B008-5213,2026-09-09 00:00:00,,1111530041B0,EMPAQUETADURA CU,MO,-,,Toyota,277.63
F008-14489,2026-09-10 00:00:00,,X0305032,BATERIA BOSCH 95D31L,MO,-,,Otras marcas,419.27
B008-5214,2026-09-09 00:00:00,,0881380100,LIMPIA INYECTOR A,MO,-,,Toyota,72.03
T003-2266,2026-09-09 00:00:00,,X0305032,BATERIA BOSCH 95D31L,MO,-,,Otras marcas,419.27
F008-14484,2026-09-10 00:00:00,,044650K391,JUEGO PASTILLA FRENO DISCO FR,MO,-,,Toyota,2441.79
B008-5215,2026-09-10 00:00:00,,1356839016,CORREA DISTRIBUCI,MO,-,,Toyota,140.39
B008-5215,2026-09-10 00:00:00,,1354067020,CONJUNTO TENSOR C,MO,-,,Toyota,139.61
B008-5215,2026-09-10 00:00:00,,1350567042,SUBCONJUNTO ENGRANAJE INTERMEDIO NO.1 C,MO,-,,Toyota,235.08
F009-6442,2026-09-10 00:00:00,2026-09-10 00:00:00,233900L070,CONJUNTO ELEMENTO,TG,2-Mant. Correctivos y Trabajos Generales,Toyota,Toyota,141.61
F009-6442,2026-09-10 00:00:00,2026-09-10 00:00:00,87139YZZ75,ELEMENTO REFINAD,TG,2-Mant. Correctivos y Trabajos Generales,Toyota,Toyota,91.44
F009-6442,2026-09-10 00:00:00,2026-09-10 00:00:00,17801YZZA3,SUBCONJUNTO ELEME,TG,2-Mant. Correctivos y Trabajos Generales,Toyota,Toyota,88.95
F009-6442,2026-09-10 00:00:00,2026-09-10 00:00:00,0881380100,LIMPIA INYECTOR A,TG,2-Mant. Correctivos y Trabajos Generales,Toyota,Toyota,85.68
F009-6442,2026-09-10 00:00:00,2026-09-10 00:00:00,044650K391,JUEGO PASTILLA FRENO DISCO FR,TG,2-Mant. Correctivos y Trabajos Generales,Toyota,Toyota,492.3
F008-14485,2026-09-10 00:00:00,,233900L041,CONJUNTO ELEMENTO,MO,-,,Toyota,82.29
F008-14485,2026-09-10 00:00:00,,90915YZZD2,FILTRO DE ACEITE,MO,-,,Toyota,24.29
B008-5216,2026-09-10 00:00:00,,13568YZZ01,FAJA DE DISTRIBU,MO,-,,Toyota,156.36
F008-14486,2026-09-10 00:00:00,,1356839016,CORREA DISTRIBUCI,MO,-,,Toyota,377.97
F009-6439,2026-09-10 00:00:00,2026-09-10 00:00:00,04465BZ154,"JUEGO PASTILLA, F",TG,2-Mant. Correctivos y Trabajos Generales,Toyota,Toyota,343.16
F008-14487,2026-09-10 00:00:00,,04495BZ111,JUEGO ZAPATA FRENO POSTERIOR,MO,-,,Toyota,142.12
F008-14487,2026-09-10 00:00:00,,9004851212,BUJIA,MO,-,,Toyota,51.33
F008-14488,2026-09-10 00:00:00,,233900L041,CONJUNTO ELEMENTO,MO,-,,Toyota,82.29
F008-14488,2026-09-10 00:00:00,,90915YZZD2,FILTRO DE ACEITE,MO,-,,Toyota,24.29
F008-14490,2026-09-10 00:00:00,,0888060015,651313 - ACEITE 15W40 GL,MO,-,,Toyota,240.09
F008-14490,2026-09-10 00:00:00,,90915YZZD2,FILTRO DE ACEITE,MO,-,,Toyota,24.29
F008-14490,2026-09-10 00:00:00,,9043012031,EMPAQUETADURA (TAPON DE DRENAJE DE DEPOS,MO,-,,Toyota,4.7
F008-14490,2026-09-10 00:00:00,,0881380100,LIMPIA INYECTOR A,MO,-,,Toyota,36.02
F008-14491,2026-09-10 00:00:00,,0888581580,651273 ACEITE M/T 80W90 1L,MO,-,,Toyota,113.16
F008-14491,2026-09-10 00:00:00,,0888581590,651272 ACEITE DIF 80W90 1L,MO,-,,Toyota,198.41
F008-14491,2026-09-10 00:00:00,,0888501806,ACEITE GL - 75W 1,MO,-,,Toyota,174.11
F009-6362,2026-09-01 00:00:00,2026-09-01 00:00:00,0888083840D,ACEITE 5W-30 DIESEL CF - 208 DECILITRO,TG,1-Mantenimiento Periódico,Toyota,Toyota,218.4
F009-6362,2026-09-01 00:00:00,2026-09-01 00:00:00,90915YZZD2,FILTRO DE ACEITE,TG,1-Mantenimiento Periódico,Toyota,Toyota,29.51
F009-6362,2026-09-01 00:00:00,2026-09-01 00:00:00,9043012031,EMPAQUETADURA (TAPON DE DRENAJE DE DEPOS,TG,1-Mantenimiento Periódico,Toyota,Toyota,4.7
F009-6362,2026-09-01 00:00:00,2026-09-01 00:00:00,X0401001,SUPER LIMPIADOR DE PARABRISAS WURTH 32 ML,TG,1-Mantenimiento Periódico,Toyota,Otras marcas,6.22
LI03-2648,2026-09-11 00:00:00,2026-09-11 00:00:00,90182TNN9FIS,PROTECTOR DE TOLV,NVS,4N-OT Interna Accesorios NVS,Toyota,Toyota,720.0
F008-14492,2026-09-10 00:00:00,,1356839016,CORREA DISTRIBUCI,MO,-,,Toyota,136.79
F008-14492,2026-09-10 00:00:00,,1354067020,CONJUNTO TENSOR C,MO,-,,Toyota,139.61
F008-14492,2026-09-10 00:00:00,,9091603118,TERMOSTATO,MO,-,,Toyota,90.05
F008-14492,2026-09-10 00:00:00,,1634630010,EMPAQUETADURA TE,MO,-,,Toyota,13.54
F008-14494,2026-09-10 00:00:00,,233900L070,CONJUNTO ELEMENTO,MO,-,,Toyota,1077.54
F008-14494,2026-09-10 00:00:00,,90915YZZD2,FILTRO DE ACEITE,MO,-,,Toyota,224.46
F008-14494,2026-09-10 00:00:00,,9043012031,EMPAQUETADURA (TAPON DE DRENAJE DE DEPOS,MO,-,,Toyota,78.3
F009-6414,2026-09-07 00:00:00,2026-09-07 00:00:00,56111BZ531,VIDRIO PARABRISA,BP,5-Servicio de Carrocería y Pintura,Toyota,Toyota,1830.48
F009-6414,2026-09-07 00:00:00,2026-09-07 00:00:00,75533BZ170,MOLDURA PARABRISAS EXTERIOR,BP,5-Servicio de Carrocería y Pintura,Toyota,Toyota,232.38
F009-6414,2026-09-07 00:00:00,2026-09-07 00:00:00,56117BZ230,AMORTIGUADOR ADHE,BP,5-Servicio de Carrocería y Pintura,Toyota,Toyota,22.1
F009-6414,2026-09-07 00:00:00,2026-09-07 00:00:00,56117BZ210,AMORTIGUADOR ADH,BP,5-Servicio de Carrocería y Pintura,Toyota,Toyota,58.0
F009-6414,2026-09-07 00:00:00,2026-09-07 00:00:00,68164BZ181,CANALETA AGUA VIDRIO PUERTA TR. EXT. I,BP,5-Servicio de Carrocería y Pintura,Toyota,Toyota,190.49
B008-5217,2026-09-10 00:00:00,,1301130051,JUEGO ANILLOS DEL,MO,-,,Toyota,662.06
B008-5217,2026-09-10 00:00:00,,131013020002,SUBCONJUNTO PISTO,MO,-,,Toyota,1934.03
B008-5217,2026-09-10 00:00:00,,1101130010,JUEGO DE ARANDELA,MO,-,,Toyota,98.89
B008-5217,2026-09-10 00:00:00,,1132030070,CONJUNTO CAJA EN,MO,-,,Toyota,521.47
B008-5217,2026-09-10 00:00:00,,1112230020,BUJE GUIA VALVUL,MO,-,,Toyota,393.44
B008-5217,2026-09-10 00:00:00,,1371130030,VALVULA ADMISION,MO,-,,Toyota,424.88
B008-5217,2026-09-10 00:00:00,,1371530030,VALVULA ESCAPE,MO,-,,Toyota,565.15
B008-5217,2026-09-10 00:00:00,,0411130724,JUEGO DE EMPAQUES,MO,-,,Toyota,950.86
B008-5217,2026-09-10 00:00:00,,1111530032B0,EMPAQUETADURA CU,MO,-,,Toyota,308.48
B008-5217,2026-09-10 00:00:00,,9091603118,TERMOSTATO,MO,-,,Toyota,86.45
B008-5217,2026-09-10 00:00:00,,1560517030,VALVULA,MO,-,,Toyota,77.22
F008-14493,2026-09-10 00:00:00,,87139YZZ75,ELEMENTO REFINAD,MO,-,,Toyota,80.52
F009-6444,2026-09-10 00:00:00,2026-09-10 00:00:00,0888083840D,ACEITE 5W-30 DIESEL CF - 208 DECILITRO,TG,1-Mantenimiento Periódico,Toyota,Toyota,218.4
F009-6444,2026-09-10 00:00:00,2026-09-10 00:00:00,90915YZZD2,FILTRO DE ACEITE,TG,1-Mantenimiento Periódico,Toyota,Toyota,29.51
F009-6444,2026-09-10 00:00:00,2026-09-10 00:00:00,9043012031,EMPAQUETADURA (TAPON DE DRENAJE DE DEPOS,TG,1-Mantenimiento Periódico,Toyota,Toyota,4.7
F009-6444,2026-09-10 00:00:00,2026-09-10 00:00:00,233900L070,CONJUNTO ELEMENTO,TG,1-Mantenimiento Periódico,Toyota,Toyota,141.61
F009-6444,2026-09-10 00:00:00,2026-09-10 00:00:00,0881380100,LIMPIA INYECTOR A,TG,1-Mantenimiento Periódico,Toyota,Toyota,85.68
F009-6444,2026-09-10 00:00:00,2026-09-10 00:00:00,0047500WWF,LIMPIA PARABRISA,TG,1-Mantenimiento Periódico,Toyota,Toyota,29.67
F009-6444,2026-09-10 00:00:00,2026-09-10 00:00:00,X0401006,LIMPIADOR DE FRENOS 500 ML WURTH,TG,1-Mantenimiento Periódico,Toyota,Otras marcas,22.08
B008-5218,2026-09-10 00:00:00,,4851009K80,CONJUNTO DE AMORT,MO,-,,Toyota,623.09
F008-14495,2026-09-10 00:00:00,,9094202081,PERNO CUBO (EJE,MO,-,,Toyota,284.0
F008-14495,2026-09-10 00:00:00,,9094201109,TUERCA CUBO (EJE),MO,-,,Toyota,283.7
F008-14496,2026-09-10 00:00:00,,2586030070,CONJUNTO VALVULA CONMUTACION VACIO NO.,MO,-,,Toyota,312.81
B008-5219,2026-09-10 00:00:00,,826620K551,"CUBIERTA, BLOQUE",MO,-,,Toyota,169.58
B008-5219,2026-09-10 00:00:00,,827410K020,BLOQUE RELE COMP,MO,-,,Toyota,361.22
B008-5220,2026-09-10 00:00:00,,9004A36123,COJINETE RODILLOS,MO,-,,Toyota,107.17
B008-5220,2026-09-10 00:00:00,,9004A36124,COJINETE RODILLOS,MO,-,,Toyota,201.37
B008-5220,2026-09-10 00:00:00,,9004311316,SELLO ACEITE NO.,MO,-,,Toyota,51.63
B008-5220,2026-09-10 00:00:00,,9004311317,SELLO ACEITE EJE,MO,-,,Toyota,43.83
F008-14499,2026-09-10 00:00:00,,9031138059,SELLO DE ACEITE (,MO,-,,Toyota,51.35
F008-14499,2026-09-10 00:00:00,,4871042020,CONJUNTO BRAZO SUSPENSION POST. NO. 1,MO,-,,Toyota,684.98
F008-14497,2026-09-10 00:00:00,,1121354050,EMPAQUETADURA TA,MO,-,,Toyota,106.61
F008-14498,2026-09-10 00:00:00,,SZ91049326,JGO. DE FAJAS,MO,-,,Hino,139.53
F008-14505,2026-09-10 00:00:00,,67491BZ070,GUARNICION MENSULA BASTIDOR INF. PUERTA,MO,-,,Toyota,75.45
B008-5221,2026-09-10 00:00:00,,131013008102,SUBCONJUNTO PISTO,MO,-,,Toyota,1175.9
B008-5222,2026-09-10 00:00:00,,131013008102,SUBCONJUNTO PISTO,MO,-,,Toyota,1175.41
B008-5223,2026-09-10 00:00:00,,X0305023,BATERIA RECORD RFF65 BD,MO,-,,Otras marcas,789.6
F008-14504,2026-09-10 00:00:00,,15613E0110,ELEMENTO FILTRO D,MO,-,,Hino,460.75
F008-14504,2026-09-10 00:00:00,,15613EV015,ELEMENTO FILTRO,MO,-,,Hino,705.89
F008-14504,2026-09-10 00:00:00,,90915YZZD2,FILTRO DE ACEITE,MO,-,,Toyota,224.46
F008-14504,2026-09-10 00:00:00,,90369T0003,COJINETE (INT.CUB,MO,-,,Toyota,795.51
F008-14504,2026-09-10 00:00:00,,23304EV052,JGO. DE ELEMENTO,MO,-,,Hino,163.54
F008-14504,2026-09-10 00:00:00,,23304EV390,JGO. DE ELEMENTO,MO,-,,Hino,224.45
F008-14502,2026-09-10 00:00:00,,9004851212,BUJIA,MO,-,,Toyota,50.14
F008-14500,2026-09-10 00:00:00,,044650K600,PASTILLA DELANTER,MO,-,,Toyota,712.39
F008-14500,2026-09-10 00:00:00,,0446660140,JUEGO PASTILLA FRENO DISCO TR.,MO,-,,Toyota,333.34
F008-14501,2026-09-10 00:00:00,,9031132012,SELLO ACEITE (RETENEDOR COJINETE FRONTAL,MO,-,,Toyota,38.38
F009-6483,2026-09-14 00:00:00,2026-09-14 00:00:00,51201BZ170,SUBCONJUNTO TRAVE,BP,5-Servicio de Carrocería y Pintura,Toyota,Toyota,4699.3
F009-6483,2026-09-14 00:00:00,2026-09-14 00:00:00,9004105594,PERNO DE ACERO,BP,5-Servicio de Carrocería y Pintura,Toyota,Toyota,27.39
F009-6483,2026-09-14 00:00:00,2026-09-14 00:00:00,91673A1025,TORNILLO,BP,5-Servicio de Carrocería y Pintura,Toyota,Toyota,10.78
F009-6483,2026-09-14 00:00:00,2026-09-14 00:00:00,9004105441,PERNO (BRAZO INF.,BP,5-Servicio de Carrocería y Pintura,Toyota,Toyota,43.4
F009-6483,2026-09-14 00:00:00,2026-09-14 00:00:00,9004A10306,PERNO (BRAZO INF.,BP,5-Servicio de Carrocería y Pintura,Toyota,Toyota,36.3
F009-6483,2026-09-14 00:00:00,2026-09-14 00:00:00,12309BZ330,SUBCONJUNTO VARIL,BP,5-Servicio de Carrocería y Pintura,Toyota,Toyota,519.07
F009-6483,2026-09-14 00:00:00,2026-09-14 00:00:00,17410BZC30,CONJUNTO TUBO ESC,BP,5-Servicio de Carrocería y Pintura,Toyota,Toyota,3688.85
F009-6483,2026-09-14 00:00:00,2026-09-14 00:00:00,9090105026,PERNO O ANILLO T,BP,5-Servicio de Carrocería y Pintura,Toyota,Toyota,175.71
F009-6483,2026-09-14 00:00:00,2026-09-14 00:00:00,51405BZ180,"CUBIERTA, INFERIO",BP,5-Servicio de Carrocería y Pintura,Toyota,Toyota,1015.78
F009-6483,2026-09-14 00:00:00,2026-09-14 00:00:00,521610K040,GRAPA PARACHOQUE,BP,5-Servicio de Carrocería y Pintura,Toyota,Toyota,21.03
F009-6483,2026-09-14 00:00:00,2026-09-14 00:00:00,9046705170,RETENEDOR (RETENEDOR AMORTIGUADOR CHOQU,BP,5-Servicio de Carrocería y Pintura,Toyota,Toyota,20.67
F009-6483,2026-09-14 00:00:00,2026-09-14 00:00:00,17430BZ580,"CONJUNTO TUBO, ES",BP,5-Servicio de Carrocería y Pintura,Toyota,Toyota,1687.86
F008-14503,2026-09-10 00:00:00,,9046707215,GRAPA,MO,-,,Toyota,39.53
F008-14503,2026-09-10 00:00:00,,9015960477,TORNILLO DE ACERO,MO,-,,Toyota,15.31
F008-14503,2026-09-10 00:00:00,,9018906237,ANILLO O. DE JEBE,MO,-,,Toyota,28.57
F008-14503,2026-09-10 00:00:00,,9018906006,ANILLO PROTE.JEBECK1,MO,-,,Toyota,25.73
F008-14503,2026-09-10 00:00:00,,9015960623,PERNO,MO,-,,Toyota,4.08
F008-14503,2026-09-10 00:00:00,,538760A100,FORRO GUARDABARR,MO,-,,Toyota,540.4
F008-14503,2026-09-10 00:00:00,,538750A090,FORRO GUARDABARR,MO,-,,Toyota,528.53
F008-14503,2026-09-10 00:00:00,,9018906065,GRAPA.. BB1,MO,-,,Toyota,20.65
F008-14506,2026-09-10 00:00:00,,044950K120,JUEGO ZAPATA FREN,MO,-,,Toyota,1601.43
FC08-202,2026-09-10 00:00:00,,9004851212,BUJIA,MO,-,,Toyota,-50.14
F008-14508,2026-09-10 00:00:00,,178010E030,SUBCONJUNTO ELEME,MO,-,,Toyota,485.72
F008-14508,2026-09-10 00:00:00,,233900L070,CONJUNTO ELEMENTO,MO,-,,Toyota,1077.54
F008-14508,2026-09-10 00:00:00,,90915YZZM3,SUNCONJUNTO DEL F,MO,-,,Toyota,240.73
F008-14507,2026-09-10 00:00:00,,87139YZZ75,ELEMENTO REFINAD,MO,-,,Toyota,81.28
F008-14507,2026-09-10 00:00:00,,4504609800,SUBCONJUNTO EXTREMO DERECHO BARRA ACOPL,MO,-,,Toyota,294.78
F008-14507,2026-09-10 00:00:00,,4853660010,BUJE (AMORTIGUADO,MO,-,,Toyota,95.99
F008-14507,2026-09-10 00:00:00,,486540K080,BUJE BRAZO INFER,MO,-,,Toyota,333.7
F008-14507,2026-09-10 00:00:00,,481900K040,CONJUNTO LEVA AJU,MO,-,,Toyota,68.26
F008-14507,2026-09-10 00:00:00,,481900K050,CONJUNTO LEVA AJ,MO,-,,Toyota,69.68
F008-14507,2026-09-10 00:00:00,,9094202081,PERNO CUBO (EJE,MO,-,,Toyota,78.89
T003-2267,2026-09-10 00:00:00,,178010E030,SUBCONJUNTO ELEME,MO,-,,Toyota,485.72
T003-2267,2026-09-10 00:00:00,,233900L070,CONJUNTO ELEMENTO,MO,-,,Toyota,1077.54
T003-2267,2026-09-10 00:00:00,,90915YZZM3,SUNCONJUNTO DEL F,MO,-,,Toyota,240.73
F008-14511,2026-09-10 00:00:00,,164010M010,SUBCONJUNTO TAPA,MO,-,,Toyota,77.97
F008-14512,2026-09-10 00:00:00,,0888083839,TGMO 5W30 CF - 4L,MO,-,Toyota,Toyota,341.33
F008-14513,2026-09-10 00:00:00,,233900L041,CONJUNTO ELEMENTO,MO,-,,Toyota,82.29
F008-14513,2026-09-10 00:00:00,,90915YZZD2,FILTRO DE ACEITE,MO,-,,Toyota,24.29
F009-6457,2026-09-11 00:00:00,2026-09-11 00:00:00,0888050002D,ACEITE 15W40 DIESEL DECILITRO TOYOTA,TG,1T-Mantenimiento Toyota Value,Toyota,Toyota,164.11
F009-6457,2026-09-11 00:00:00,2026-09-11 00:00:00,90915YZZD2,FILTRO DE ACEITE,TG,1T-Mantenimiento Toyota Value,Toyota,Toyota,29.51
F009-6457,2026-09-11 00:00:00,2026-09-11 00:00:00,9043012031,EMPAQUETADURA (TAPON DE DRENAJE DE DEPOS,TG,1T-Mantenimiento Toyota Value,Toyota,Toyota,4.7
F009-6457,2026-09-11 00:00:00,2026-09-11 00:00:00,233900L070,CONJUNTO ELEMENTO,TG,1T-Mantenimiento Toyota Value,Toyota,Toyota,141.61
F009-6457,2026-09-11 00:00:00,2026-09-11 00:00:00,0881380100,LIMPIA INYECTOR A,TG,1T-Mantenimiento Toyota Value,Toyota,Toyota,85.68
F009-6457,2026-09-11 00:00:00,2026-09-11 00:00:00,0888581580,651273 ACEITE M/T 80W90 1L,TG,1T-Mantenimiento Toyota Value,Toyota,Toyota,119.69
F009-6457,2026-09-11 00:00:00,2026-09-11 00:00:00,0888581590,651272 ACEITE DIF 80W90 1L,TG,1T-Mantenimiento Toyota Value,Toyota,Toyota,125.91
F009-6457,2026-09-11 00:00:00,2026-09-11 00:00:00,9043018008,EMPAQUETADURA (TAPON RELLENADOR TRANSMIS,TG,1T-Mantenimiento Toyota Value,Toyota,Toyota,10.09
F009-6457,2026-09-11 00:00:00,2026-09-11 00:00:00,1215710010,EMPAQUETADURA (TAPON RELLENADOR ENVOLTUR,TG,1T-Mantenimiento Toyota Value,Toyota,Toyota,7.88
F009-6457,2026-09-11 00:00:00,2026-09-11 00:00:00,0882380010,LIQUIDO DE FRENO,TG,1T-Mantenimiento Toyota Value,Toyota,Toyota,54.52
F009-6457,2026-09-11 00:00:00,2026-09-11 00:00:00,X0405017,ACEITE ATF CASTROL TRANSMAX DEX/MERC X 1LT,TG,1T-Mantenimiento Toyota Value,Toyota,Otras marcas,65.09
F009-6457,2026-09-11 00:00:00,2026-09-11 00:00:00,X0401001,SUPER LIMPIADOR DE PARABRISAS WURTH 32 ML,TG,1T-Mantenimiento Toyota Value,Toyota,Otras marcas,4.98
F009-6457,2026-09-11 00:00:00,2026-09-11 00:00:00,X0401006,LIMPIADOR DE FRENOS 500 ML WURTH,TG,1T-Mantenimiento Toyota Value,Toyota,Otras marcas,17.66
F009-6460,2026-09-11 00:00:00,2026-09-11 00:00:00,0888050002D,ACEITE 15W40 DIESEL DECILITRO TOYOTA,TG,1T-Mantenimiento Toyota Value,Toyota,Toyota,164.11
F009-6460,2026-09-11 00:00:00,2026-09-11 00:00:00,90915YZZD2,FILTRO DE ACEITE,TG,1T-Mantenimiento Toyota Value,Toyota,Toyota,29.51
F009-6460,2026-09-11 00:00:00,2026-09-11 00:00:00,9043012031,EMPAQUETADURA (TAPON DE DRENAJE DE DEPOS,TG,1T-Mantenimiento Toyota Value,Toyota,Toyota,4.7
F009-6460,2026-09-11 00:00:00,2026-09-11 00:00:00,X0401001,SUPER LIMPIADOR DE PARABRISAS WURTH 32 ML,TG,1T-Mantenimiento Toyota Value,Toyota,Otras marcas,4.98
F009-6460,2026-09-11 00:00:00,2026-09-11 00:00:00,X0401006,LIMPIADOR DE FRENOS 500 ML WURTH,TG,1T-Mantenimiento Toyota Value,Toyota,Otras marcas,17.66
F009-6450,2026-09-11 00:00:00,2026-09-11 00:00:00,0888050005D,651529 ACEITE 5W-30 GASO SEMI DECILITRO,TG,1-Mantenimiento Periódico,Toyota,Toyota,166.4
F009-6450,2026-09-11 00:00:00,2026-09-11 00:00:00,90915YZZD2,FILTRO DE ACEITE,TG,1-Mantenimiento Periódico,Toyota,Toyota,29.51
F009-6450,2026-09-11 00:00:00,2026-09-11 00:00:00,9043012031,EMPAQUETADURA (TAPON DE DRENAJE DE DEPOS,TG,1-Mantenimiento Periódico,Toyota,Toyota,4.7
F009-6450,2026-09-11 00:00:00,2026-09-11 00:00:00,2330075140,FILTRO COMBUSTIBL,TG,1-Mantenimiento Periódico,Toyota,Toyota,205.81
F009-6450,2026-09-11 00:00:00,2026-09-11 00:00:00,0881380019,LIMPIA INYECTOR A,TG,1-Mantenimiento Periódico,Toyota,Toyota,42.84
F009-6450,2026-09-11 00:00:00,2026-09-11 00:00:00,0047500WWF,LIMPIA PARABRISA,TG,1-Mantenimiento Periódico,Toyota,Toyota,29.67
F009-6450,2026-09-11 00:00:00,2026-09-11 00:00:00,X0401006,LIMPIADOR DE FRENOS 500 ML WURTH,TG,1-Mantenimiento Periódico,Toyota,Otras marcas,22.08
B009-5930,2026-09-11 00:00:00,2026-09-11 00:00:00,0888050005D,651529 ACEITE 5W-30 GASO SEMI DECILITRO,TG,1-Mantenimiento Periódico,Toyota,Toyota,115.2
B009-5930,2026-09-11 00:00:00,2026-09-11 00:00:00,90915YZZM3,SUNCONJUNTO DEL F,TG,1-Mantenimiento Periódico,Toyota,Toyota,30.95
B009-5930,2026-09-11 00:00:00,2026-09-11 00:00:00,9043012031,EMPAQUETADURA (TAPON DE DRENAJE DE DEPOS,TG,1-Mantenimiento Periódico,Toyota,Toyota,4.7
B009-5930,2026-09-11 00:00:00,2026-09-11 00:00:00,0047500WWF,LIMPIA PARABRISA,TG,1-Mantenimiento Periódico,Toyota,Toyota,29.67
B009-5930,2026-09-11 00:00:00,2026-09-11 00:00:00,X0401006,LIMPIADOR DE FRENOS 500 ML WURTH,TG,1-Mantenimiento Periódico,Toyota,Otras marcas,22.08
B009-5930,2026-09-11 00:00:00,2026-09-11 00:00:00,87139YZZ75,ELEMENTO REFINAD,TG,1-Mantenimiento Periódico,Toyota,Toyota,81.28
B009-5930,2026-09-11 00:00:00,2026-09-11 00:00:00,1780125020,SUBCONJUNTO ELEMENTO FILTRO AIRE,TG,1-Mantenimiento Periódico,Toyota,Toyota,115.89
B009-5930,2026-09-11 00:00:00,2026-09-11 00:00:00,X0305031,BATERIA BOSH S4 70D-25-B,TG,1-Mantenimiento Periódico,Toyota,Otras marcas,432.9
B009-5930,2026-09-11 00:00:00,2026-09-11 00:00:00,X0305031,BATERIA BOSH S4 70D-25-B,TG,1-Mantenimiento Periódico,Toyota,Otras marcas,-432.9
B009-5930,2026-09-11 00:00:00,2026-09-11 00:00:00,X0305029,BATERIA BOSCH S5 62DH,TG,1-Mantenimiento Periódico,Toyota,Otras marcas,469.07
F009-6453,2026-09-11 00:00:00,2026-09-11 00:00:00,0888083840D,ACEITE 5W-30 DIESEL CF - 208 DECILITRO,TG,1T-Mantenimiento Toyota Value,Toyota,Toyota,218.4
F009-6453,2026-09-11 00:00:00,2026-09-11 00:00:00,90915YZZD2,FILTRO DE ACEITE,TG,1T-Mantenimiento Toyota Value,Toyota,Toyota,29.51
F009-6453,2026-09-11 00:00:00,2026-09-11 00:00:00,9043012031,EMPAQUETADURA (TAPON DE DRENAJE DE DEPOS,TG,1T-Mantenimiento Toyota Value,Toyota,Toyota,4.7
F009-6453,2026-09-11 00:00:00,2026-09-11 00:00:00,233900L070,CONJUNTO ELEMENTO,TG,1T-Mantenimiento Toyota Value,Toyota,Toyota,141.61
F009-6453,2026-09-11 00:00:00,2026-09-11 00:00:00,0881380100,LIMPIA INYECTOR A,TG,1T-Mantenimiento Toyota Value,Toyota,Toyota,85.68
F009-6453,2026-09-11 00:00:00,2026-09-11 00:00:00,X0401001,SUPER LIMPIADOR DE PARABRISAS WURTH 32 ML,TG,1T-Mantenimiento Toyota Value,Toyota,Otras marcas,4.98
F009-6453,2026-09-11 00:00:00,2026-09-11 00:00:00,X0401006,LIMPIADOR DE FRENOS 500 ML WURTH,TG,1T-Mantenimiento Toyota Value,Toyota,Otras marcas,17.66
F009-6456,2026-09-11 00:00:00,2026-09-11 00:00:00,0888050005D,651529 ACEITE 5W-30 GASO SEMI DECILITRO,TG,1T-Mantenimiento Toyota Value,Toyota,Toyota,99.84
F009-6456,2026-09-11 00:00:00,2026-09-11 00:00:00,15601BZ030,ELEMENTO FILTRO,TG,1T-Mantenimiento Toyota Value,Toyota,Toyota,50.98
F009-6456,2026-09-11 00:00:00,2026-09-11 00:00:00,9043012031,EMPAQUETADURA (TAPON DE DRENAJE DE DEPOS,TG,1T-Mantenimiento Toyota Value,Toyota,Toyota,4.7
F009-6456,2026-09-11 00:00:00,2026-09-11 00:00:00,X0401001,SUPER LIMPIADOR DE PARABRISAS WURTH 32 ML,TG,1T-Mantenimiento Toyota Value,Toyota,Otras marcas,4.98
F009-6456,2026-09-11 00:00:00,2026-09-11 00:00:00,X0401006,LIMPIADOR DE FRENOS 500 ML WURTH,TG,1T-Mantenimiento Toyota Value,Toyota,Otras marcas,17.66
F009-6454,2026-09-11 00:00:00,2026-09-11 00:00:00,0888083840D,ACEITE 5W-30 DIESEL CF - 208 DECILITRO,TG,1T-Mantenimiento Toyota Value,Toyota,Toyota,218.4
F009-6454,2026-09-11 00:00:00,2026-09-11 00:00:00,90915YZZD2,FILTRO DE ACEITE,TG,1T-Mantenimiento Toyota Value,Toyota,Toyota,29.51
F009-6454,2026-09-11 00:00:00,2026-09-11 00:00:00,9043012031,EMPAQUETADURA (TAPON DE DRENAJE DE DEPOS,TG,1T-Mantenimiento Toyota Value,Toyota,Toyota,4.7
F009-6454,2026-09-11 00:00:00,2026-09-11 00:00:00,X0401001,SUPER LIMPIADOR DE PARABRISAS WURTH 32 ML,TG,1T-Mantenimiento Toyota Value,Toyota,Otras marcas,4.98
F009-6454,2026-09-11 00:00:00,2026-09-11 00:00:00,X0401006,LIMPIADOR DE FRENOS 500 ML WURTH,TG,1T-Mantenimiento Toyota Value,Toyota,Otras marcas,17.66
F009-6451,2026-09-11 00:00:00,2026-09-11 00:00:00,0888083839,TGMO 5W30 CF - 4L,TG,1-Mantenimiento Periódico,Toyota,Toyota,209.15
F009-6451,2026-09-11 00:00:00,2026-09-11 00:00:00,90915YZZD2,FILTRO DE ACEITE,TG,1-Mantenimiento Periódico,Toyota,Toyota,23.33
F009-6451,2026-09-11 00:00:00,2026-09-11 00:00:00,9043012031,EMPAQUETADURA (TAPON DE DRENAJE DE DEPOS,TG,1-Mantenimiento Periódico,Toyota,Toyota,3.92
F009-6451,2026-09-11 00:00:00,2026-09-11 00:00:00,0047500WWF,LIMPIA PARABRISA,TG,1-Mantenimiento Periódico,Toyota,Toyota,29.67
F009-6451,2026-09-11 00:00:00,2026-09-11 00:00:00,X0401006,LIMPIADOR DE FRENOS 500 ML WURTH,TG,1-Mantenimiento Periódico,Toyota,Otras marcas,15.46
F009-6451,2026-09-11 00:00:00,2026-09-11 00:00:00,0047500WWF,LIMPIA PARABRISA,TG,1-Mantenimiento Periódico,Toyota,Toyota,-29.67
F009-6451,2026-09-11 00:00:00,2026-09-11 00:00:00,X0401001,SUPER LIMPIADOR DE PARABRISAS WURTH 32 ML,TG,1-Mantenimiento Periódico,Toyota,Otras marcas,4.35
F009-6461,2026-09-11 00:00:00,2026-09-11 00:00:00,0888050002D,ACEITE 15W40 DIESEL DECILITRO TOYOTA,TG,1-Mantenimiento Periódico,Toyota,Toyota,164.11
F009-6461,2026-09-11 00:00:00,2026-09-11 00:00:00,90915YZZD2,FILTRO DE ACEITE,TG,1-Mantenimiento Periódico,Toyota,Toyota,29.51
F009-6461,2026-09-11 00:00:00,2026-09-11 00:00:00,9043012031,EMPAQUETADURA (TAPON DE DRENAJE DE DEPOS,TG,1-Mantenimiento Periódico,Toyota,Toyota,4.7
F009-6461,2026-09-11 00:00:00,2026-09-11 00:00:00,233900L070,CONJUNTO ELEMENTO,TG,1-Mantenimiento Periódico,Toyota,Toyota,141.61
F009-6461,2026-09-11 00:00:00,2026-09-11 00:00:00,0881380100,LIMPIA INYECTOR A,TG,1-Mantenimiento Periódico,Toyota,Toyota,85.68
F009-6461,2026-09-11 00:00:00,2026-09-11 00:00:00,X0401001,SUPER LIMPIADOR DE PARABRISAS WURTH 32 ML,TG,1-Mantenimiento Periódico,Toyota,Otras marcas,6.22
F009-6461,2026-09-11 00:00:00,2026-09-11 00:00:00,X0401006,LIMPIADOR DE FRENOS 500 ML WURTH,TG,1-Mantenimiento Periódico,Toyota,Otras marcas,22.08
B009-5933,2026-09-11 00:00:00,2026-09-11 00:00:00,0888050005D,651529 ACEITE 5W-30 GASO SEMI DECILITRO,TG,1-Mantenimiento Periódico,Toyota,Toyota,99.84
B009-5933,2026-09-11 00:00:00,2026-09-11 00:00:00,15601BZ030,ELEMENTO FILTRO,TG,1-Mantenimiento Periódico,Toyota,Toyota,50.98
B009-5933,2026-09-11 00:00:00,2026-09-11 00:00:00,9043012031,EMPAQUETADURA (TAPON DE DRENAJE DE DEPOS,TG,1-Mantenimiento Periódico,Toyota,Toyota,4.7
B009-5933,2026-09-11 00:00:00,2026-09-11 00:00:00,0047500WWF,LIMPIA PARABRISA,TG,1-Mantenimiento Periódico,Toyota,Toyota,29.67
F008-14514,2026-09-10 00:00:00,,044780K110,JUEGO CILINDRO FR,MO,-,,Toyota,261.71
B008-5224,2026-09-10 00:00:00,,04495BZ200,JUEGO ZAPATA FREN,MO,-,,Toyota,211.9
F008-14519,2026-09-11 00:00:00,,9031132019,SELLO DE ACEITE (,MO,-,,Toyota,291.54
F008-14519,2026-09-11 00:00:00,,1350567042,SUBCONJUNTO ENGRANAJE INTERMEDIO NO.1 C,MO,-,,Toyota,426.85
F008-14519,2026-09-11 00:00:00,,1354067020,CONJUNTO TENSOR C,MO,-,,Toyota,126.75
F008-14519,2026-09-11 00:00:00,,90389T0031,BUJE (RESORTE LAM,MO,-,,Toyota,104.99
F008-14519,2026-09-11 00:00:00,,1121330040,EMPAQUETADURA TA,MO,-,,Toyota,253.72
F008-14519,2026-09-11 00:00:00,,9031141009,SELLO ACEITE (PORTADIFERENCIAL POSTERIOR,MO,-,,Toyota,586.68
F008-14519,2026-09-11 00:00:00,,90385T0017,BUJE (INFERIOR DE,MO,-,,Toyota,349.8
F008-14519,2026-09-11 00:00:00,,90385T0014,BUJE (SUPERIOR GE,MO,-,,Toyota,447.3
F008-14519,2026-09-11 00:00:00,,044950K120,JUEGO ZAPATA FREN,MO,-,,Toyota,657.43
F008-14515,2026-09-11 00:00:00,,1356839016,CORREA DISTRIBUCI,MO,-,,Toyota,742.98
F008-14516,2026-09-11 00:00:00,,90915YZZD2,FILTRO DE ACEITE,MO,-,,Toyota,224.46
F008-14516,2026-09-11 00:00:00,,233900L070,CONJUNTO ELEMENTO,MO,-,,Toyota,754.27
F008-14516,2026-09-11 00:00:00,,233000L042,CONJUNTO FILTRO C,MO,-,,Toyota,280.66
F008-14516,2026-09-11 00:00:00,,233000L112,CONJUNTO FILTRO C,MO,-,,Toyota,403.13
F008-14516,2026-09-11 00:00:00,,4134239610,EJE PINON DIFERENCIAL POSTERIOR,MO,-,,Toyota,375.84
B009-5928,2026-09-11 00:00:00,2026-09-11 00:00:00,0888050005D,651529 ACEITE 5W-30 GASO SEMI DECILITRO,TG,1T-Mantenimiento Toyota Value,Toyota,Toyota,92.16
B009-5928,2026-09-11 00:00:00,2026-09-11 00:00:00,15601BZ030,ELEMENTO FILTRO,TG,1T-Mantenimiento Toyota Value,Toyota,Toyota,50.98
B009-5928,2026-09-11 00:00:00,2026-09-11 00:00:00,9043012031,EMPAQUETADURA (TAPON DE DRENAJE DE DEPOS,TG,1T-Mantenimiento Toyota Value,Toyota,Toyota,4.7
B009-5928,2026-09-11 00:00:00,2026-09-11 00:00:00,0881380019,LIMPIA INYECTOR A,TG,1T-Mantenimiento Toyota Value,Toyota,Toyota,42.84
B009-5928,2026-09-11 00:00:00,2026-09-11 00:00:00,X0401001,SUPER LIMPIADOR DE PARABRISAS WURTH 32 ML,TG,1T-Mantenimiento Toyota Value,Toyota,Otras marcas,4.98
B009-5928,2026-09-11 00:00:00,2026-09-11 00:00:00,X0401006,LIMPIADOR DE FRENOS 500 ML WURTH,TG,1T-Mantenimiento Toyota Value,Toyota,Otras marcas,17.66
B009-5929,2026-09-11 00:00:00,2026-09-11 00:00:00,PC1620K003,JGO. DEFLECTORES,TG,7-Instalación accesorio original,Toyota,Toyota,508.48
F008-14517,2026-09-11 00:00:00,,0881603001,OIL SILICON AA1,MO,-,,Toyota,123.23
F008-14520,2026-09-11 00:00:00,,90385T0017,BUJE (INFERIOR DE,MO,-,,Toyota,27.98
F008-14578,2026-09-15 00:00:00,,90915YZZD2,FILTRO DE ACEITE,MO,-,,Toyota,224.46
F008-14578,2026-09-15 00:00:00,,233900L070,CONJUNTO ELEMENTO,MO,-,,Toyota,1077.54
F008-14578,2026-09-15 00:00:00,,15601BZ030,ELEMENTO FILTRO,MO,-,,Toyota,232.74
F008-14578,2026-09-15 00:00:00,,87139YZZ75,ELEMENTO REFINAD,MO,-,,Toyota,213.36
F009-6466,2026-09-11 00:00:00,2026-09-11 00:00:00,0888050002D,ACEITE 15W40 DIESEL DECILITRO TOYOTA,TG,1-Mantenimiento Periódico,Toyota,Toyota,164.11
F009-6466,2026-09-11 00:00:00,2026-09-11 00:00:00,90915YZZD2,FILTRO DE ACEITE,TG,1-Mantenimiento Periódico,Toyota,Toyota,29.51
F009-6466,2026-09-11 00:00:00,2026-09-11 00:00:00,9043012031,EMPAQUETADURA (TAPON DE DRENAJE DE DEPOS,TG,1-Mantenimiento Periódico,Toyota,Toyota,4.7
F009-6466,2026-09-11 00:00:00,2026-09-11 00:00:00,0047500WWF,LIMPIA PARABRISA,TG,1-Mantenimiento Periódico,Toyota,Toyota,39.91
F009-6466,2026-09-11 00:00:00,2026-09-11 00:00:00,X0401006,LIMPIADOR DE FRENOS 500 ML WURTH,TG,1-Mantenimiento Periódico,Toyota,Otras marcas,22.08
B008-5225,2026-09-11 00:00:00,,1111530032C0,EMPAQUETADURA CU,MO,-,,Toyota,324.72
B008-5225,2026-09-11 00:00:00,,9091603118,TERMOSTATO,MO,-,,Toyota,90.05
F008-14537,2026-09-12 00:00:00,,233900L070,CONJUNTO ELEMENTO,MO,-,,Toyota,1077.54
F009-6458,2026-09-11 00:00:00,2026-09-11 00:00:00,0888581590,651272 ACEITE DIF 80W90 1L,TG,2-Mant. Correctivos y Trabajos Generales,Hino,Toyota,207.0
F009-6458,2026-09-11 00:00:00,2026-09-11 00:00:00,0888581580,651273 ACEITE M/T 80W90 1L,TG,2-Mant. Correctivos y Trabajos Generales,Hino,Toyota,229.57
F009-6458,2026-09-11 00:00:00,2026-09-11 00:00:00,9043018008,EMPAQUETADURA (TAPON RELLENADOR TRANSMIS,TG,2-Mant. Correctivos y Trabajos Generales,Hino,Toyota,9.25
F009-6458,2026-09-11 00:00:00,2026-09-11 00:00:00,1215710010,EMPAQUETADURA (TAPON RELLENADOR ENVOLTUR,TG,2-Mant. Correctivos y Trabajos Generales,Hino,Toyota,7.23
F009-6458,2026-09-11 00:00:00,2026-09-11 00:00:00,S178013360,ELEMENTO FILTRO,TG,2-Mant. Correctivos y Trabajos Generales,Hino,Hino,199.97
F009-6458,2026-09-11 00:00:00,2026-09-11 00:00:00,S178013371,ELEMENTO FILTRO,TG,2-Mant. Correctivos y Trabajos Generales,Hino,Hino,78.72
F009-6458,2026-09-11 00:00:00,2026-09-11 00:00:00,X0405017,ACEITE ATF CASTROL TRANSMAX DEX/MERC X 1LT,TG,2-Mant. Correctivos y Trabajos Generales,Hino,Otras marcas,81.36
F009-6458,2026-09-11 00:00:00,2026-09-11 00:00:00,HLLCP001,REFRIGERANTE AZU,TG,2-Mant. Correctivos y Trabajos Generales,Hino,Hino,298.44
F009-6458,2026-09-11 00:00:00,2026-09-11 00:00:00,HLLCP001,REFRIGERANTE AZU,TG,2-Mant. Correctivos y Trabajos Generales,Hino,Hino,99.48
F009-6458,2026-09-11 00:00:00,2026-09-11 00:00:00,HLLCP001,REFRIGERANTE AZU,TG,2-Mant. Correctivos y Trabajos Generales,Hino,Hino,99.48
F008-14521,2026-09-11 00:00:00,,1121347020,EMPAQUETADURA TA,MO,-,,Toyota,178.05
F009-6463,2026-09-11 00:00:00,2026-09-11 00:00:00,044650K391,JUEGO PASTILLA FRENO DISCO FR,TG,2-Mant. Correctivos y Trabajos Generales,Toyota,Toyota,492.3
F008-14522,2026-09-11 00:00:00,,4854139316,CONJUNTO AMOTIGUA,MO,-,,Toyota,614.4
F008-14522,2026-09-11 00:00:00,,9017912074,TUERCA DE ACERO JL1,MO,-,,Toyota,63.67
F008-14522,2026-09-11 00:00:00,,9017914068,TUERCA (EJE BRAZO INFERIOR SUSPENSION),MO,-,,Toyota,14.9
F008-14522,2026-09-11 00:00:00,,9017722003,TUERCA (PINON IMP,MO,-,,Toyota,60.31
F008-14522,2026-09-11 00:00:00,,90119T0242,PERNO.,MO,-,,Toyota,85.79
F008-14522,2026-09-11 00:00:00,,9017811001,TUERCA AJUSTE EJ,MO,-,,Toyota,120.54
F008-14522,2026-09-11 00:00:00,,1647528140,SUBCONJUNTO TAPA TANQUE RESERVA,MO,-,,Toyota,378.14
F008-14522,2026-09-11 00:00:00,,4830635110,SUBCONJUNTO AMORT,MO,-,,Toyota,142.34
F008-14522,2026-09-11 00:00:00,,1512154020,ENGRANAJE IMPULSOR BOMBA ACEITE,MO,-,,Toyota,197.1
F008-14522,2026-09-11 00:00:00,,9091603118,TERMOSTATO,MO,-,,Toyota,246.92
F008-14522,2026-09-11 00:00:00,,90208T0001,ARANDELA (SEMIEJE,MO,-,,Toyota,558.6
F008-14522,2026-09-11 00:00:00,,1121330040,EMPAQUETADURA TA,MO,-,,Toyota,124.16
F008-14522,2026-09-11 00:00:00,,1512254020,ENGRANAJE IMPULSADO BOMBA ACEITE,MO,-,,Toyota,178.44
B008-5226,2026-09-11 00:00:00,,755520K011,MOLDURA ACABADO LATERAL DESAGUE TECHO,MO,-,,Toyota,423.54
B008-5227,2026-09-11 00:00:00,,1220497401,SUBCONJUNTO VALVULAS VENTILACION,MO,-,,Toyota,45.14
F008-14523,2026-09-11 00:00:00,,SZ38225001,BOCIN,MO,-,,Hino,335.74
F009-6459,2026-09-11 00:00:00,2026-09-11 00:00:00,87139YZZ75,ELEMENTO REFINAD,TG,2-Mant. Correctivos y Trabajos Generales,Toyota,Toyota,81.28
F008-14524,2026-09-11 00:00:00,,312500K222,CONJUNTO DISCO EMBRAGUE,MO,-,,Toyota,582.23
F008-14524,2026-09-11 00:00:00,,312100K190,CONJUNTO CUBIERTA EMBRAGUE,MO,-,,Toyota,794.51
F008-14524,2026-09-11 00:00:00,,3123071011,CONJUNTO COJINETE,MO,-,,Toyota,292.75
B008-5239,2026-09-14 00:00:00,,044650K391,JUEGO PASTILLA FRENO DISCO FR,MO,-,,Toyota,2389.93
B008-5239,2026-09-14 00:00:00,,044950K120,JUEGO ZAPATA FREN,MO,-,,Toyota,1855.98
B008-5239,2026-09-14 00:00:00,,90915YZZD2,FILTRO DE ACEITE,MO,-,,Toyota,224.46
B008-5239,2026-09-14 00:00:00,,87139YZZ75,ELEMENTO REFINAD,MO,-,,Toyota,711.2
B008-5239,2026-09-14 00:00:00,,233900L070,CONJUNTO ELEMENTO,MO,-,,Toyota,1077.54
B008-5239,2026-09-14 00:00:00,,178010E030,SUBCONJUNTO ELEME,MO,-,,Toyota,961.0
B008-5239,2026-09-14 00:00:00,,485108Z205,CONJUNTO DE AMORTIGUADOR FRONTAL DERECH,MO,-,,Toyota,723.79
B008-5239,2026-09-14 00:00:00,,4854109290,CONJUNTO AMOTIGUA,MO,-,,Toyota,448.84
F008-14525,2026-09-11 00:00:00,,9090389012,BUJE (AMORTIGUADO,MO,-,,Toyota,192.65
F008-14525,2026-09-11 00:00:00,,486540K040,BUJE BRAZO INFER,MO,-,,Toyota,172.54
F008-14525,2026-09-11 00:00:00,,486550K040,BUJE BRAZO INFERIOR FRONTAL NO. 2 DER.,MO,-,,Toyota,228.8
T003-2268,2026-09-11 00:00:00,,X0401001,SUPER LIMPIADOR DE PARABRISAS WURTH 32 ML,MO,-,,Otras marcas,150.0
F008-14572,2026-09-15 00:00:00,,0888070015,651519 ACEITE 10W30 4L,MO,-,,Toyota,4131.44
F008-14572,2026-09-15 00:00:00,,90915YZZD2,FILTRO DE ACEITE,MO,-,,Toyota,448.91
F008-14572,2026-09-15 00:00:00,,0888080015,651531 ACEITE 20W50 4L,MO,-,,Toyota,336.36
F008-14527,2026-09-11 00:00:00,,233900L070,CONJUNTO ELEMENTO,MO,-,,Toyota,646.52
F008-14527,2026-09-11 00:00:00,,233900L041,CONJUNTO ELEMENTO,MO,-,,Toyota,456.21
B008-5228,2026-09-11 00:00:00,,1356839016,CORREA DISTRIBUCI,MO,-,,Toyota,140.39
F009-6465,2026-09-11 00:00:00,2026-09-11 00:00:00,87139YZZ75,ELEMENTO REFINAD,TG,2-Mant. Correctivos y Trabajos Generales,Toyota,Toyota,81.28
F009-6465,2026-09-11 00:00:00,2026-09-11 00:00:00,17801YZZA3,SUBCONJUNTO ELEME,TG,2-Mant. Correctivos y Trabajos Generales,Toyota,Toyota,82.74
F009-6465,2026-09-11 00:00:00,2026-09-11 00:00:00,482520K010,SILENCIADOR RESO,TG,2-Mant. Correctivos y Trabajos Generales,Toyota,Toyota,119.92
F009-6465,2026-09-11 00:00:00,2026-09-11 00:00:00,455030K130,SUBCONJUNTO EXTREMO CREMALLERA DIRECCION,TG,2-Mant. Correctivos y Trabajos Generales,Toyota,Toyota,1087.04
F009-6465,2026-09-11 00:00:00,2026-09-11 00:00:00,X0103011,ABRAZADERA INOX ZEBRA 40-60 MM WURTH,TG,2-Mant. Correctivos y Trabajos Generales,Toyota,Otras marcas,13.3
F008-14526,2026-09-11 00:00:00,,510180K020,SUBCONJUNTO REFUERZO RIEL LATERAL NO.,MO,-,,Toyota,620.84
F008-14526,2026-09-11 00:00:00,,511200K020,CONJUNTO EXTENSION RIEL LATERAL IZQ.,MO,-,,Toyota,350.85
F008-14528,2026-09-11 00:00:00,,044650K391,JUEGO PASTILLA FRENO DISCO FR,MO,-,,Toyota,805.18
F008-14528,2026-09-11 00:00:00,,486540K080,BUJE BRAZO INFER,MO,-,,Toyota,854.45
B008-5229,2026-09-11 00:00:00,,1356839016,CORREA DISTRIBUCI,MO,-,,Toyota,140.39
B009-5932,2026-09-11 00:00:00,2026-09-11 00:00:00,0888050002D,ACEITE 15W40 DIESEL DECILITRO TOYOTA,TG,2-Mant. Correctivos y Trabajos Generales,Toyota,Toyota,164.11
B009-5932,2026-09-11 00:00:00,2026-09-11 00:00:00,90915YZZD2,FILTRO DE ACEITE,TG,2-Mant. Correctivos y Trabajos Generales,Toyota,Toyota,29.51
B009-5932,2026-09-11 00:00:00,2026-09-11 00:00:00,9043012031,EMPAQUETADURA (TAPON DE DRENAJE DE DEPOS,TG,2-Mant. Correctivos y Trabajos Generales,Toyota,Toyota,4.7
FC09-200,2026-09-11 00:00:00,2026-09-11 00:00:00,0888050002D,ACEITE 15W40 DIESEL DECILITRO TOYOTA,TG,1-Mantenimiento Periódico,Toyota,Toyota,-164.11
FC09-200,2026-09-11 00:00:00,2026-09-11 00:00:00,90915YZZD2,FILTRO DE ACEITE,TG,1-Mantenimiento Periódico,Toyota,Toyota,-29.51
FC09-200,2026-09-11 00:00:00,2026-09-11 00:00:00,9043012031,EMPAQUETADURA (TAPON DE DRENAJE DE DEPOS,TG,1-Mantenimiento Periódico,Toyota,Toyota,-4.7
FC09-200,2026-09-11 00:00:00,2026-09-11 00:00:00,233900L070,CONJUNTO ELEMENTO,TG,1-Mantenimiento Periódico,Toyota,Toyota,-141.61
FC09-200,2026-09-11 00:00:00,2026-09-11 00:00:00,0881380100,LIMPIA INYECTOR A,TG,1-Mantenimiento Periódico,Toyota,Toyota,-85.68
FC09-200,2026-09-11 00:00:00,2026-09-11 00:00:00,X0401001,SUPER LIMPIADOR DE PARABRISAS WURTH 32 ML,TG,1-Mantenimiento Periódico,Toyota,Otras marcas,-6.22
FC09-200,2026-09-11 00:00:00,2026-09-11 00:00:00,X0401006,LIMPIADOR DE FRENOS 500 ML WURTH,TG,1-Mantenimiento Periódico,Toyota,Otras marcas,-22.08
F009-6464,2026-09-11 00:00:00,2026-09-11 00:00:00,0888050002D,ACEITE 15W40 DIESEL DECILITRO TOYOTA,TG,1-Mantenimiento Periódico,Toyota,Toyota,164.11
F009-6464,2026-09-11 00:00:00,2026-09-11 00:00:00,90915YZZD2,FILTRO DE ACEITE,TG,1-Mantenimiento Periódico,Toyota,Toyota,29.51
F009-6464,2026-09-11 00:00:00,2026-09-11 00:00:00,9043012031,EMPAQUETADURA (TAPON DE DRENAJE DE DEPOS,TG,1-Mantenimiento Periódico,Toyota,Toyota,4.7
F009-6464,2026-09-11 00:00:00,2026-09-11 00:00:00,233900L070,CONJUNTO ELEMENTO,TG,1-Mantenimiento Periódico,Toyota,Toyota,141.61
F009-6464,2026-09-11 00:00:00,2026-09-11 00:00:00,0881380100,LIMPIA INYECTOR A,TG,1-Mantenimiento Periódico,Toyota,Toyota,85.68
F009-6464,2026-09-11 00:00:00,2026-09-11 00:00:00,X0401001,SUPER LIMPIADOR DE PARABRISAS WURTH 32 ML,TG,1-Mantenimiento Periódico,Toyota,Otras marcas,6.22
F009-6464,2026-09-11 00:00:00,2026-09-11 00:00:00,X0401006,LIMPIADOR DE FRENOS 500 ML WURTH,TG,1-Mantenimiento Periódico,Toyota,Otras marcas,22.08
F008-14529,2026-09-11 00:00:00,,2741530010,POLEA ALTERNADOR CON EMBRAGUE,MO,-,,Toyota,312.76
F009-6467,2026-09-11 00:00:00,2026-09-11 00:00:00,0888050005D,651529 ACEITE 5W-30 GASO SEMI DECILITRO,TG,1-Mantenimiento Periódico,Toyota,Toyota,92.16
F009-6467,2026-09-11 00:00:00,2026-09-11 00:00:00,15601BZ030,ELEMENTO FILTRO,TG,1-Mantenimiento Periódico,Toyota,Toyota,50.98
F009-6467,2026-09-11 00:00:00,2026-09-11 00:00:00,9043012031,EMPAQUETADURA (TAPON DE DRENAJE DE DEPOS,TG,1-Mantenimiento Periódico,Toyota,Toyota,4.7
F009-6467,2026-09-11 00:00:00,2026-09-11 00:00:00,0047500WWF,LIMPIA PARABRISA,TG,1-Mantenimiento Periódico,Toyota,Toyota,29.67
F009-6467,2026-09-11 00:00:00,2026-09-11 00:00:00,X0401006,LIMPIADOR DE FRENOS 500 ML WURTH,TG,1-Mantenimiento Periódico,Toyota,Otras marcas,22.08
T003-2269,2026-09-11 00:00:00,,90316T0002,SELLO ACEITE (CU,MO,-,,Toyota,294.91
T003-2269,2026-09-11 00:00:00,,486540K080,BUJE BRAZO INFER,MO,-,,Toyota,332.46
T003-2269,2026-09-11 00:00:00,,90311T0107,RETEN,MO,-,,Toyota,188.05
T003-2269,2026-09-11 00:00:00,,90311T0108,"SELLO, ACEITE POS",MO,-,,Toyota,188.05
F008-14530,2026-09-11 00:00:00,,0888060015,651313 - ACEITE 15W40 GL,MO,-,,Toyota,120.04
F008-14530,2026-09-11 00:00:00,,0888060016,651268 ACEITE 15W40 1L,MO,-,,Toyota,90.73
F008-14530,2026-09-11 00:00:00,,233900L041,CONJUNTO ELEMENTO,MO,-,,Toyota,82.29
F008-14530,2026-09-11 00:00:00,,90915YZZD2,FILTRO DE ACEITE,MO,-,,Toyota,24.29
F008-14531,2026-09-11 00:00:00,,9004311317,SELLO ACEITE EJE,MO,-,,Toyota,41.44
F009-6468,2026-09-11 00:00:00,2026-09-11 00:00:00,TBLRR14881,DUELER 265/65R17 112T DUELER A/T REVO2,TG,7-Instalación accesorio original,Toyota,Toyota,2167.1
B009-5936,2026-09-12 00:00:00,2026-09-12 00:00:00,0888050005D,651529 ACEITE 5W-30 GASO SEMI DECILITRO,TG,1T-Mantenimiento Toyota Value,Toyota,Toyota,92.16
B009-5936,2026-09-12 00:00:00,2026-09-12 00:00:00,15601BZ030,ELEMENTO FILTRO,TG,1T-Mantenimiento Toyota Value,Toyota,Toyota,50.98
B009-5936,2026-09-12 00:00:00,2026-09-12 00:00:00,9043012031,EMPAQUETADURA (TAPON DE DRENAJE DE DEPOS,TG,1T-Mantenimiento Toyota Value,Toyota,Toyota,4.7
B009-5936,2026-09-12 00:00:00,2026-09-12 00:00:00,X0401001,SUPER LIMPIADOR DE PARABRISAS WURTH 32 ML,TG,1T-Mantenimiento Toyota Value,Toyota,Otras marcas,4.98
B009-5936,2026-09-12 00:00:00,2026-09-12 00:00:00,X0401006,LIMPIADOR DE FRENOS 500 ML WURTH,TG,1T-Mantenimiento Toyota Value,Toyota,Otras marcas,17.66
B009-5939,2026-09-12 00:00:00,2026-09-12 00:00:00,0888050005D,651529 ACEITE 5W-30 GASO SEMI DECILITRO,TG,1T-Mantenimiento Toyota Value,Toyota,Toyota,99.84
B009-5939,2026-09-12 00:00:00,2026-09-12 00:00:00,15601BZ030,ELEMENTO FILTRO,TG,1T-Mantenimiento Toyota Value,Toyota,Toyota,50.98
B009-5939,2026-09-12 00:00:00,2026-09-12 00:00:00,9043012031,EMPAQUETADURA (TAPON DE DRENAJE DE DEPOS,TG,1T-Mantenimiento Toyota Value,Toyota,Toyota,4.7
B009-5939,2026-09-12 00:00:00,2026-09-12 00:00:00,0881380019,LIMPIA INYECTOR A,TG,1T-Mantenimiento Toyota Value,Toyota,Toyota,42.84
B009-5939,2026-09-12 00:00:00,2026-09-12 00:00:00,X0401001,SUPER LIMPIADOR DE PARABRISAS WURTH 32 ML,TG,1T-Mantenimiento Toyota Value,Toyota,Otras marcas,4.98
B009-5939,2026-09-12 00:00:00,2026-09-12 00:00:00,X0401006,LIMPIADOR DE FRENOS 500 ML WURTH,TG,1T-Mantenimiento Toyota Value,Toyota,Otras marcas,17.66
F009-6469,2026-09-12 00:00:00,2026-09-12 00:00:00,0888050002D,ACEITE 15W40 DIESEL DECILITRO TOYOTA,TG,1T-Mantenimiento Toyota Value,Toyota,Toyota,164.11
F009-6469,2026-09-12 00:00:00,2026-09-12 00:00:00,90915YZZD2,FILTRO DE ACEITE,TG,1T-Mantenimiento Toyota Value,Toyota,Toyota,29.51
F009-6469,2026-09-12 00:00:00,2026-09-12 00:00:00,9043012031,EMPAQUETADURA (TAPON DE DRENAJE DE DEPOS,TG,1T-Mantenimiento Toyota Value,Toyota,Toyota,4.7
F009-6469,2026-09-12 00:00:00,2026-09-12 00:00:00,X0401001,SUPER LIMPIADOR DE PARABRISAS WURTH 32 ML,TG,1T-Mantenimiento Toyota Value,Toyota,Otras marcas,4.98
F009-6469,2026-09-12 00:00:00,2026-09-12 00:00:00,X0401006,LIMPIADOR DE FRENOS 500 ML WURTH,TG,1T-Mantenimiento Toyota Value,Toyota,Otras marcas,17.66
B009-5945,2026-09-12 00:00:00,2026-09-12 00:00:00,0888050005D,651529 ACEITE 5W-30 GASO SEMI DECILITRO,TG,1T-Mantenimiento Toyota Value,Toyota,Toyota,99.84
B009-5945,2026-09-12 00:00:00,2026-09-12 00:00:00,15601BZ030,ELEMENTO FILTRO,TG,1T-Mantenimiento Toyota Value,Toyota,Toyota,50.98
B009-5945,2026-09-12 00:00:00,2026-09-12 00:00:00,9043012031,EMPAQUETADURA (TAPON DE DRENAJE DE DEPOS,TG,1T-Mantenimiento Toyota Value,Toyota,Toyota,4.7
B009-5945,2026-09-12 00:00:00,2026-09-12 00:00:00,X0401001,SUPER LIMPIADOR DE PARABRISAS WURTH 32 ML,TG,1T-Mantenimiento Toyota Value,Toyota,Otras marcas,6.22
F008-14532,2026-09-11 00:00:00,,0888060015,651313 - ACEITE 15W40 GL,MO,-,,Toyota,120.04
F008-14532,2026-09-11 00:00:00,,0888060016,651268 ACEITE 15W40 1L,MO,-,,Toyota,90.73
F008-14532,2026-09-11 00:00:00,,90915YZZD2,FILTRO DE ACEITE,MO,-,,Toyota,24.29
B009-5944,2026-09-12 00:00:00,2026-09-12 00:00:00,0888050002D,ACEITE 15W40 DIESEL DECILITRO TOYOTA,TG,1T-Mantenimiento Toyota Value,Toyota,Toyota,164.11
B009-5944,2026-09-12 00:00:00,2026-09-12 00:00:00,90915YZZD2,FILTRO DE ACEITE,TG,1T-Mantenimiento Toyota Value,Toyota,Toyota,29.51
B009-5944,2026-09-12 00:00:00,2026-09-12 00:00:00,9043012031,EMPAQUETADURA (TAPON DE DRENAJE DE DEPOS,TG,1T-Mantenimiento Toyota Value,Toyota,Toyota,4.7
B009-5944,2026-09-12 00:00:00,2026-09-12 00:00:00,X0401001,SUPER LIMPIADOR DE PARABRISAS WURTH 32 ML,TG,1T-Mantenimiento Toyota Value,Toyota,Otras marcas,4.98
B009-5944,2026-09-12 00:00:00,2026-09-12 00:00:00,X0401006,LIMPIADOR DE FRENOS 500 ML WURTH,TG,1T-Mantenimiento Toyota Value,Toyota,Otras marcas,17.66
F009-6470,2026-09-12 00:00:00,2026-09-12 00:00:00,0888050005D,651529 ACEITE 5W-30 GASO SEMI DECILITRO,TG,1-Mantenimiento Periódico,Toyota,Toyota,92.16
F009-6470,2026-09-12 00:00:00,2026-09-12 00:00:00,15601BZ030,ELEMENTO FILTRO,TG,1-Mantenimiento Periódico,Toyota,Toyota,50.98
F009-6470,2026-09-12 00:00:00,2026-09-12 00:00:00,9043012031,EMPAQUETADURA (TAPON DE DRENAJE DE DEPOS,TG,1-Mantenimiento Periódico,Toyota,Toyota,4.7
F009-6470,2026-09-12 00:00:00,2026-09-12 00:00:00,0047500WWF,LIMPIA PARABRISA,TG,1-Mantenimiento Periódico,Toyota,Toyota,29.67
B009-5941,2026-09-12 00:00:00,2026-09-12 00:00:00,0888050005D,651529 ACEITE 5W-30 GASO SEMI DECILITRO,TG,1T-Mantenimiento Toyota Value,Toyota,Toyota,92.16
B009-5941,2026-09-12 00:00:00,2026-09-12 00:00:00,15601BZ030,ELEMENTO FILTRO,TG,1T-Mantenimiento Toyota Value,Toyota,Toyota,50.98
B009-5941,2026-09-12 00:00:00,2026-09-12 00:00:00,9043012031,EMPAQUETADURA (TAPON DE DRENAJE DE DEPOS,TG,1T-Mantenimiento Toyota Value,Toyota,Toyota,4.7
B009-5941,2026-09-12 00:00:00,2026-09-12 00:00:00,0881380019,LIMPIA INYECTOR A,TG,1T-Mantenimiento Toyota Value,Toyota,Toyota,42.84
B009-5941,2026-09-12 00:00:00,2026-09-12 00:00:00,X0401001,SUPER LIMPIADOR DE PARABRISAS WURTH 32 ML,TG,1T-Mantenimiento Toyota Value,Toyota,Otras marcas,4.98
B009-5941,2026-09-12 00:00:00,2026-09-12 00:00:00,X0401006,LIMPIADOR DE FRENOS 500 ML WURTH,TG,1T-Mantenimiento Toyota Value,Toyota,Otras marcas,17.66
F009-6486,2026-09-15 00:00:00,2026-09-15 00:00:00,0888050005D,651529 ACEITE 5W-30 GASO SEMI DECILITRO,TG,1-Mantenimiento Periódico,Toyota,Toyota,199.68
F009-6486,2026-09-15 00:00:00,2026-09-15 00:00:00,90915YZZD2,FILTRO DE ACEITE,TG,1-Mantenimiento Periódico,Toyota,Toyota,29.51
F009-6486,2026-09-15 00:00:00,2026-09-15 00:00:00,9043012031,EMPAQUETADURA (TAPON DE DRENAJE DE DEPOS,TG,1-Mantenimiento Periódico,Toyota,Toyota,4.7
F009-6486,2026-09-15 00:00:00,2026-09-15 00:00:00,233900L070,CONJUNTO ELEMENTO,TG,1-Mantenimiento Periódico,Toyota,Toyota,141.61
F009-6486,2026-09-15 00:00:00,2026-09-15 00:00:00,0881380100,LIMPIA INYECTOR A,TG,1-Mantenimiento Periódico,Toyota,Toyota,85.68
F009-6486,2026-09-15 00:00:00,2026-09-15 00:00:00,0888581590,651272 ACEITE DIF 80W90 1L,TG,1-Mantenimiento Periódico,Toyota,Toyota,209.85
F009-6486,2026-09-15 00:00:00,2026-09-15 00:00:00,1215710010,EMPAQUETADURA (TAPON RELLENADOR ENVOLTUR,TG,1-Mantenimiento Periódico,Toyota,Toyota,7.88
F009-6486,2026-09-15 00:00:00,2026-09-15 00:00:00,0888501806,ACEITE GL - 75W 1,TG,1-Mantenimiento Periódico,Toyota,Toyota,212.8
F009-6486,2026-09-15 00:00:00,2026-09-15 00:00:00,9043024017,EMPAQUETADURA,TG,1-Mantenimiento Periódico,Toyota,Toyota,4.61
F009-6486,2026-09-15 00:00:00,2026-09-15 00:00:00,0882380010,LIQUIDO DE FRENO,TG,1-Mantenimiento Periódico,Toyota,Toyota,54.52
F009-6486,2026-09-15 00:00:00,2026-09-15 00:00:00,X0405017,ACEITE ATF CASTROL TRANSMAX DEX/MERC X 1LT,TG,1-Mantenimiento Periódico,Toyota,Otras marcas,81.36
F009-6486,2026-09-15 00:00:00,2026-09-15 00:00:00,X0401006,LIMPIADOR DE FRENOS 500 ML WURTH,TG,1-Mantenimiento Periódico,Toyota,Otras marcas,22.08
F009-6486,2026-09-15 00:00:00,2026-09-15 00:00:00,0888050005D,651529 ACEITE 5W-30 GASO SEMI DECILITRO,TG,1-Mantenimiento Periódico,Toyota,Toyota,-199.68
F009-6486,2026-09-15 00:00:00,2026-09-15 00:00:00,0888050002D,ACEITE 15W40 DIESEL DECILITRO TOYOTA,TG,1-Mantenimiento Periódico,Toyota,Toyota,164.11
F009-6486,2026-09-15 00:00:00,2026-09-15 00:00:00,17801YZZA3,SUBCONJUNTO ELEME,TG,1-Mantenimiento Periódico,Toyota,Toyota,82.74
B009-5948,2026-09-12 00:00:00,2026-09-12 00:00:00,0888050005D,651529 ACEITE 5W-30 GASO SEMI DECILITRO,TG,1T-Mantenimiento Toyota Value,Toyota,Toyota,92.16
B009-5948,2026-09-12 00:00:00,2026-09-12 00:00:00,15601BZ030,ELEMENTO FILTRO,TG,1T-Mantenimiento Toyota Value,Toyota,Toyota,50.98
B009-5948,2026-09-12 00:00:00,2026-09-12 00:00:00,9043012031,EMPAQUETADURA (TAPON DE DRENAJE DE DEPOS,TG,1T-Mantenimiento Toyota Value,Toyota,Toyota,4.7
B009-5948,2026-09-12 00:00:00,2026-09-12 00:00:00,0881380019,LIMPIA INYECTOR A,TG,1T-Mantenimiento Toyota Value,Toyota,Toyota,42.84
B009-5948,2026-09-12 00:00:00,2026-09-12 00:00:00,X0401001,SUPER LIMPIADOR DE PARABRISAS WURTH 32 ML,TG,1T-Mantenimiento Toyota Value,Toyota,Otras marcas,4.98
B009-5948,2026-09-12 00:00:00,2026-09-12 00:00:00,X0401006,LIMPIADOR DE FRENOS 500 ML WURTH,TG,1T-Mantenimiento Toyota Value,Toyota,Otras marcas,17.66
B009-5937,2026-09-12 00:00:00,2026-09-12 00:00:00,0888050005D,651529 ACEITE 5W-30 GASO SEMI DECILITRO,TG,1-Mantenimiento Periódico,Toyota,Toyota,74.24
B009-5937,2026-09-12 00:00:00,2026-09-12 00:00:00,15601BZ030,ELEMENTO FILTRO,TG,1-Mantenimiento Periódico,Toyota,Toyota,50.98
B009-5937,2026-09-12 00:00:00,2026-09-12 00:00:00,9043012031,EMPAQUETADURA (TAPON DE DRENAJE DE DEPOS,TG,1-Mantenimiento Periódico,Toyota,Toyota,4.7
B009-5937,2026-09-12 00:00:00,2026-09-12 00:00:00,0881380019,LIMPIA INYECTOR A,TG,1-Mantenimiento Periódico,Toyota,Toyota,42.84
B009-5937,2026-09-12 00:00:00,2026-09-12 00:00:00,9004851212,BUJIA,TG,1-Mantenimiento Periódico,Toyota,Toyota,62.07
B009-5937,2026-09-12 00:00:00,2026-09-12 00:00:00,0047500WWF,LIMPIA PARABRISA,TG,1-Mantenimiento Periódico,Toyota,Toyota,119.72
B009-5937,2026-09-12 00:00:00,2026-09-12 00:00:00,X0401006,LIMPIADOR DE FRENOS 500 ML WURTH,TG,1-Mantenimiento Periódico,Toyota,Otras marcas,22.08
B009-5937,2026-09-12 00:00:00,2026-09-12 00:00:00,0047500WWF,LIMPIA PARABRISA,TG,1-Mantenimiento Periódico,Toyota,Toyota,-119.72
B009-5937,2026-09-12 00:00:00,2026-09-12 00:00:00,0047500WWF,LIMPIA PARABRISA,TG,1-Mantenimiento Periódico,Toyota,Toyota,29.67
B009-5942,2026-09-12 00:00:00,2026-09-12 00:00:00,0888050005D,651529 ACEITE 5W-30 GASO SEMI DECILITRO,TG,1T-Mantenimiento Toyota Value,Toyota,Toyota,92.16
B009-5942,2026-09-12 00:00:00,2026-09-12 00:00:00,15601BZ030,ELEMENTO FILTRO,TG,1T-Mantenimiento Toyota Value,Toyota,Toyota,50.98
B009-5942,2026-09-12 00:00:00,2026-09-12 00:00:00,9043012031,EMPAQUETADURA (TAPON DE DRENAJE DE DEPOS,TG,1T-Mantenimiento Toyota Value,Toyota,Toyota,4.7
B009-5942,2026-09-12 00:00:00,2026-09-12 00:00:00,X0401001,SUPER LIMPIADOR DE PARABRISAS WURTH 32 ML,TG,1T-Mantenimiento Toyota Value,Toyota,Otras marcas,4.98
B009-5942,2026-09-12 00:00:00,2026-09-12 00:00:00,X0401006,LIMPIADOR DE FRENOS 500 ML WURTH,TG,1T-Mantenimiento Toyota Value,Toyota,Otras marcas,17.66
F008-14533,2026-09-11 00:00:00,,X0305035,BATERIA BOSH  S4 75D-24B   90D26L,MO,-,,Otras marcas,380.54
F008-14535,2026-09-11 00:00:00,,233000L042,CONJUNTO FILTRO C,MO,-,,Toyota,280.66
B009-5935,2026-09-12 00:00:00,2026-09-12 00:00:00,0888050005D,651529 ACEITE 5W-30 GASO SEMI DECILITRO,TG,1T-Mantenimiento Toyota Value,Toyota,Toyota,74.24
B009-5935,2026-09-12 00:00:00,2026-09-12 00:00:00,15601BZ030,ELEMENTO FILTRO,TG,1T-Mantenimiento Toyota Value,Toyota,Toyota,50.98
B009-5935,2026-09-12 00:00:00,2026-09-12 00:00:00,9043012031,EMPAQUETADURA (TAPON DE DRENAJE DE DEPOS,TG,1T-Mantenimiento Toyota Value,Toyota,Toyota,4.7
B009-5935,2026-09-12 00:00:00,2026-09-12 00:00:00,0881380019,LIMPIA INYECTOR A,TG,1T-Mantenimiento Toyota Value,Toyota,Toyota,42.84
B009-5935,2026-09-12 00:00:00,2026-09-12 00:00:00,X0401001,SUPER LIMPIADOR DE PARABRISAS WURTH 32 ML,TG,1T-Mantenimiento Toyota Value,Toyota,Otras marcas,4.98
B009-5935,2026-09-12 00:00:00,2026-09-12 00:00:00,X0401006,LIMPIADOR DE FRENOS 500 ML WURTH,TG,1T-Mantenimiento Toyota Value,Toyota,Otras marcas,22.08
F008-14536,2026-09-12 00:00:00,,2330478420,JGO. DE ELEMENTO,MO,-,,Hino,350.26
B009-5940,2026-09-12 00:00:00,2026-09-12 00:00:00,0888050005D,651529 ACEITE 5W-30 GASO SEMI DECILITRO,TG,1T-Mantenimiento Toyota Value,Toyota,Toyota,99.84
B009-5940,2026-09-12 00:00:00,2026-09-12 00:00:00,15601BZ030,ELEMENTO FILTRO,TG,1T-Mantenimiento Toyota Value,Toyota,Toyota,50.98
B009-5940,2026-09-12 00:00:00,2026-09-12 00:00:00,9043012031,EMPAQUETADURA (TAPON DE DRENAJE DE DEPOS,TG,1T-Mantenimiento Toyota Value,Toyota,Toyota,4.7
B009-5940,2026-09-12 00:00:00,2026-09-12 00:00:00,0881380019,LIMPIA INYECTOR A,TG,1T-Mantenimiento Toyota Value,Toyota,Toyota,42.84
B009-5940,2026-09-12 00:00:00,2026-09-12 00:00:00,X0401001,SUPER LIMPIADOR DE PARABRISAS WURTH 32 ML,TG,1T-Mantenimiento Toyota Value,Toyota,Otras marcas,4.98
B009-5940,2026-09-12 00:00:00,2026-09-12 00:00:00,X0401006,LIMPIADOR DE FRENOS 500 ML WURTH,TG,1T-Mantenimiento Toyota Value,Toyota,Otras marcas,17.66
F008-14570,2026-09-15 00:00:00,,X0305047,BANTERIA RECOR MAX INVERTIDA RM36 19FR N,MO,-,,Otras marcas,184.77
F008-14570,2026-09-15 00:00:00,,0888070016,651518 ACEITE 10W30 1L,MO,-,,Toyota,300.1
B009-5951,2026-09-12 00:00:00,2026-09-12 00:00:00,0888050005D,651529 ACEITE 5W-30 GASO SEMI DECILITRO,TG,1T-Mantenimiento Toyota Value,Toyota,Toyota,99.84
B009-5951,2026-09-12 00:00:00,2026-09-12 00:00:00,15601BZ030,ELEMENTO FILTRO,TG,1T-Mantenimiento Toyota Value,Toyota,Toyota,50.98
B009-5951,2026-09-12 00:00:00,2026-09-12 00:00:00,9043012031,EMPAQUETADURA (TAPON DE DRENAJE DE DEPOS,TG,1T-Mantenimiento Toyota Value,Toyota,Toyota,4.7
B009-5951,2026-09-12 00:00:00,2026-09-12 00:00:00,X0401001,SUPER LIMPIADOR DE PARABRISAS WURTH 32 ML,TG,1T-Mantenimiento Toyota Value,Toyota,Otras marcas,4.98
B009-5951,2026-09-12 00:00:00,2026-09-12 00:00:00,X0401006,LIMPIADOR DE FRENOS 500 ML WURTH,TG,1T-Mantenimiento Toyota Value,Toyota,Otras marcas,17.66
F008-14538,2026-09-12 00:00:00,,0888581580,651273 ACEITE M/T 80W90 1L,MO,-,,Toyota,113.16
F008-14538,2026-09-12 00:00:00,,90385T0017,BUJE (INFERIOR DE,MO,-,,Toyota,27.98
F008-14538,2026-09-12 00:00:00,,486320K040,BUJE BRAZO SUPERIOR SUSPENSION FRONTAL,MO,-,,Toyota,450.74
F008-14538,2026-09-12 00:00:00,,9090389012,BUJE (AMORTIGUADO,MO,-,,Toyota,96.33
F008-14539,2026-09-12 00:00:00,,3723035130,CONJ.COJINETE SO,MO,-,,Toyota,665.72
F008-14539,2026-09-12 00:00:00,,4755009070,CONJ.CILINDRO FRENOS RUEDA TR. (DER.FR.,MO,-,,Toyota,275.45
B009-5950,2026-09-12 00:00:00,2026-09-12 00:00:00,0888050005D,651529 ACEITE 5W-30 GASO SEMI DECILITRO,TG,1T-Mantenimiento Toyota Value,Toyota,Toyota,99.84
B009-5950,2026-09-12 00:00:00,2026-09-12 00:00:00,15601BZ030,ELEMENTO FILTRO,TG,1T-Mantenimiento Toyota Value,Toyota,Toyota,50.98
B009-5950,2026-09-12 00:00:00,2026-09-12 00:00:00,9043012031,EMPAQUETADURA (TAPON DE DRENAJE DE DEPOS,TG,1T-Mantenimiento Toyota Value,Toyota,Toyota,4.7
B009-5950,2026-09-12 00:00:00,2026-09-12 00:00:00,X0401001,SUPER LIMPIADOR DE PARABRISAS WURTH 32 ML,TG,1T-Mantenimiento Toyota Value,Toyota,Otras marcas,4.98
B009-5950,2026-09-12 00:00:00,2026-09-12 00:00:00,X0401006,LIMPIADOR DE FRENOS 500 ML WURTH,TG,1T-Mantenimiento Toyota Value,Toyota,Otras marcas,17.66
B009-5950,2026-09-12 00:00:00,2026-09-12 00:00:00,X0401006,LIMPIADOR DE FRENOS 500 ML WURTH,TG,1T-Mantenimiento Toyota Value,Toyota,Otras marcas,-17.66
LI03-2651,2026-09-12 00:00:00,2026-09-12 00:00:00,90182TNN9FIS,PROTECTOR DE TOLV,NVS,4N-OT Interna Accesorios NVS,Toyota,Toyota,720.0
B008-5230,2026-09-12 00:00:00,,233900L070,CONJUNTO ELEMENTO,MO,-,,Toyota,116.63
T003-2270,2026-09-12 00:00:00,,044650K391,JUEGO PASTILLA FRENO DISCO FR,MO,-,,Toyota,2389.93
T003-2270,2026-09-12 00:00:00,,044950K120,JUEGO ZAPATA FREN,MO,-,,Toyota,1855.98
T003-2270,2026-09-12 00:00:00,,90915YZZD2,FILTRO DE ACEITE,MO,-,,Toyota,224.46
T003-2270,2026-09-12 00:00:00,,87139YZZ75,ELEMENTO REFINAD,MO,-,,Toyota,711.2
T003-2270,2026-09-12 00:00:00,,233900L070,CONJUNTO ELEMENTO,MO,-,,Toyota,1077.54
T003-2270,2026-09-12 00:00:00,,178010E030,SUBCONJUNTO ELEME,MO,-,,Toyota,961.0
T003-2270,2026-09-12 00:00:00,,485108Z205,CONJUNTO DE AMORTIGUADOR FRONTAL DERECH,MO,-,,Toyota,723.79
T003-2270,2026-09-12 00:00:00,,4854109290,CONJUNTO AMOTIGUA,MO,-,,Toyota,448.84
T003-2271,2026-09-12 00:00:00,,9091603118,TERMOSTATO,MO,-,,Toyota,246.92
T003-2271,2026-09-12 00:00:00,,233900L041,CONJUNTO ELEMENTO,MO,-,,Toyota,760.35
T003-2271,2026-09-12 00:00:00,,90915YZZD2,FILTRO DE ACEITE,MO,-,,Toyota,224.46
T003-2271,2026-09-12 00:00:00,,X0305016,BATERIA RECOR MAX SELLADA RM55 24 L- N,MO,-,,Otras marcas,432.24
T003-2271,2026-09-12 00:00:00,,X0305046,BATERIA RECORD MAX INVERTIDA RM-65D23R-N ,MO,-,,Otras marcas,525.45
T003-2271,2026-09-12 00:00:00,,X0305017,BATERIA RECOD MAX RM-75D31L-N,MO,-,,Otras marcas,617.02
B009-5946,2026-09-12 00:00:00,2026-09-12 00:00:00,0888050005D,651529 ACEITE 5W-30 GASO SEMI DECILITRO,TG,1T-Mantenimiento Toyota Value,Toyota,Toyota,92.16
B009-5946,2026-09-12 00:00:00,2026-09-12 00:00:00,15601BZ030,ELEMENTO FILTRO,TG,1T-Mantenimiento Toyota Value,Toyota,Toyota,50.98
B009-5946,2026-09-12 00:00:00,2026-09-12 00:00:00,9043012031,EMPAQUETADURA (TAPON DE DRENAJE DE DEPOS,TG,1T-Mantenimiento Toyota Value,Toyota,Toyota,4.7
B009-5946,2026-09-12 00:00:00,2026-09-12 00:00:00,0881380019,LIMPIA INYECTOR A,TG,1T-Mantenimiento Toyota Value,Toyota,Toyota,42.84
B009-5946,2026-09-12 00:00:00,2026-09-12 00:00:00,X0401001,SUPER LIMPIADOR DE PARABRISAS WURTH 32 ML,TG,1T-Mantenimiento Toyota Value,Toyota,Otras marcas,4.98
B009-5946,2026-09-12 00:00:00,2026-09-12 00:00:00,X0401006,LIMPIADOR DE FRENOS 500 ML WURTH,TG,1T-Mantenimiento Toyota Value,Toyota,Otras marcas,17.66
B008-5231,2026-09-12 00:00:00,,233900L070,CONJUNTO ELEMENTO,MO,-,,Toyota,116.63
B008-5231,2026-09-12 00:00:00,,90915YZZD2,FILTRO DE ACEITE,MO,-,,Toyota,48.59
B009-5947,2026-09-12 00:00:00,2026-09-12 00:00:00,0888050005D,651529 ACEITE 5W-30 GASO SEMI DECILITRO,TG,1T-Mantenimiento Toyota Value,Toyota,Toyota,92.16
B009-5947,2026-09-12 00:00:00,2026-09-12 00:00:00,15601BZ030,ELEMENTO FILTRO,TG,1T-Mantenimiento Toyota Value,Toyota,Toyota,50.98
B009-5947,2026-09-12 00:00:00,2026-09-12 00:00:00,9043012031,EMPAQUETADURA (TAPON DE DRENAJE DE DEPOS,TG,1T-Mantenimiento Toyota Value,Toyota,Toyota,4.7
B009-5947,2026-09-12 00:00:00,2026-09-12 00:00:00,X0401001,SUPER LIMPIADOR DE PARABRISAS WURTH 32 ML,TG,1T-Mantenimiento Toyota Value,Toyota,Otras marcas,4.98
B009-5947,2026-09-12 00:00:00,2026-09-12 00:00:00,X0401006,LIMPIADOR DE FRENOS 500 ML WURTH,TG,1T-Mantenimiento Toyota Value,Toyota,Otras marcas,17.66
T003-2272,2026-09-12 00:00:00,,31210BZ081,CONJUNTO CUBIERTA,MO,-,,Toyota,368.81
T003-2272,2026-09-12 00:00:00,,31250BZ080,CONJUNTO DISCO EMBRAGUE,MO,-,,Toyota,302.5
T003-2272,2026-09-12 00:00:00,,31230BZ060,CONJUNTO COJINETE,MO,-,,Toyota,152.44
T003-2272,2026-09-12 00:00:00,,3123287401,RETENEDOR TUBO CO,MO,-,,Toyota,6.47
T003-2272,2026-09-12 00:00:00,,31210BZ210,CONJUNTO CUBIERTA,MO,-,,Toyota,271.59
T003-2272,2026-09-12 00:00:00,,31250BZ270,CONJUNTO DISCO EM,MO,-,,Toyota,243.28
T003-2272,2026-09-12 00:00:00,,31230BZ040,CONJUNTO COJINETE,MO,-,,Toyota,90.94
T003-2272,2026-09-12 00:00:00,,044950K120,JUEGO ZAPATA FREN,MO,-,,Toyota,627.26
T003-2273,2026-09-12 00:00:00,,0888070015,651519 ACEITE 10W30 4L,MO,-,,Toyota,4131.44
T003-2273,2026-09-12 00:00:00,,90915YZZD2,FILTRO DE ACEITE,MO,-,,Toyota,448.91
T003-2273,2026-09-12 00:00:00,,0888080015,651531 ACEITE 20W50 4L,MO,-,,Toyota,336.36
T003-2274,2026-09-12 00:00:00,,0888070015,651519 ACEITE 10W30 4L,MO,-,,Toyota,187.79
T003-2275,2026-09-12 00:00:00,,0888050002,650580 CLINDRO 15W40 DIESEL,MO,-,,Toyota,3347.61
T003-2275,2026-09-12 00:00:00,,90915YZZD2,FILTRO DE ACEITE,MO,-,,Toyota,224.46
T003-2275,2026-09-12 00:00:00,,90915YZZM3,SUNCONJUNTO DEL F,MO,-,,Toyota,240.73
T003-2275,2026-09-12 00:00:00,,233900L070,CONJUNTO ELEMENTO,MO,-,,Toyota,538.77
T003-2275,2026-09-12 00:00:00,,9043012031,EMPAQUETADURA (TAPON DE DRENAJE DE DEPOS,MO,-,,Toyota,78.3
T003-2275,2026-09-12 00:00:00,,178010Y040,SUBCONJUNTO ELEME,MO,-,,Toyota,132.21
T003-2275,2026-09-12 00:00:00,,87139YZZ75,ELEMENTO REFINAD,MO,-,,Toyota,142.24
T003-2275,2026-09-12 00:00:00,,178010C010,SUBCONJUNTO ELEME,MO,-,,Toyota,234.77
T003-2275,2026-09-12 00:00:00,,2368130010,SELLO SOPORTE BO,MO,-,,Toyota,40.91
T003-2275,2026-09-12 00:00:00,,0888083833,TGMO 4L 5W-30 C2,MO,-,,Toyota,696.56
T003-2275,2026-09-12 00:00:00,,90916T2033,CORREA TRAPEZOIDAL (VENTILADOOR Y ALTERN,MO,-,,Toyota,333.88
T003-2275,2026-09-12 00:00:00,,0447860050,JUEGO CILINDRO FRENO DISCO FRONTAL,MO,-,,Toyota,119.29
F008-14541,2026-09-12 00:00:00,,08880H0018,650869 ACEITE HINO BALDE 2.5 15W40,MO,-,,Hino,188.16
F008-14541,2026-09-12 00:00:00,,23304EV052,JGO. DE ELEMENTO,MO,-,,Hino,44.29
F008-14541,2026-09-12 00:00:00,,23304EV390,JGO. DE ELEMENTO,MO,-,,Hino,60.79
F008-14541,2026-09-12 00:00:00,,15613EV015,ELEMENTO FILTRO,MO,-,,Hino,63.73
F008-14541,2026-09-12 00:00:00,,SZ43018009,EMPQUE TAPON DE C,MO,-,,Hino,4.03
F009-6471,2026-09-12 00:00:00,2026-09-12 00:00:00,0888083840D,ACEITE 5W-30 DIESEL CF - 208 DECILITRO,TG,1-Mantenimiento Periódico,Toyota,Toyota,218.4
F009-6471,2026-09-12 00:00:00,2026-09-12 00:00:00,90915YZZD2,FILTRO DE ACEITE,TG,1-Mantenimiento Periódico,Toyota,Toyota,29.51
F009-6471,2026-09-12 00:00:00,2026-09-12 00:00:00,9043012031,EMPAQUETADURA (TAPON DE DRENAJE DE DEPOS,TG,1-Mantenimiento Periódico,Toyota,Toyota,4.7
F009-6471,2026-09-12 00:00:00,2026-09-12 00:00:00,0047500WWF,LIMPIA PARABRISA,TG,1-Mantenimiento Periódico,Toyota,Toyota,29.67
F009-6471,2026-09-12 00:00:00,2026-09-12 00:00:00,X0401006,LIMPIADOR DE FRENOS 500 ML WURTH,TG,1-Mantenimiento Periódico,Toyota,Otras marcas,22.08
B008-5232,2026-09-12 00:00:00,,0881380100,LIMPIA INYECTOR A,MO,-,,Toyota,36.02
F008-14540,2026-09-12 00:00:00,,0447860050,JUEGO CILINDRO FRENO DISCO FRONTAL,MO,-,,Toyota,117.12
F008-14540,2026-09-12 00:00:00,,0888070016,651518 ACEITE 10W30 1L,MO,-,,Toyota,29.96
F009-6418,2026-09-08 00:00:00,2026-09-08 00:00:00,0888050002D,ACEITE 15W40 DIESEL DECILITRO TOYOTA,TG,1-Mantenimiento Periódico,Toyota,Toyota,164.11
F009-6418,2026-09-08 00:00:00,2026-09-08 00:00:00,90915YZZD2,FILTRO DE ACEITE,TG,1-Mantenimiento Periódico,Toyota,Toyota,29.51
F009-6418,2026-09-08 00:00:00,2026-09-08 00:00:00,9043012031,EMPAQUETADURA (TAPON DE DRENAJE DE DEPOS,TG,1-Mantenimiento Periódico,Toyota,Toyota,4.7
F009-6418,2026-09-08 00:00:00,2026-09-08 00:00:00,X0401001,SUPER LIMPIADOR DE PARABRISAS WURTH 32 ML,TG,1-Mantenimiento Periódico,Toyota,Otras marcas,6.22
F009-6418,2026-09-08 00:00:00,2026-09-08 00:00:00,X0401006,LIMPIADOR DE FRENOS 500 ML WURTH,TG,1-Mantenimiento Periódico,Toyota,Otras marcas,22.08
F009-6418,2026-09-08 00:00:00,2026-09-08 00:00:00,X0303033,FOCO NARVA HB3 12V 60W ,TG,1-Mantenimiento Periódico,Toyota,Otras marcas,50.84
B008-5233,2026-09-12 00:00:00,,0881380019,LIMPIA INYECTOR A,MO,-,,Toyota,36.02
T003-2276,2026-09-12 00:00:00,,0888060015,651313 - ACEITE 15W40 GL,MO,-,,Toyota,6194.46
T003-2276,2026-09-12 00:00:00,,0888070015,651519 ACEITE 10W30 4L,MO,-,,Toyota,361.14
T003-2276,2026-09-12 00:00:00,,0888060016,651268 ACEITE 15W40 1L,MO,-,,Toyota,734.88
T003-2276,2026-09-12 00:00:00,,90915YZZD2,FILTRO DE ACEITE,MO,-,,Toyota,224.46
T003-2276,2026-09-12 00:00:00,,233900L070,CONJUNTO ELEMENTO,MO,-,,Toyota,1077.54
T003-2276,2026-09-12 00:00:00,,178010E030,SUBCONJUNTO ELEME,MO,-,,Toyota,288.52
T003-2276,2026-09-12 00:00:00,,87139YZZ75,ELEMENTO REFINAD,MO,-,,Toyota,213.36
T003-2277,2026-09-12 00:00:00,,0888060015,651313 - ACEITE 15W40 GL,MO,-,,Toyota,364.38
T003-2278,2026-09-12 00:00:00,,X0305032,BATERIA BOSCH 95D31L,MO,-,,Otras marcas,419.27
T003-2278,2026-09-12 00:00:00,,X0305031,BATERIA BOSH S4 70D-25-B,MO,-,,Otras marcas,397.5
T003-2278,2026-09-12 00:00:00,,X0305016,BATERIA RECOR MAX SELLADA RM55 24 L- N,MO,-,,Otras marcas,216.12
T003-2278,2026-09-12 00:00:00,,X0305011,BATERIA RECORD RF 95 PI,MO,-,,Otras marcas,334.76
T003-2278,2026-09-12 00:00:00,,X0305019,BATERIA RECORD MAX RM65L2-N,MO,-,,Otras marcas,260.73
T003-2278,2026-09-12 00:00:00,,178010E030,SUBCONJUNTO ELEME,MO,-,,Toyota,384.4
T003-2278,2026-09-12 00:00:00,,178010C010,SUBCONJUNTO ELEME,MO,-,,Toyota,469.19
T003-2278,2026-09-12 00:00:00,,233900L070,CONJUNTO ELEMENTO,MO,-,,Toyota,1077.54
T003-2278,2026-09-12 00:00:00,,233900L041,CONJUNTO ELEMENTO,MO,-,,Toyota,1520.69
T003-2278,2026-09-12 00:00:00,,04465YZZK1,PASTILLA DELANTER,MO,-,,Toyota,654.16
T003-2278,2026-09-12 00:00:00,,044650K391,JUEGO PASTILLA FRENO DISCO FR,MO,-,,Toyota,1247.15
T003-2278,2026-09-12 00:00:00,,0888060015,651313 - ACEITE 15W40 GL,MO,-,,Toyota,772.49
T003-2278,2026-09-12 00:00:00,,0888060016,651268 ACEITE 15W40 1L,MO,-,,Toyota,584.23
T003-2279,2026-09-12 00:00:00,,0888581580,651273 ACEITE M/T 80W90 1L,MO,-,,Toyota,400.42
T003-2279,2026-09-12 00:00:00,,0888030015,651528 ACEITE 5W30 4L,MO,-,,Toyota,517.75
F008-14542,2026-09-12 00:00:00,,9031132019,SELLO DE ACEITE (,MO,-,,Toyota,34.12
F008-14543,2026-09-12 00:00:00,,481900K040,CONJUNTO LEVA AJU,MO,-,,Toyota,68.26
F009-6473,2026-09-12 00:00:00,2026-09-12 00:00:00,0888050001D,ACEITE 10W30 GASOL DECILITRO TOYOTA,TG,2-Mant. Correctivos y Trabajos Generales,Toyota,Toyota,60.53
F009-6473,2026-09-12 00:00:00,2026-09-12 00:00:00,90915YZZM3,SUNCONJUNTO DEL F,TG,2-Mant. Correctivos y Trabajos Generales,Toyota,Toyota,27.44
F009-6473,2026-09-12 00:00:00,2026-09-12 00:00:00,9043012031,EMPAQUETADURA (TAPON DE DRENAJE DE DEPOS,TG,2-Mant. Correctivos y Trabajos Generales,Toyota,Toyota,3.92
F008-14544,2026-09-12 00:00:00,,233900L041,CONJUNTO ELEMENTO,MO,-,,Toyota,1520.69
F008-14544,2026-09-12 00:00:00,,90915YZZD2,FILTRO DE ACEITE,MO,-,,Toyota,157.12
F008-14545,2026-09-12 00:00:00,,233900L070,CONJUNTO ELEMENTO,MO,-,,Toyota,646.52
F008-14545,2026-09-12 00:00:00,,90915YZZD2,FILTRO DE ACEITE,MO,-,,Toyota,291.79
T003-2280,2026-09-12 00:00:00,,90915YZZD2,FILTRO DE ACEITE,MO,-,,Toyota,224.46
T003-2280,2026-09-12 00:00:00,,233900L070,CONJUNTO ELEMENTO,MO,-,,Toyota,1077.54
T003-2280,2026-09-12 00:00:00,,15601BZ030,ELEMENTO FILTRO,MO,-,,Toyota,232.74
T003-2280,2026-09-12 00:00:00,,87139YZZ75,ELEMENTO REFINAD,MO,-,,Toyota,213.36
F009-6474,2026-09-14 00:00:00,2026-09-14 00:00:00,0888050005D,651529 ACEITE 5W-30 GASO SEMI DECILITRO,TG,1T-Mantenimiento Toyota Value,Toyota,Toyota,99.84
F009-6474,2026-09-14 00:00:00,2026-09-14 00:00:00,15601BZ030,ELEMENTO FILTRO,TG,1T-Mantenimiento Toyota Value,Toyota,Toyota,50.98
F009-6474,2026-09-14 00:00:00,2026-09-14 00:00:00,9043012031,EMPAQUETADURA (TAPON DE DRENAJE DE DEPOS,TG,1T-Mantenimiento Toyota Value,Toyota,Toyota,4.7
F009-6474,2026-09-14 00:00:00,2026-09-14 00:00:00,X0401001,SUPER LIMPIADOR DE PARABRISAS WURTH 32 ML,TG,1T-Mantenimiento Toyota Value,Toyota,Otras marcas,4.98
F009-6474,2026-09-14 00:00:00,2026-09-14 00:00:00,X0401006,LIMPIADOR DE FRENOS 500 ML WURTH,TG,1T-Mantenimiento Toyota Value,Toyota,Otras marcas,17.66
F009-6487,2026-09-15 00:00:00,2026-09-15 00:00:00,0888050005D,651529 ACEITE 5W-30 GASO SEMI DECILITRO,TG,1-Mantenimiento Periódico,Toyota,Toyota,143.36
F009-6487,2026-09-15 00:00:00,2026-09-15 00:00:00,9091510009,SUNCONJUNTO DEL F,TG,1-Mantenimiento Periódico,Toyota,Toyota,71.78
F009-6487,2026-09-15 00:00:00,2026-09-15 00:00:00,9043012031,EMPAQUETADURA (TAPON DE DRENAJE DE DEPOS,TG,1-Mantenimiento Periódico,Toyota,Toyota,4.7
F009-6487,2026-09-15 00:00:00,2026-09-15 00:00:00,X0401001,SUPER LIMPIADOR DE PARABRISAS WURTH 32 ML,TG,1-Mantenimiento Periódico,Toyota,Otras marcas,6.22
F009-6487,2026-09-15 00:00:00,2026-09-15 00:00:00,X0401006,LIMPIADOR DE FRENOS 500 ML WURTH,TG,1-Mantenimiento Periódico,Toyota,Otras marcas,22.08
F009-6477,2026-09-14 00:00:00,2026-09-14 00:00:00,0888050005D,651529 ACEITE 5W-30 GASO SEMI DECILITRO,TG,1-Mantenimiento Periódico,Toyota,Toyota,166.4
F009-6477,2026-09-14 00:00:00,2026-09-14 00:00:00,90915YZZD2,FILTRO DE ACEITE,TG,1-Mantenimiento Periódico,Toyota,Toyota,29.51
F009-6477,2026-09-14 00:00:00,2026-09-14 00:00:00,9043012031,EMPAQUETADURA (TAPON DE DRENAJE DE DEPOS,TG,1-Mantenimiento Periódico,Toyota,Toyota,4.7
F009-6477,2026-09-14 00:00:00,2026-09-14 00:00:00,0047500WWF,LIMPIA PARABRISA,TG,1-Mantenimiento Periódico,Toyota,Toyota,29.67
F009-6477,2026-09-14 00:00:00,2026-09-14 00:00:00,X0401006,LIMPIADOR DE FRENOS 500 ML WURTH,TG,1-Mantenimiento Periódico,Toyota,Otras marcas,22.08
F009-6480,2026-09-14 00:00:00,2026-09-14 00:00:00,08880H0018,650869 ACEITE HINO BALDE 2.5 15W40,TG,1-Mantenimiento Periódico,Hino,Hino,215.04
F009-6480,2026-09-14 00:00:00,2026-09-14 00:00:00,1560178140,ELEMENT FILTRO A,TG,1-Mantenimiento Periódico,Hino,Hino,74.71
F009-6480,2026-09-14 00:00:00,2026-09-14 00:00:00,2330478260,JGO. DE ELEMENTO,TG,1-Mantenimiento Periódico,Hino,Hino,122.76
F009-6480,2026-09-14 00:00:00,2026-09-14 00:00:00,23304EV570,JGO. DE ELEMENTO,TG,1-Mantenimiento Periódico,Hino,Hino,53.08
F009-6480,2026-09-14 00:00:00,2026-09-14 00:00:00,SZ43018009,EMPQUE TAPON DE C,TG,1-Mantenimiento Periódico,Hino,Hino,4.03
F009-6480,2026-09-14 00:00:00,2026-09-14 00:00:00,X0401006,LIMPIADOR DE FRENOS 500 ML WURTH,TG,1-Mantenimiento Periódico,Hino,Otras marcas,22.08
F009-6493,2026-09-15 00:00:00,2026-09-15 00:00:00,0888050002D,ACEITE 15W40 DIESEL DECILITRO TOYOTA,TG,1-Mantenimiento Periódico,Toyota,Toyota,164.11
F009-6493,2026-09-15 00:00:00,2026-09-15 00:00:00,90915YZZD2,FILTRO DE ACEITE,TG,1-Mantenimiento Periódico,Toyota,Toyota,29.51
F009-6493,2026-09-15 00:00:00,2026-09-15 00:00:00,9043012031,EMPAQUETADURA (TAPON DE DRENAJE DE DEPOS,TG,1-Mantenimiento Periódico,Toyota,Toyota,4.7
F009-6493,2026-09-15 00:00:00,2026-09-15 00:00:00,0047500WWF,LIMPIA PARABRISA,TG,1-Mantenimiento Periódico,Toyota,Toyota,29.67
F009-6493,2026-09-15 00:00:00,2026-09-15 00:00:00,X0401006,LIMPIADOR DE FRENOS 500 ML WURTH,TG,1-Mantenimiento Periódico,Toyota,Otras marcas,22.08
F009-6493,2026-09-15 00:00:00,2026-09-15 00:00:00,87139YZZ75,ELEMENTO REFINAD,TG,1-Mantenimiento Periódico,Toyota,Toyota,81.28
F009-6493,2026-09-15 00:00:00,2026-09-15 00:00:00,17801YZZA3,SUBCONJUNTO ELEME,TG,1-Mantenimiento Periódico,Toyota,Toyota,82.74
F009-6484,2026-09-14 00:00:00,2026-09-14 00:00:00,0888050002D,ACEITE 15W40 DIESEL DECILITRO TOYOTA,TG,1-Mantenimiento Periódico,Toyota,Toyota,164.11
F009-6484,2026-09-14 00:00:00,2026-09-14 00:00:00,90915YZZD2,FILTRO DE ACEITE,TG,1-Mantenimiento Periódico,Toyota,Toyota,29.51
F009-6484,2026-09-14 00:00:00,2026-09-14 00:00:00,9043012031,EMPAQUETADURA (TAPON DE DRENAJE DE DEPOS,TG,1-Mantenimiento Periódico,Toyota,Toyota,4.7
F009-6484,2026-09-14 00:00:00,2026-09-14 00:00:00,233900L070,CONJUNTO ELEMENTO,TG,1-Mantenimiento Periódico,Toyota,Toyota,141.61
F009-6484,2026-09-14 00:00:00,2026-09-14 00:00:00,0881380100,LIMPIA INYECTOR A,TG,1-Mantenimiento Periódico,Toyota,Toyota,85.68
F009-6484,2026-09-14 00:00:00,2026-09-14 00:00:00,0047500WWF,LIMPIA PARABRISA,TG,1-Mantenimiento Periódico,Toyota,Toyota,29.67
F009-6484,2026-09-14 00:00:00,2026-09-14 00:00:00,X0401006,LIMPIADOR DE FRENOS 500 ML WURTH,TG,1-Mantenimiento Periódico,Toyota,Otras marcas,22.08
F009-6484,2026-09-14 00:00:00,2026-09-14 00:00:00,17801YZZA3,SUBCONJUNTO ELEME,TG,1-Mantenimiento Periódico,Toyota,Toyota,82.74
T003-2281,2026-09-12 00:00:00,,1560178140,ELEMENT FILTRO A,MO,-,,Hino,224.12
T003-2281,2026-09-12 00:00:00,,2330478260,JGO. DE ELEMENTO,MO,-,,Hino,245.52
T003-2281,2026-09-12 00:00:00,,23304EV570,JGO. DE ELEMENTO,MO,-,,Hino,159.25
T003-2281,2026-09-12 00:00:00,,S156072051,FILTRO DE ACEITE,MO,-,,Hino,82.79
T003-2281,2026-09-12 00:00:00,,23304EV470,JGO. DE ELEMENTO,MO,-,,Hino,153.35
T003-2281,2026-09-12 00:00:00,,23304EV550,JGO. DE ELEMENTO,MO,-,,Hino,182.51
T003-2281,2026-09-12 00:00:00,,15613E0110,ELEMENTO FILTRO D,MO,-,,Hino,167.54
T003-2281,2026-09-12 00:00:00,,23304EV401,JGO. DE ELEMENTO,MO,-,,Hino,97.46
T003-2281,2026-09-12 00:00:00,,23304EV140,JGO. DE ELEMENTO,MO,-,,Hino,85.66
T003-2281,2026-09-12 00:00:00,,23304EV083,JGO. DE ELEMENTO,MO,-,,Hino,39.5
T003-2281,2026-09-12 00:00:00,,17801E0210,ELEMENTO AIRE,MO,-,,Hino,351.25
T003-2281,2026-09-12 00:00:00,,17801E0220,ELEMENTO AIRE,MO,-,,Hino,386.92
T003-2281,2026-09-12 00:00:00,,S178013380,ELEMENTO FILTRO DE AIRE,MO,-,,Hino,514.25
T003-2281,2026-09-12 00:00:00,,S178013391,ELEMENTO FILTRO DE AIRE,MO,-,,Hino,168.99
T003-2281,2026-09-12 00:00:00,,23304EV390,JGO. DE ELEMENTO,MO,-,,Hino,182.36
T003-2281,2026-09-12 00:00:00,,23304EV052,JGO. DE ELEMENTO,MO,-,,Hino,132.87
T003-2281,2026-09-12 00:00:00,,15613EV015,ELEMENTO FILTRO,MO,-,,Hino,191.18
T003-2281,2026-09-12 00:00:00,,1780178110,ELEMENTO AIRE,MO,-,,Hino,266.32
T003-2281,2026-09-12 00:00:00,,15613EV015,ELEMENTO FILTRO,MO,-,,Hino,63.73
T003-2281,2026-09-12 00:00:00,,23304EV052,JGO. DE ELEMENTO,MO,-,,Hino,44.29
T003-2281,2026-09-12 00:00:00,,1560178140,ELEMENT FILTRO A,MO,-,,Hino,149.41
T003-2281,2026-09-12 00:00:00,,23355EV013,ELEMENTO DE PREFI,MO,-,,Hino,39.68
T003-2281,2026-09-12 00:00:00,,0881380100,LIMPIA INYECTOR A,MO,-,,Toyota,257.04
T003-2281,2026-09-12 00:00:00,,08880H0018,650869 ACEITE HINO BALDE 2.5 15W40,MO,-,,Hino,430.08
T003-2281,2026-09-12 00:00:00,,08880H0017,650094 ACEITE HINO BALDE 15W40,MO,-,,Hino,417.45
F008-14546,2026-09-12 00:00:00,,481900K050,CONJUNTO LEVA AJ,MO,-,,Toyota,69.68
F008-14546,2026-09-12 00:00:00,,481900K040,CONJUNTO LEVA AJU,MO,-,,Toyota,68.26
F008-14546,2026-09-12 00:00:00,,481980K030,LEVA AJUSTE INCL,MO,-,,Toyota,160.99
F008-14547,2026-09-14 00:00:00,,233900L041,CONJUNTO ELEMENTO,MO,-,,Toyota,164.57
F008-14582,2026-09-16 00:00:00,,90915YZZD2,FILTRO DE ACEITE,MO,-,,Toyota,448.91
F008-14582,2026-09-16 00:00:00,,04152YZZD5,SUNCONJUNTO DEL F,MO,-,,Toyota,146.86
B009-5954,2026-09-14 00:00:00,2026-09-14 00:00:00,0888050005D,651529 ACEITE 5W-30 GASO SEMI DECILITRO,TG,2-Mant. Correctivos y Trabajos Generales,Toyota,Toyota,81.87
B009-5954,2026-09-14 00:00:00,2026-09-14 00:00:00,15601BZ030,ELEMENTO FILTRO,TG,2-Mant. Correctivos y Trabajos Generales,Toyota,Toyota,49.02
B009-5954,2026-09-14 00:00:00,2026-09-14 00:00:00,9043012031,EMPAQUETADURA (TAPON DE DRENAJE DE DEPOS,TG,2-Mant. Correctivos y Trabajos Generales,Toyota,Toyota,4.7
F008-14581,2026-09-16 00:00:00,,90915YZZD2,FILTRO DE ACEITE,MO,-,,Toyota,448.91
F009-6475,2026-09-14 00:00:00,2026-09-14 00:00:00,0888050002D,ACEITE 15W40 DIESEL DECILITRO TOYOTA,TG,1-Mantenimiento Periódico,Toyota,Toyota,164.11
F009-6475,2026-09-14 00:00:00,2026-09-14 00:00:00,90915YZZD2,FILTRO DE ACEITE,TG,1-Mantenimiento Periódico,Toyota,Toyota,29.51
F009-6475,2026-09-14 00:00:00,2026-09-14 00:00:00,9043012031,EMPAQUETADURA (TAPON DE DRENAJE DE DEPOS,TG,1-Mantenimiento Periódico,Toyota,Toyota,4.7
F009-6475,2026-09-14 00:00:00,2026-09-14 00:00:00,0047500WWF,LIMPIA PARABRISA,TG,1-Mantenimiento Periódico,Toyota,Toyota,29.67
F009-6475,2026-09-14 00:00:00,2026-09-14 00:00:00,X0401006,LIMPIADOR DE FRENOS 500 ML WURTH,TG,1-Mantenimiento Periódico,Toyota,Otras marcas,22.08
B008-5234,2026-09-14 00:00:00,,1111530032B0,EMPAQUETADURA CU,MO,-,,Toyota,311.73
B008-5235,2026-09-14 00:00:00,,90311T0069,SELLO ACEITE (ENV,MO,-,,Toyota,35.21
F009-6482,2026-09-14 00:00:00,2026-09-14 00:00:00,0888083840D,ACEITE 5W-30 DIESEL CF - 208 DECILITRO,TG,1-Mantenimiento Periódico,Toyota,Toyota,218.4
F009-6482,2026-09-14 00:00:00,2026-09-14 00:00:00,90915YZZD2,FILTRO DE ACEITE,TG,1-Mantenimiento Periódico,Toyota,Toyota,29.51
F009-6482,2026-09-14 00:00:00,2026-09-14 00:00:00,9043012031,EMPAQUETADURA (TAPON DE DRENAJE DE DEPOS,TG,1-Mantenimiento Periódico,Toyota,Toyota,4.7
F009-6482,2026-09-14 00:00:00,2026-09-14 00:00:00,0047500WWF,LIMPIA PARABRISA,TG,1-Mantenimiento Periódico,Toyota,Toyota,29.67
F009-6482,2026-09-14 00:00:00,2026-09-14 00:00:00,X0401006,LIMPIADOR DE FRENOS 500 ML WURTH,TG,1-Mantenimiento Periódico,Toyota,Otras marcas,22.08
F009-6482,2026-09-14 00:00:00,2026-09-14 00:00:00,17801YZZA3,SUBCONJUNTO ELEME,TG,1-Mantenimiento Periódico,Toyota,Toyota,82.74
F009-6482,2026-09-14 00:00:00,2026-09-14 00:00:00,87139YZZ75,ELEMENTO REFINAD,TG,1-Mantenimiento Periódico,Toyota,Toyota,81.28
B008-5236,2026-09-14 00:00:00,,233900L070,CONJUNTO ELEMENTO,MO,-,,Toyota,116.63
T003-2282,2026-09-14 00:00:00,,87139YZZ76,ELEMENTO REFINAD,MO,-,,Toyota,121.3
T003-2282,2026-09-14 00:00:00,,160310Y010,ENTRADA AGUA,MO,-,,Toyota,494.16
T003-2282,2026-09-14 00:00:00,,160310Y030,SUBCONJUNTO ENTRA,MO,-,,Toyota,424.72
T003-2282,2026-09-14 00:00:00,,X0305005,BATERIA RECORD RP505S-54316 -N,MO,-,,Otras marcas,693.31
T003-2282,2026-09-14 00:00:00,,X0305047,BANTERIA RECOR MAX INVERTIDA RM36 19FR N,MO,-,,Otras marcas,369.53
T003-2282,2026-09-14 00:00:00,,X0305045,BATERIA RECORD RP 40SP-44B19L-N,MO,-,,Otras marcas,198.0
T003-2283,2026-09-14 00:00:00,,90915YZZD2,FILTRO DE ACEITE,MO,-,,Toyota,224.46
T003-2283,2026-09-14 00:00:00,,15601BZ030,ELEMENTO FILTRO,MO,-,,Toyota,388.2
T003-2283,2026-09-14 00:00:00,,0888060016,651268 ACEITE 15W40 1L,MO,-,,Toyota,573.21
T003-2283,2026-09-14 00:00:00,,0888070016,651518 ACEITE 10W30 1L,MO,-,,Toyota,567.47
T003-2284,2026-09-14 00:00:00,,90915YZZD2,FILTRO DE ACEITE,MO,-,,Toyota,448.91
T003-2284,2026-09-14 00:00:00,,04152YZZD5,SUNCONJUNTO DEL F,MO,-,,Toyota,146.86
F008-14566,2026-09-15 00:00:00,,31250BZ270,CONJUNTO DISCO EM,MO,-,,Toyota,276.45
F008-14566,2026-09-15 00:00:00,,31210BZ210,CONJUNTO CUBIERTA,MO,-,,Toyota,307.01
F008-14566,2026-09-15 00:00:00,,31230BZ040,CONJUNTO COJINETE,MO,-,,Toyota,102.8
F008-14566,2026-09-15 00:00:00,,31232BZ070,RETENEDOR TUBO CO,MO,-,,Toyota,6.0
F008-14566,2026-09-15 00:00:00,,9004851212,BUJIA,MO,-,,Toyota,53.72
T003-2285,2026-09-14 00:00:00,,90915YZZD2,FILTRO DE ACEITE,MO,-,,Toyota,448.91
T003-2286,2026-09-14 00:00:00,,X0305047,BANTERIA RECOR MAX INVERTIDA RM36 19FR N,MO,-,,Otras marcas,184.77
T003-2286,2026-09-14 00:00:00,,0888070016,651518 ACEITE 10W30 1L,MO,-,,Toyota,300.1
B008-5237,2026-09-14 00:00:00,,1356839016,CORREA DISTRIBUCI,MO,-,,Toyota,140.39
F009-6479,2026-09-14 00:00:00,2026-09-14 00:00:00,0888050002D,ACEITE 15W40 DIESEL DECILITRO TOYOTA,TG,1T-Mantenimiento Toyota Value,Toyota,Toyota,164.11
F009-6479,2026-09-14 00:00:00,2026-09-14 00:00:00,90915YZZD2,FILTRO DE ACEITE,TG,1T-Mantenimiento Toyota Value,Toyota,Toyota,29.51
F009-6479,2026-09-14 00:00:00,2026-09-14 00:00:00,9043012031,EMPAQUETADURA (TAPON DE DRENAJE DE DEPOS,TG,1T-Mantenimiento Toyota Value,Toyota,Toyota,4.7
F009-6479,2026-09-14 00:00:00,2026-09-14 00:00:00,233900L070,CONJUNTO ELEMENTO,TG,1T-Mantenimiento Toyota Value,Toyota,Toyota,141.61
F009-6479,2026-09-14 00:00:00,2026-09-14 00:00:00,0881380100,LIMPIA INYECTOR A,TG,1T-Mantenimiento Toyota Value,Toyota,Toyota,85.68
F009-6479,2026-09-14 00:00:00,2026-09-14 00:00:00,X0401001,SUPER LIMPIADOR DE PARABRISAS WURTH 32 ML,TG,1T-Mantenimiento Toyota Value,Toyota,Otras marcas,6.22
F009-6479,2026-09-14 00:00:00,2026-09-14 00:00:00,X0401006,LIMPIADOR DE FRENOS 500 ML WURTH,TG,1T-Mantenimiento Toyota Value,Toyota,Otras marcas,22.08
B008-5238,2026-09-14 00:00:00,,0881380100,LIMPIA INYECTOR A,MO,-,,Toyota,72.03
F008-14550,2026-09-14 00:00:00,,0881380100,LIMPIA INYECTOR A,MO,-,,Toyota,72.03
F009-6478,2026-09-14 00:00:00,2026-09-14 00:00:00,17801YZZA3,SUBCONJUNTO ELEME,TG,2-Mant. Correctivos y Trabajos Generales,Toyota,Toyota,88.95
B009-5955,2026-09-14 00:00:00,2026-09-14 00:00:00,0888050005D,651529 ACEITE 5W-30 GASO SEMI DECILITRO,TG,1T-Mantenimiento Toyota Value,Toyota,Toyota,99.84
B009-5955,2026-09-14 00:00:00,2026-09-14 00:00:00,15601BZ030,ELEMENTO FILTRO,TG,1T-Mantenimiento Toyota Value,Toyota,Toyota,50.98
B009-5955,2026-09-14 00:00:00,2026-09-14 00:00:00,9043012031,EMPAQUETADURA (TAPON DE DRENAJE DE DEPOS,TG,1T-Mantenimiento Toyota Value,Toyota,Toyota,4.7
B009-5955,2026-09-14 00:00:00,2026-09-14 00:00:00,X0401001,SUPER LIMPIADOR DE PARABRISAS WURTH 32 ML,TG,1T-Mantenimiento Toyota Value,Toyota,Otras marcas,4.98
B009-5955,2026-09-14 00:00:00,2026-09-14 00:00:00,X0401006,LIMPIADOR DE FRENOS 500 ML WURTH,TG,1T-Mantenimiento Toyota Value,Toyota,Otras marcas,17.66
F008-14333,2026-09-01 00:00:00,,0411130724,JUEGO DE EMPAQUES,MO,-,,Toyota,950.86
F008-14333,2026-09-01 00:00:00,,1112230020,BUJE GUIA VALVUL,MO,-,,Toyota,393.44
F008-14333,2026-09-01 00:00:00,,1301130051,JUEGO ANILLOS DEL,MO,-,,Toyota,662.06
F008-14333,2026-09-01 00:00:00,,1111530032C0,EMPAQUETADURA CU,MO,-,,Toyota,305.24
F008-14333,2026-09-01 00:00:00,,1371130030,VALVULA ADMISION,MO,-,,Toyota,413.4
F008-14333,2026-09-01 00:00:00,,1371530030,VALVULA ESCAPE,MO,-,,Toyota,549.88
F008-14333,2026-09-01 00:00:00,,1132030070,CONJUNTO CAJA EN,MO,-,,Toyota,507.38
F008-14551,2026-09-14 00:00:00,,31250BZ270,CONJUNTO DISCO EM,MO,-,,Toyota,270.31
F008-14551,2026-09-14 00:00:00,,31210BZ210,CONJUNTO CUBIERTA,MO,-,,Toyota,295.21
F008-14551,2026-09-14 00:00:00,,31230BZ040,CONJUNTO COJINETE,MO,-,,Toyota,98.85
F008-14551,2026-09-14 00:00:00,,31232BZ070,RETENEDOR TUBO CO,MO,-,,Toyota,6.0
F008-14552,2026-09-14 00:00:00,,233900L041,CONJUNTO ELEMENTO,MO,-,,Toyota,82.29
F008-14552,2026-09-14 00:00:00,,90915YZZD2,FILTRO DE ACEITE,MO,-,,Toyota,24.29
F008-14332,2026-09-01 00:00:00,,11310BZ130,SUBCONJUNTO DE CU,MO,-,,Toyota,1218.63
F008-14553,2026-09-14 00:00:00,,9091603118,TERMOSTATO,MO,-,,Toyota,253.94
F008-14556,2026-09-14 00:00:00,,2368130010,SELLO SOPORTE BO,MO,-,,Toyota,42.08
F008-14557,2026-09-14 00:00:00,,233900L041,CONJUNTO ELEMENTO,MO,-,,Toyota,82.29
F008-14337,2026-09-01 00:00:00,,1350611011,CADENA,MO,-,,Toyota,154.81
F008-14337,2026-09-01 00:00:00,,1350711011,CADENA,MO,-,,Toyota,292.59
F008-14337,2026-09-01 00:00:00,,1354011010,CONJUNTO TENSOR C,MO,-,,Toyota,96.9
F008-14337,2026-09-01 00:00:00,,1355011010,CONJUNTO TENSOR N,MO,-,,Toyota,94.07
F008-14337,2026-09-01 00:00:00,,1355911010,DESLIZADOR TENSO,MO,-,,Toyota,88.74
F008-14337,2026-09-01 00:00:00,,1355911020,DESLIZADOR TENSO,MO,-,,Toyota,88.74
F008-14337,2026-09-01 00:00:00,,1356111011,AMORTIGUADOR NO.1,MO,-,,Toyota,69.77
F008-14337,2026-09-01 00:00:00,,1356211010,AMORTIGUADOR NO.2,MO,-,,Toyota,83.88
F008-14337,2026-09-01 00:00:00,,1356611030,GUIA CADENA DIST,MO,-,,Toyota,18.35
F009-6488,2026-09-15 00:00:00,2026-09-15 00:00:00,0446657010,"JUEGO PASTILLA, F",TG,2-Mant. Correctivos y Trabajos Generales,Toyota,Toyota,339.36
F009-6488,2026-09-15 00:00:00,2026-09-15 00:00:00,1780131180,SUBCONJUNTO ELEME,TG,2-Mant. Correctivos y Trabajos Generales,Toyota,Toyota,161.92
F009-6488,2026-09-15 00:00:00,2026-09-15 00:00:00,8713930110,"ELEMENTO, REFINAD",TG,2-Mant. Correctivos y Trabajos Generales,Toyota,Toyota,468.16
T003-2287,2026-09-14 00:00:00,,0888070015,651519 ACEITE 10W30 4L,MO,-,,Toyota,3611.4
T003-2287,2026-09-14 00:00:00,,0888060015,651313 - ACEITE 15W40 GL,MO,-,,Toyota,9109.5
T003-2287,2026-09-14 00:00:00,,0888030015,651528 ACEITE 5W30 4L,MO,-,,Toyota,2353.4
T003-2287,2026-09-14 00:00:00,,90915YZZD2,FILTRO DE ACEITE,MO,-,,Toyota,1122.28
T003-2288,2026-09-14 00:00:00,,0888060015,651313 - ACEITE 15W40 GL,MO,-,,Toyota,728.76
B009-5957,2026-09-14 00:00:00,2026-09-14 00:00:00,0888083840D,ACEITE 5W-30 DIESEL CF - 208 DECILITRO,TG,1T-Mantenimiento Toyota Value,Toyota,Toyota,218.4
B009-5957,2026-09-14 00:00:00,2026-09-14 00:00:00,90915YZZD2,FILTRO DE ACEITE,TG,1T-Mantenimiento Toyota Value,Toyota,Toyota,29.51
B009-5957,2026-09-14 00:00:00,2026-09-14 00:00:00,9043012031,EMPAQUETADURA (TAPON DE DRENAJE DE DEPOS,TG,1T-Mantenimiento Toyota Value,Toyota,Toyota,4.7
B009-5957,2026-09-14 00:00:00,2026-09-14 00:00:00,X0401001,SUPER LIMPIADOR DE PARABRISAS WURTH 32 ML,TG,1T-Mantenimiento Toyota Value,Toyota,Otras marcas,6.22
B009-5915,2026-09-09 00:00:00,2026-09-09 00:00:00,0888050005D,651529 ACEITE 5W-30 GASO SEMI DECILITRO,TG,1T-Mantenimiento Toyota Value,Toyota,Toyota,92.16
B009-5915,2026-09-09 00:00:00,2026-09-09 00:00:00,15601BZ030,ELEMENTO FILTRO,TG,1T-Mantenimiento Toyota Value,Toyota,Toyota,50.98
B009-5915,2026-09-09 00:00:00,2026-09-09 00:00:00,9043012031,EMPAQUETADURA (TAPON DE DRENAJE DE DEPOS,TG,1T-Mantenimiento Toyota Value,Toyota,Toyota,4.7
B009-5915,2026-09-09 00:00:00,2026-09-09 00:00:00,X0401001,SUPER LIMPIADOR DE PARABRISAS WURTH 32 ML,TG,1T-Mantenimiento Toyota Value,Toyota,Otras marcas,4.98
B009-5915,2026-09-09 00:00:00,2026-09-09 00:00:00,X0401006,LIMPIADOR DE FRENOS 500 ML WURTH,TG,1T-Mantenimiento Toyota Value,Toyota,Otras marcas,17.66
B009-5915,2026-09-09 00:00:00,2026-09-09 00:00:00,X0401006,LIMPIADOR DE FRENOS 500 ML WURTH,TG,1T-Mantenimiento Toyota Value,Toyota,Otras marcas,-17.66
F008-14558,2026-09-14 00:00:00,,0888060015,651313 - ACEITE 15W40 GL,MO,-,,Toyota,240.09
F008-14558,2026-09-14 00:00:00,,233900L070,CONJUNTO ELEMENTO,MO,-,,Toyota,116.63
F008-14558,2026-09-14 00:00:00,,90915YZZD2,FILTRO DE ACEITE,MO,-,,Toyota,24.29
F008-14558,2026-09-14 00:00:00,,0881380100,LIMPIA INYECTOR A,MO,-,,Toyota,36.02
F008-14558,2026-09-14 00:00:00,,9043012031,EMPAQUETADURA (TAPON DE DRENAJE DE DEPOS,MO,-,,Toyota,4.7
F009-6481,2026-09-14 00:00:00,2026-09-14 00:00:00,SEGURMAGNE,SEGUROS DE ARO,TG,2-Mant. Correctivos y Trabajos Generales,Toyota,Toyota,28.4
F008-14559,2026-09-14 00:00:00,,1356839016,CORREA DISTRIBUCI,MO,-,,Toyota,140.39
F008-14559,2026-09-14 00:00:00,,17801AZA19,SUBCONJUNTO ELEME,MO,-,,Toyota,88.38
B009-5958,2026-09-15 00:00:00,2026-09-15 00:00:00,0888050005D,651529 ACEITE 5W-30 GASO SEMI DECILITRO,TG,1T-Mantenimiento Toyota Value,Toyota,Toyota,99.84
B009-5958,2026-09-15 00:00:00,2026-09-15 00:00:00,15601BZ030,ELEMENTO FILTRO,TG,1T-Mantenimiento Toyota Value,Toyota,Toyota,50.98
B009-5958,2026-09-15 00:00:00,2026-09-15 00:00:00,9043012031,EMPAQUETADURA (TAPON DE DRENAJE DE DEPOS,TG,1T-Mantenimiento Toyota Value,Toyota,Toyota,4.7
B009-5958,2026-09-15 00:00:00,2026-09-15 00:00:00,X0401001,SUPER LIMPIADOR DE PARABRISAS WURTH 32 ML,TG,1T-Mantenimiento Toyota Value,Toyota,Otras marcas,6.22
F009-6413,2026-09-07 00:00:00,2026-09-07 00:00:00,312500K281,CONJUNTO DISCO EM,TG,1-Mantenimiento Periódico,Toyota,Toyota,644.46
F009-6413,2026-09-07 00:00:00,2026-09-07 00:00:00,312100K281,CUBIERTA EMBRAGUE,TG,1-Mantenimiento Periódico,Toyota,Toyota,855.22
F009-6413,2026-09-07 00:00:00,2026-09-07 00:00:00,3123071052,CONJUNTO COJINETE,TG,1-Mantenimiento Periódico,Toyota,Toyota,343.41
F009-6413,2026-09-07 00:00:00,2026-09-07 00:00:00,9036312024,COJINETE (EJE ENTRADA),TG,1-Mantenimiento Periódico,Toyota,Toyota,24.66
F009-6413,2026-09-07 00:00:00,2026-09-07 00:00:00,3124171010,SELLO POLVO DE L,TG,1-Mantenimiento Periódico,Toyota,Toyota,3.07
F009-6413,2026-09-07 00:00:00,2026-09-07 00:00:00,312430K010,COLLAR HORQUILLA,TG,1-Mantenimiento Periódico,Toyota,Toyota,7.8
F009-6413,2026-09-07 00:00:00,2026-09-07 00:00:00,X0303001,LAMPARA NARVA P21 5W 12V 2 CONTACTOS C BASE,TG,1-Mantenimiento Periódico,Toyota,Otras marcas,10.0
F009-6413,2026-09-07 00:00:00,2026-09-07 00:00:00,X0104001,CINTA ELECTRICA AISLANTE DE VINIL 3M TEMFLEX NEGRO,TG,1-Mantenimiento Periódico,Toyota,Otras marcas,8.85
B009-5959,2026-09-15 00:00:00,2026-09-15 00:00:00,0888050005D,651529 ACEITE 5W-30 GASO SEMI DECILITRO,TG,1T-Mantenimiento Toyota Value,Toyota,Toyota,92.16
B009-5959,2026-09-15 00:00:00,2026-09-15 00:00:00,15601BZ030,ELEMENTO FILTRO,TG,1T-Mantenimiento Toyota Value,Toyota,Toyota,50.98
B009-5959,2026-09-15 00:00:00,2026-09-15 00:00:00,9043012031,EMPAQUETADURA (TAPON DE DRENAJE DE DEPOS,TG,1T-Mantenimiento Toyota Value,Toyota,Toyota,4.7
B009-5959,2026-09-15 00:00:00,2026-09-15 00:00:00,X0401001,SUPER LIMPIADOR DE PARABRISAS WURTH 32 ML,TG,1T-Mantenimiento Toyota Value,Toyota,Otras marcas,4.98
B009-5959,2026-09-15 00:00:00,2026-09-15 00:00:00,X0401006,LIMPIADOR DE FRENOS 500 ML WURTH,TG,1T-Mantenimiento Toyota Value,Toyota,Otras marcas,17.66
F009-6489,2026-09-15 00:00:00,2026-09-15 00:00:00,0888050002D,ACEITE 15W40 DIESEL DECILITRO TOYOTA,TG,1-Mantenimiento Periódico,Toyota,Toyota,164.11
F009-6489,2026-09-15 00:00:00,2026-09-15 00:00:00,90915YZZD2,FILTRO DE ACEITE,TG,1-Mantenimiento Periódico,Toyota,Toyota,29.51
F009-6489,2026-09-15 00:00:00,2026-09-15 00:00:00,9043012031,EMPAQUETADURA (TAPON DE DRENAJE DE DEPOS,TG,1-Mantenimiento Periódico,Toyota,Toyota,4.7
F009-6489,2026-09-15 00:00:00,2026-09-15 00:00:00,0047500WWF,LIMPIA PARABRISA,TG,1-Mantenimiento Periódico,Toyota,Toyota,29.67
F009-6489,2026-09-15 00:00:00,2026-09-15 00:00:00,X0401006,LIMPIADOR DE FRENOS 500 ML WURTH,TG,1-Mantenimiento Periódico,Toyota,Otras marcas,22.08
F009-6489,2026-09-15 00:00:00,2026-09-15 00:00:00,17801YZZA3,SUBCONJUNTO ELEME,TG,1-Mantenimiento Periódico,Toyota,Toyota,82.74
F009-6489,2026-09-15 00:00:00,2026-09-15 00:00:00,87139YZZ75,ELEMENTO REFINAD,TG,1-Mantenimiento Periódico,Toyota,Toyota,81.28
B009-5960,2026-09-15 00:00:00,2026-09-15 00:00:00,0888050002D,ACEITE 15W40 DIESEL DECILITRO TOYOTA,TG,1-Mantenimiento Periódico,Toyota,Toyota,164.11
B009-5960,2026-09-15 00:00:00,2026-09-15 00:00:00,90915YZZD2,FILTRO DE ACEITE,TG,1-Mantenimiento Periódico,Toyota,Toyota,29.51
B009-5960,2026-09-15 00:00:00,2026-09-15 00:00:00,9043012031,EMPAQUETADURA (TAPON DE DRENAJE DE DEPOS,TG,1-Mantenimiento Periódico,Toyota,Toyota,4.7
B009-5960,2026-09-15 00:00:00,2026-09-15 00:00:00,233900L070,CONJUNTO ELEMENTO,TG,1-Mantenimiento Periódico,Toyota,Toyota,141.61
B009-5960,2026-09-15 00:00:00,2026-09-15 00:00:00,X0401006,LIMPIADOR DE FRENOS 500 ML WURTH,TG,1-Mantenimiento Periódico,Toyota,Otras marcas,22.08
B008-5240,2026-09-14 00:00:00,,0881603001,OIL SILICON AA1,MO,-,,Toyota,124.56
T003-2290,2026-09-15 00:00:00,,6932037150,CERRADURA PUERTA,MO,-,,Hino,1615.72
T003-2290,2026-09-15 00:00:00,,6931037150,CERRADURA PUERTA DELANTERA,MO,-,,Hino,506.63
T003-2290,2026-09-15 00:00:00,,481473V660,PERNO RESORTE POSTERIOR CENTRAL,MO,-,,Toyota,167.18
T003-2290,2026-09-15 00:00:00,,6980137070,REGULADOR VIDRIO,MO,-,,Hino,1252.16
T003-2290,2026-09-15 00:00:00,,6980237070,REGULADOR VIDRIO PUERTA IZQ,MO,-,,Hino,539.11
T003-2290,2026-09-15 00:00:00,,SZ10612081,PERNO,MO,-,,Hino,380.2
T003-2290,2026-09-15 00:00:00,,SL11101616,TUERCA,MO,-,,Hino,42.46
F009-6485,2026-09-14 00:00:00,2026-09-14 00:00:00,0888050002D,ACEITE 15W40 DIESEL DECILITRO TOYOTA,TG,1T-Mantenimiento Toyota Value,Toyota,Toyota,164.11
F009-6485,2026-09-14 00:00:00,2026-09-14 00:00:00,90915YZZD2,FILTRO DE ACEITE,TG,1T-Mantenimiento Toyota Value,Toyota,Toyota,29.51
F009-6485,2026-09-14 00:00:00,2026-09-14 00:00:00,9043012031,EMPAQUETADURA (TAPON DE DRENAJE DE DEPOS,TG,1T-Mantenimiento Toyota Value,Toyota,Toyota,4.7
F009-6485,2026-09-14 00:00:00,2026-09-14 00:00:00,X0401001,SUPER LIMPIADOR DE PARABRISAS WURTH 32 ML,TG,1T-Mantenimiento Toyota Value,Toyota,Otras marcas,4.98
F009-6485,2026-09-14 00:00:00,2026-09-14 00:00:00,X0401006,LIMPIADOR DE FRENOS 500 ML WURTH,TG,1T-Mantenimiento Toyota Value,Toyota,Otras marcas,17.66
F008-14561,2026-09-14 00:00:00,,90915YZZM3,SUNCONJUNTO DEL F,MO,-,,Toyota,26.14
F008-14562,2026-09-14 00:00:00,,17801AZA19,SUBCONJUNTO ELEME,MO,-,,Toyota,88.38
T003-2289,2026-09-14 00:00:00,,90310T0008,SELLO ACEITE (EJ,MO,-,,Toyota,137.86
T003-2289,2026-09-14 00:00:00,,0881603001,OIL SILICON AA1,MO,-,,Toyota,151.94
T003-2289,2026-09-14 00:00:00,,17801BZ150,SUBCONJUNTO ELEME,MO,-,,Toyota,133.55
T003-2289,2026-09-14 00:00:00,,90915YZZD2,FILTRO DE ACEITE,MO,-,,Toyota,224.46
T003-2289,2026-09-14 00:00:00,,233900L041,CONJUNTO ELEMENTO,MO,-,,Toyota,760.35
T003-2289,2026-09-14 00:00:00,,233900L070,CONJUNTO ELEMENTO,MO,-,,Toyota,1077.54
T003-2289,2026-09-14 00:00:00,,2368230020,EMPAQUETADURA CUBIERTA CULATA CILINDROS,MO,-,,Toyota,198.46
T003-2289,2026-09-14 00:00:00,,2368130010,SELLO SOPORTE BO,MO,-,,Toyota,81.82
T003-2289,2026-09-14 00:00:00,,0888030015,651528 ACEITE 5W30 4L,MO,-,,Toyota,489.51
T003-2289,2026-09-14 00:00:00,,0888030016,651527 ACEITE 5W30 1/4GL,MO,-,,Toyota,370.47
T003-2289,2026-09-14 00:00:00,,0888060015,651313 - ACEITE 15W40 GL,MO,-,,Toyota,1136.87
T003-2289,2026-09-14 00:00:00,,0888060016,651268 ACEITE 15W40 1L,MO,-,,Toyota,286.6
F009-6492,2026-09-15 00:00:00,2026-09-15 00:00:00,0447860050,JUEGO CILINDRO FRENO DISCO FRONTAL,TG,2-Mant. Correctivos y Trabajos Generales,Toyota,Toyota,136.64
F009-6492,2026-09-15 00:00:00,2026-09-15 00:00:00,0882380010,LIQUIDO DE FRENO,TG,2-Mant. Correctivos y Trabajos Generales,Toyota,Toyota,54.52
F009-6492,2026-09-15 00:00:00,2026-09-15 00:00:00,044650K391,JUEGO PASTILLA FRENO DISCO FR,TG,2-Mant. Correctivos y Trabajos Generales,Toyota,Toyota,568.87
F009-6492,2026-09-15 00:00:00,2026-09-15 00:00:00,435120K280,DISCO FRONTAL,TG,2-Mant. Correctivos y Trabajos Generales,Toyota,Toyota,1479.34
F009-6492,2026-09-15 00:00:00,2026-09-15 00:00:00,S472DH48BHLX,BATERIA HILUX,TG,2-Mant. Correctivos y Trabajos Generales,Toyota,Toyota,578.83
F009-6492,2026-09-15 00:00:00,2026-09-15 00:00:00,488150K090,BUJE BARRA ESTAB,TG,2-Mant. Correctivos y Trabajos Generales,Toyota,Toyota,168.32
F008-14564,2026-09-15 00:00:00,,9043012031,EMPAQUETADURA (TAPON DE DRENAJE DE DEPOS,MO,-,,Toyota,195.75
F008-14564,2026-09-15 00:00:00,,1356839016,CORREA DISTRIBUCI,MO,-,,Toyota,248.38
F008-14564,2026-09-15 00:00:00,,1354067020,CONJUNTO TENSOR C,MO,-,,Toyota,252.77
F008-14564,2026-09-15 00:00:00,,1350567042,SUBCONJUNTO ENGRANAJE INTERMEDIO NO.1 C,MO,-,,Toyota,425.62
LI03-2656,2026-09-15 00:00:00,2026-09-15 00:00:00,PH3B10KA11,LONA MARINA,NVS,4N-OT Interna Accesorios NVS,Toyota,Toyota,900.0
F008-14563,2026-09-15 00:00:00,,233900L041,CONJUNTO ELEMENTO,MO,-,,Toyota,82.29
B008-5241,2026-09-15 00:00:00,,9004311317,SELLO ACEITE EJE,MO,-,,Toyota,43.83
AN08-28,2026-09-15 00:00:00,,6932037150,CERRADURA PUERTA,MO,-,,Hino,-1615.72
AN08-28,2026-09-15 00:00:00,,6931037150,CERRADURA PUERTA DELANTERA,MO,-,,Hino,-506.63
AN08-28,2026-09-15 00:00:00,,481473V660,PERNO RESORTE POSTERIOR CENTRAL,MO,-,,Toyota,-167.18
AN08-28,2026-09-15 00:00:00,,6980137070,REGULADOR VIDRIO,MO,-,,Hino,-1252.16
AN08-28,2026-09-15 00:00:00,,6980237070,REGULADOR VIDRIO PUERTA IZQ,MO,-,,Hino,-589.65
AN08-28,2026-09-15 00:00:00,,SZ10612081,PERNO,MO,-,,Hino,-380.2
AN08-28,2026-09-15 00:00:00,,SL11101616,TUERCA,MO,-,,Hino,-42.44
F008-14434,2026-09-05 00:00:00,,485108Z205,CONJUNTO DE AMORTIGUADOR FRONTAL DERECH,MO,-,,Toyota,745.08
F008-14434,2026-09-05 00:00:00,,4854109290,CONJUNTO AMOTIGUA,MO,-,,Toyota,455.4
F008-14434,2026-09-05 00:00:00,,178010E030,SUBCONJUNTO ELEME,MO,-,,Toyota,961.0
F008-14434,2026-09-05 00:00:00,,15601BZ030,ELEMENTO FILTRO,MO,-,,Toyota,388.2
F008-14434,2026-09-05 00:00:00,,04152YZZD7,SUNCONJUNTO DEL F,MO,-,,Toyota,228.19
F008-14434,2026-09-05 00:00:00,,90915YZZD2,FILTRO DE ACEITE,MO,-,,Toyota,448.91
F008-14434,2026-09-05 00:00:00,,90385T0017,BUJE (INFERIOR DE,MO,-,,Toyota,195.89
F008-14434,2026-09-05 00:00:00,,0447860050,JUEGO CILINDRO FRENO DISCO FRONTAL,MO,-,,Toyota,357.87
F008-14434,2026-09-05 00:00:00,,044650K391,JUEGO PASTILLA FRENO DISCO FR,MO,-,,Toyota,1207.76
F008-14434,2026-09-05 00:00:00,,9031153001,RETEN DE ACEITE,MO,-,,Toyota,240.18
F008-14434,2026-09-05 00:00:00,,90366T0060,COJINETE (EJE TR.,MO,-,,Toyota,269.2
F008-14434,2026-09-05 00:00:00,,9091603118,TERMOSTATO,MO,-,,Toyota,243.14
F008-14434,2026-09-05 00:00:00,,47644BZ010,PALANCA AJUSTE AUTOMATICO IZQUIERDA,MO,-,,Toyota,69.16
F008-14434,2026-09-05 00:00:00,,04495B1320,JGO. ZAPATA POSTE,MO,-,,Toyota,218.87
F008-14434,2026-09-05 00:00:00,,0881380100,LIMPIA INYECTOR A,MO,-,,Toyota,360.24
F008-14434,2026-09-05 00:00:00,,0446657010,"JUEGO PASTILLA, F",MO,-,,Toyota,352.93
F008-14434,2026-09-05 00:00:00,,0446560380,JUEGO PASTILLA FR,MO,-,,Toyota,527.19
F009-6494,2026-09-15 00:00:00,2026-09-15 00:00:00,0888050002D,ACEITE 15W40 DIESEL DECILITRO TOYOTA,TG,1-Mantenimiento Periódico,Toyota,Toyota,164.11
F009-6494,2026-09-15 00:00:00,2026-09-15 00:00:00,90915YZZD2,FILTRO DE ACEITE,TG,1-Mantenimiento Periódico,Toyota,Toyota,29.51
F009-6494,2026-09-15 00:00:00,2026-09-15 00:00:00,9043012031,EMPAQUETADURA (TAPON DE DRENAJE DE DEPOS,TG,1-Mantenimiento Periódico,Toyota,Toyota,4.7
F009-6494,2026-09-15 00:00:00,2026-09-15 00:00:00,233900L070,CONJUNTO ELEMENTO,TG,1-Mantenimiento Periódico,Toyota,Toyota,141.61
F009-6494,2026-09-15 00:00:00,2026-09-15 00:00:00,0881380100,LIMPIA INYECTOR A,TG,1-Mantenimiento Periódico,Toyota,Toyota,85.68
F009-6494,2026-09-15 00:00:00,2026-09-15 00:00:00,0047500WWF,LIMPIA PARABRISA,TG,1-Mantenimiento Periódico,Toyota,Toyota,29.67
F009-6494,2026-09-15 00:00:00,2026-09-15 00:00:00,X0401006,LIMPIADOR DE FRENOS 500 ML WURTH,TG,1-Mantenimiento Periódico,Toyota,Otras marcas,22.08
F009-6494,2026-09-15 00:00:00,2026-09-15 00:00:00,482520K010,SILENCIADOR RESO,TG,1-Mantenimiento Periódico,Toyota,Toyota,119.92
B008-5148,2026-09-01 00:00:00,,815800D500,CONJUNTO LAMPARA,MO,-,,Toyota,511.02
B008-5148,2026-09-01 00:00:00,,815900D500,CONJ.LAMPARA TR.,MO,-,,Toyota,511.02
B009-5961,2026-09-15 00:00:00,2026-09-15 00:00:00,0888050002D,ACEITE 15W40 DIESEL DECILITRO TOYOTA,TG,1-Mantenimiento Periódico,Toyota,Toyota,164.11
B009-5961,2026-09-15 00:00:00,2026-09-15 00:00:00,90915YZZD2,FILTRO DE ACEITE,TG,1-Mantenimiento Periódico,Toyota,Toyota,29.51
B009-5961,2026-09-15 00:00:00,2026-09-15 00:00:00,9043012031,EMPAQUETADURA (TAPON DE DRENAJE DE DEPOS,TG,1-Mantenimiento Periódico,Toyota,Toyota,4.7
B009-5961,2026-09-15 00:00:00,2026-09-15 00:00:00,233900L070,CONJUNTO ELEMENTO,TG,1-Mantenimiento Periódico,Toyota,Toyota,141.61
B009-5961,2026-09-15 00:00:00,2026-09-15 00:00:00,0881380100,LIMPIA INYECTOR A,TG,1-Mantenimiento Periódico,Toyota,Toyota,85.68
B009-5961,2026-09-15 00:00:00,2026-09-15 00:00:00,0047500WWF,LIMPIA PARABRISA,TG,1-Mantenimiento Periódico,Toyota,Toyota,29.67
B009-5961,2026-09-15 00:00:00,2026-09-15 00:00:00,X0401006,LIMPIADOR DE FRENOS 500 ML WURTH,TG,1-Mantenimiento Periódico,Toyota,Otras marcas,22.08
B008-5147,2026-09-01 00:00:00,,81920BZ090,CONJUNTO REFLECTO,MO,-,,Toyota,125.96
B008-5147,2026-09-01 00:00:00,,81561BZ240,LENTE Y CUERPO L,MO,-,,Toyota,329.2
F008-14330,2026-09-01 00:00:00,,1301130051,JUEGO ANILLOS DEL,MO,-,,Toyota,662.06
F008-14330,2026-09-01 00:00:00,,0411130724,JUEGO DE EMPAQUES,MO,-,,Toyota,950.86
F008-14330,2026-09-01 00:00:00,,1111530032C0,EMPAQUETADURA CU,MO,-,,Toyota,311.73
F008-14330,2026-09-01 00:00:00,,1371130030,VALVULA ADMISION,MO,-,,Toyota,413.4
F008-14330,2026-09-01 00:00:00,,1371530030,VALVULA ESCAPE,MO,-,,Toyota,549.88
F008-14330,2026-09-01 00:00:00,,1112230020,BUJE GUIA VALVUL,MO,-,,Toyota,393.44
F009-6491,2026-09-15 00:00:00,2026-09-15 00:00:00,X1104001,NEUMATICO BRIDGESTONE 265/60R18 110T DUELER A/T 697,TG,2-Mant. Correctivos y Trabajos Generales,Toyota,Otras marcas,1949.16
B008-5243,2026-09-15 00:00:00,,233900L041,CONJUNTO ELEMENTO,MO,-,,Toyota,82.29
B008-5243,2026-09-15 00:00:00,,90915YZZD2,FILTRO DE ACEITE,MO,-,,Toyota,24.29
B008-5152,2026-09-01 00:00:00,,75601BZ130,SUBCONJ. MOLDURA,MO,-,,Toyota,356.43
F008-14567,2026-09-15 00:00:00,,1354011010,CONJUNTO TENSOR C,MO,-,,Toyota,101.12
F008-14567,2026-09-15 00:00:00,,1356211010,AMORTIGUADOR NO.2,MO,-,,Toyota,87.52
F008-14567,2026-09-15 00:00:00,,1352111040,ENGRANAJE O RUEDA,MO,-,,Toyota,93.79
F008-14567,2026-09-15 00:00:00,,136160E011,ENGRANAJE (IMPULS,MO,-,,Toyota,84.24
F008-14567,2026-09-15 00:00:00,,1355911010,DESLIZADOR TENSO,MO,-,,Toyota,92.6
F008-14567,2026-09-15 00:00:00,,1356611030,GUIA CADENA DIST,MO,-,,Toyota,19.15
F008-14567,2026-09-15 00:00:00,,1375026010,CONJUNTO AJUSTADO,MO,-,,Toyota,1086.85
F008-14567,2026-09-15 00:00:00,,1352311030,ENGRANAJE O RUEDA,MO,-,,Toyota,188.82
F008-14567,2026-09-15 00:00:00,,1350611011,CADENA,MO,-,,Toyota,161.54
F008-14567,2026-09-15 00:00:00,,1355011010,CONJUNTO TENSOR N,MO,-,,Toyota,98.16
F008-14567,2026-09-15 00:00:00,,1350711011,CADENA,MO,-,,Toyota,305.31
F008-14567,2026-09-15 00:00:00,,1356111011,AMORTIGUADOR NO.1,MO,-,,Toyota,72.8
F008-14567,2026-09-15 00:00:00,,1355911020,DESLIZADOR TENSO,MO,-,,Toyota,92.6
F008-14568,2026-09-15 00:00:00,,2368130010,SELLO SOPORTE BO,MO,-,,Toyota,40.91
F008-14568,2026-09-15 00:00:00,,2368230020,EMPAQUETADURA CUBIERTA CULATA CILINDROS,MO,-,,Toyota,99.23
F008-14571,2026-09-15 00:00:00,,0881603001,OIL SILICON AA1,MO,-,,Toyota,151.94
FF03-94,2026-09-15 00:00:00,,0888070015,651519 ACEITE 10W30 4L,MO,-,,Toyota,187.79
F008-14573,2026-09-15 00:00:00,,0881603001,OIL SILICON AA1,MO,-,,Toyota,75.97
F008-14574,2026-09-15 00:00:00,,90915YZZD2,FILTRO DE ACEITE,MO,-,,Toyota,24.33
F008-14396,2026-09-03 00:00:00,,1236154121,AISLADOR FRONTAL MONTURA DEL MOTOR,MO,-,,Toyota,1146.51
F008-14396,2026-09-03 00:00:00,,9052036045,ANILLO RESORTE (SEMIEJE TRASERO),MO,-,,Toyota,184.24
F008-14396,2026-09-03 00:00:00,,2368130010,SELLO SOPORTE BO,MO,-,,Toyota,102.27
F008-14575,2026-09-15 00:00:00,,312500K222,CONJUNTO DISCO EMBRAGUE,MO,-,,Toyota,541.61
F008-14575,2026-09-15 00:00:00,,312100K190,CONJUNTO CUBIERTA EMBRAGUE,MO,-,,Toyota,730.94
B008-5245,2026-09-15 00:00:00,,0881603001,OIL SILICON AA1,MO,-,,Toyota,207.6
F008-14576,2026-09-15 00:00:00,,044650K391,JUEGO PASTILLA FRENO DISCO FR,MO,-,,Toyota,454.01
T003-2291,2026-09-15 00:00:00,,233900L070,CONJUNTO ELEMENTO,MO,-,,Toyota,3232.61
T003-2291,2026-09-15 00:00:00,,233900L041,CONJUNTO ELEMENTO,MO,-,,Toyota,3801.74
T003-2291,2026-09-15 00:00:00,,90915YZZD2,FILTRO DE ACEITE,MO,-,,Toyota,2244.56
T003-2291,2026-09-15 00:00:00,,178010C010,SUBCONJUNTO ELEME,MO,-,,Toyota,1173.86
T003-2291,2026-09-15 00:00:00,,9034118032,TAPON LLENADOR DIFERENCIAL FR.,MO,-,,Toyota,289.03
F008-14577,2026-09-15 00:00:00,,1350611011,CADENA,MO,-,,Toyota,158.17
F008-14577,2026-09-15 00:00:00,,1350711011,CADENA,MO,-,,Toyota,298.95
F008-14577,2026-09-15 00:00:00,,1354011010,CONJUNTO TENSOR C,MO,-,,Toyota,99.01
F008-14577,2026-09-15 00:00:00,,1355011010,CONJUNTO TENSOR N,MO,-,,Toyota,96.12
F008-14580,2026-09-15 00:00:00,,1121347020,EMPAQUETADURA TA,MO,-,Toyota,Toyota,65.29
F008-14580,2026-09-15 00:00:00,,160310Y010,ENTRADA AGUA,MO,-,Toyota,Toyota,180.22
B008-5145,2026-09-01 00:00:00,,31250BZ080,CONJUNTO DISCO EMBRAGUE,MO,-,,Toyota,332.75
B008-5145,2026-09-01 00:00:00,,31210BZ081,CONJUNTO CUBIERTA,MO,-,,Toyota,400.89
B008-5145,2026-09-01 00:00:00,,31230BZ060,CONJUNTO COJINETE,MO,-,,Toyota,165.77
B008-5145,2026-09-01 00:00:00,,3123287401,RETENEDOR TUBO CO,MO,-,,Toyota,7.39
F009-6392,2026-09-04 00:00:00,2026-09-04 00:00:00,0888050002D,ACEITE 15W40 DIESEL DECILITRO TOYOTA,TG,1-Mantenimiento Periódico,Toyota,Toyota,143.6
F009-6392,2026-09-04 00:00:00,2026-09-04 00:00:00,90915YZZD2,FILTRO DE ACEITE,TG,1-Mantenimiento Periódico,Toyota,Toyota,26.08
F009-6392,2026-09-04 00:00:00,2026-09-04 00:00:00,9043012031,EMPAQUETADURA (TAPON DE DRENAJE DE DEPOS,TG,1-Mantenimiento Periódico,Toyota,Toyota,4.15
F009-6392,2026-09-04 00:00:00,2026-09-04 00:00:00,X0401001,SUPER LIMPIADOR DE PARABRISAS WURTH 32 ML,TG,1-Mantenimiento Periódico,Toyota,Otras marcas,4.6
F009-6392,2026-09-04 00:00:00,2026-09-04 00:00:00,X0401006,LIMPIADOR DE FRENOS 500 ML WURTH,TG,1-Mantenimiento Periódico,Toyota,Otras marcas,15.0
F009-6392,2026-09-04 00:00:00,2026-09-04 00:00:00,X0303001,LAMPARA NARVA P21 5W 12V 2 CONTACTOS C BASE,TG,1-Mantenimiento Periódico,Toyota,Otras marcas,5.0
F009-6392,2026-09-04 00:00:00,2026-09-04 00:00:00,17801YZZA3,SUBCONJUNTO ELEME,TG,1-Mantenimiento Periódico,Toyota,Toyota,82.74
F009-6392,2026-09-04 00:00:00,2026-09-04 00:00:00,87139YZZ75,ELEMENTO REFINAD,TG,1-Mantenimiento Periódico,Toyota,Toyota,81.28
F009-6392,2026-09-04 00:00:00,2026-09-04 00:00:00,X0303004,FOCO H4 NARVA STANDARD 12V 90/100W,TG,1-Mantenimiento Periódico,Toyota,Otras marcas,67.8
F009-6363,2026-09-01 00:00:00,2026-09-01 00:00:00,0888050002D,ACEITE 15W40 DIESEL DECILITRO TOYOTA,TG,1-Mantenimiento Periódico,Toyota,Toyota,164.11
F009-6363,2026-09-01 00:00:00,2026-09-01 00:00:00,90915YZZD2,FILTRO DE ACEITE,TG,1-Mantenimiento Periódico,Toyota,Toyota,29.51
F009-6363,2026-09-01 00:00:00,2026-09-01 00:00:00,9043012031,EMPAQUETADURA (TAPON DE DRENAJE DE DEPOS,TG,1-Mantenimiento Periódico,Toyota,Toyota,4.7
F009-6363,2026-09-01 00:00:00,2026-09-01 00:00:00,233900L070,CONJUNTO ELEMENTO,TG,1-Mantenimiento Periódico,Toyota,Toyota,141.61
F009-6363,2026-09-01 00:00:00,2026-09-01 00:00:00,0881380100,LIMPIA INYECTOR A,TG,1-Mantenimiento Periódico,Toyota,Toyota,85.68
F009-6363,2026-09-01 00:00:00,2026-09-01 00:00:00,0888581580,651273 ACEITE M/T 80W90 1L,TG,1-Mantenimiento Periódico,Toyota,Toyota,119.69
F009-6363,2026-09-01 00:00:00,2026-09-01 00:00:00,0888581590,651272 ACEITE DIF 80W90 1L,TG,1-Mantenimiento Periódico,Toyota,Toyota,125.91
F009-6363,2026-09-01 00:00:00,2026-09-01 00:00:00,9043018008,EMPAQUETADURA (TAPON RELLENADOR TRANSMIS,TG,1-Mantenimiento Periódico,Toyota,Toyota,10.09
F009-6363,2026-09-01 00:00:00,2026-09-01 00:00:00,1215710010,EMPAQUETADURA (TAPON RELLENADOR ENVOLTUR,TG,1-Mantenimiento Periódico,Toyota,Toyota,7.88
F009-6363,2026-09-01 00:00:00,2026-09-01 00:00:00,0882380010,LIQUIDO DE FRENO,TG,1-Mantenimiento Periódico,Toyota,Toyota,54.52
F009-6363,2026-09-01 00:00:00,2026-09-01 00:00:00,X0405017,ACEITE ATF CASTROL TRANSMAX DEX/MERC X 1LT,TG,1-Mantenimiento Periódico,Toyota,Otras marcas,81.36
F009-6363,2026-09-01 00:00:00,2026-09-01 00:00:00,X0401001,SUPER LIMPIADOR DE PARABRISAS WURTH 32 ML,TG,1-Mantenimiento Periódico,Toyota,Otras marcas,6.22
F009-6363,2026-09-01 00:00:00,2026-09-01 00:00:00,X0401006,LIMPIADOR DE FRENOS 500 ML WURTH,TG,1-Mantenimiento Periódico,Toyota,Otras marcas,22.08
F009-6363,2026-09-01 00:00:00,2026-09-01 00:00:00,17801YZZA3,SUBCONJUNTO ELEME,TG,1-Mantenimiento Periódico,Toyota,Toyota,82.74
F009-6363,2026-09-01 00:00:00,2026-09-01 00:00:00,87139YZZ75,ELEMENTO REFINAD,TG,1-Mantenimiento Periódico,Toyota,Toyota,81.28
F008-14338,2026-09-01 00:00:00,,S178013380,ELEMENTO FILTRO DE AIRE,MO,-,,Hino,228.56
F008-14338,2026-09-01 00:00:00,,S178013391,ELEMENTO FILTRO DE AIRE,MO,-,,Hino,75.11
F008-14338,2026-09-01 00:00:00,,X0305008,BATERIA RECOD MAX RM-75 L3-N,MO,-,,Otras marcas,550.92
F008-14339,2026-09-01 00:00:00,,233900L070,CONJUNTO ELEMENTO,MO,-,,Toyota,1077.54
F008-14339,2026-09-01 00:00:00,,90915YZZD2,FILTRO DE ACEITE,MO,-,,Toyota,448.91
F008-14339,2026-09-01 00:00:00,,90915YZZM3,SUNCONJUNTO DEL F,MO,-,,Toyota,240.73
F008-14339,2026-09-01 00:00:00,,178010C010,SUBCONJUNTO ELEME,MO,-,,Toyota,234.77
B009-5850,2026-09-01 00:00:00,2026-09-01 00:00:00,X0908013,AMORTIGUADOR POSTERIOR,TG,2-Mant. Correctivos y Trabajos Generales,Toyota,Otras marcas,339.0
B009-5851,2026-09-01 00:00:00,2026-09-01 00:00:00,0888050002D,ACEITE 15W40 DIESEL DECILITRO TOYOTA,TG,1-Mantenimiento Periódico,Toyota,Toyota,164.11
B009-5851,2026-09-01 00:00:00,2026-09-01 00:00:00,90915YZZD2,FILTRO DE ACEITE,TG,1-Mantenimiento Periódico,Toyota,Toyota,29.51
B009-5851,2026-09-01 00:00:00,2026-09-01 00:00:00,9043012031,EMPAQUETADURA (TAPON DE DRENAJE DE DEPOS,TG,1-Mantenimiento Periódico,Toyota,Toyota,4.7
B009-5851,2026-09-01 00:00:00,2026-09-01 00:00:00,233900L070,CONJUNTO ELEMENTO,TG,1-Mantenimiento Periódico,Toyota,Toyota,141.61
B009-5851,2026-09-01 00:00:00,2026-09-01 00:00:00,0881380100,LIMPIA INYECTOR A,TG,1-Mantenimiento Periódico,Toyota,Toyota,85.68
B009-5851,2026-09-01 00:00:00,2026-09-01 00:00:00,X0401001,SUPER LIMPIADOR DE PARABRISAS WURTH 32 ML,TG,1-Mantenimiento Periódico,Toyota,Otras marcas,6.22
B009-5851,2026-09-01 00:00:00,2026-09-01 00:00:00,X0401006,LIMPIADOR DE FRENOS 500 ML WURTH,TG,1-Mantenimiento Periódico,Toyota,Otras marcas,22.08
B009-5851,2026-09-01 00:00:00,2026-09-01 00:00:00,312500K281,CONJUNTO DISCO EM,TG,1-Mantenimiento Periódico,Toyota,Toyota,601.5
B009-5851,2026-09-01 00:00:00,2026-09-01 00:00:00,312100K281,CUBIERTA EMBRAGUE,TG,1-Mantenimiento Periódico,Toyota,Toyota,800.36
B009-5851,2026-09-01 00:00:00,2026-09-01 00:00:00,3123071052,CONJUNTO COJINETE,TG,1-Mantenimiento Periódico,Toyota,Toyota,323.97
B009-5851,2026-09-01 00:00:00,2026-09-01 00:00:00,9036312024,COJINETE (EJE ENTRADA),TG,1-Mantenimiento Periódico,Toyota,Toyota,24.66
B009-5851,2026-09-01 00:00:00,2026-09-01 00:00:00,3124171010,SELLO POLVO DE L,TG,1-Mantenimiento Periódico,Toyota,Toyota,3.07
B009-5851,2026-09-01 00:00:00,2026-09-01 00:00:00,312430K010,COLLAR HORQUILLA,TG,1-Mantenimiento Periódico,Toyota,Toyota,7.8
B009-5851,2026-09-01 00:00:00,2026-09-01 00:00:00,435120K280,DISCO FRONTAL,TG,1-Mantenimiento Periódico,Toyota,Toyota,1367.69
B009-5851,2026-09-01 00:00:00,2026-09-01 00:00:00,044650K391,JUEGO PASTILLA FRENO DISCO FR,TG,1-Mantenimiento Periódico,Toyota,Toyota,440.55
B009-5851,2026-09-01 00:00:00,2026-09-01 00:00:00,9094202081,PERNO CUBO (EJE,TG,1-Mantenimiento Periódico,Toyota,Toyota,18.03
B009-5851,2026-09-01 00:00:00,2026-09-01 00:00:00,9094202052,PERNO CUBO (EJE TR.DER.),TG,1-Mantenimiento Periódico,Toyota,Toyota,33.42
B009-5851,2026-09-01 00:00:00,2026-09-01 00:00:00,0447860050,JUEGO CILINDRO FRENO DISCO FRONTAL,TG,1-Mantenimiento Periódico,Toyota,Toyota,125.8
B009-5851,2026-09-01 00:00:00,2026-09-01 00:00:00,0882380010,LIQUIDO DE FRENO,TG,1-Mantenimiento Periódico,Toyota,Toyota,47.58
B009-5851,2026-09-01 00:00:00,2026-09-01 00:00:00,485108Z205,CONJUNTO DE AMORTIGUADOR FRONTAL DERECH,TG,1-Mantenimiento Periódico,Toyota,Toyota,830.23
B009-5851,2026-09-01 00:00:00,2026-09-01 00:00:00,488150K090,BUJE BARRA ESTAB,TG,1-Mantenimiento Periódico,Toyota,Toyota,160.31
B009-5851,2026-09-01 00:00:00,2026-09-01 00:00:00,9094202052,PERNO CUBO (EJE TR.DER.),TG,1-Mantenimiento Periódico,Toyota,Toyota,-33.42
B009-5851,2026-09-01 00:00:00,2026-09-01 00:00:00,9094201082,TUERCA CUBO (EJE),TG,1-Mantenimiento Periódico,Toyota,Toyota,23.5
B009-5851,2026-09-01 00:00:00,2026-09-01 00:00:00,312500K281,CONJUNTO DISCO EM,TG,1-Mantenimiento Periódico,Toyota,Toyota,-601.5
B009-5851,2026-09-01 00:00:00,2026-09-01 00:00:00,312100K281,CUBIERTA EMBRAGUE,TG,1-Mantenimiento Periódico,Toyota,Toyota,-800.36
B009-5851,2026-09-01 00:00:00,2026-09-01 00:00:00,3123071052,CONJUNTO COJINETE,TG,1-Mantenimiento Periódico,Toyota,Toyota,-323.97
B009-5851,2026-09-01 00:00:00,2026-09-01 00:00:00,9036312024,COJINETE (EJE ENTRADA),TG,1-Mantenimiento Periódico,Toyota,Toyota,-24.66
B009-5851,2026-09-01 00:00:00,2026-09-01 00:00:00,3124171010,SELLO POLVO DE L,TG,1-Mantenimiento Periódico,Toyota,Toyota,-3.07
B009-5851,2026-09-01 00:00:00,2026-09-01 00:00:00,312430K010,COLLAR HORQUILLA,TG,1-Mantenimiento Periódico,Toyota,Toyota,-7.8
B009-5851,2026-09-01 00:00:00,2026-09-01 00:00:00,435120K280,DISCO FRONTAL,TG,1-Mantenimiento Periódico,Toyota,Toyota,-1367.69
B009-5851,2026-09-01 00:00:00,2026-09-01 00:00:00,044650K391,JUEGO PASTILLA FRENO DISCO FR,TG,1-Mantenimiento Periódico,Toyota,Toyota,-440.55
B009-5851,2026-09-01 00:00:00,2026-09-01 00:00:00,9094202081,PERNO CUBO (EJE,TG,1-Mantenimiento Periódico,Toyota,Toyota,-18.03
B009-5851,2026-09-01 00:00:00,2026-09-01 00:00:00,0447860050,JUEGO CILINDRO FRENO DISCO FRONTAL,TG,1-Mantenimiento Periódico,Toyota,Toyota,-125.8
B009-5851,2026-09-01 00:00:00,2026-09-01 00:00:00,0882380010,LIQUIDO DE FRENO,TG,1-Mantenimiento Periódico,Toyota,Toyota,-47.58
B009-5851,2026-09-01 00:00:00,2026-09-01 00:00:00,485108Z205,CONJUNTO DE AMORTIGUADOR FRONTAL DERECH,TG,1-Mantenimiento Periódico,Toyota,Toyota,-830.23
B009-5851,2026-09-01 00:00:00,2026-09-01 00:00:00,488150K090,BUJE BARRA ESTAB,TG,1-Mantenimiento Periódico,Toyota,Toyota,-160.31
B009-5851,2026-09-01 00:00:00,2026-09-01 00:00:00,9094201082,TUERCA CUBO (EJE),TG,1-Mantenimiento Periódico,Toyota,Toyota,-23.5
F009-6374,2026-09-02 00:00:00,2026-09-02 00:00:00,233000L112,CONJUNTO FILTRO C,TG,2-Mant. Correctivos y Trabajos Generales,Toyota,Toyota,423.29
F009-6374,2026-09-02 00:00:00,2026-09-02 00:00:00,9613741701,RETENEDOR (CONJ.,TG,2-Mant. Correctivos y Trabajos Generales,Toyota,Toyota,33.7
T003-2245,2026-09-01 00:00:00,,08880H0017,650094 ACEITE HINO BALDE 15W40,MO,-,,Hino,8801.42
T003-2245,2026-09-01 00:00:00,,08880H0018,650869 ACEITE HINO BALDE 2.5 15W40,MO,-,,Hino,3010.56
T003-2245,2026-09-01 00:00:00,,233900L041,CONJUNTO ELEMENTO,MO,-,,Toyota,3041.39
T003-2245,2026-09-01 00:00:00,,15601BZ030,ELEMENTO FILTRO,MO,-,,Toyota,775.81
T003-2245,2026-09-01 00:00:00,,1560178140,ELEMENT FILTRO A,MO,-,,Hino,317.5
T003-2245,2026-09-01 00:00:00,,23304EV570,JGO. DE ELEMENTO,MO,-,,Hino,360.96
T003-2245,2026-09-01 00:00:00,,23304EV083,JGO. DE ELEMENTO,MO,-,,Hino,340.31
T003-2245,2026-09-01 00:00:00,,23304EV164,JGO. DE ELEMENTO,MO,-,,Hino,253.61
T003-2245,2026-09-01 00:00:00,,1780178110,ELEMENTO AIRE,MO,-,,Hino,352.87
T003-2245,2026-09-01 00:00:00,,15613E0110,ELEMENTO FILTRO D,MO,-,,Hino,854.47
T003-2245,2026-09-01 00:00:00,,178010C010,SUBCONJUNTO ELEME,MO,-,,Toyota,352.16
T003-2245,2026-09-01 00:00:00,,486540K080,BUJE BRAZO INFER,MO,-,,Toyota,658.71
T003-2245,2026-09-01 00:00:00,,9031141009,SELLO ACEITE (PORTADIFERENCIAL POSTERIOR,MO,-,,Toyota,172.18
T003-2245,2026-09-01 00:00:00,,15613EV015,ELEMENTO FILTRO,MO,-,,Hino,335.3
T003-2245,2026-09-01 00:00:00,,23304EV052,JGO. DE ELEMENTO,MO,-,,Hino,233.04
T003-2245,2026-09-01 00:00:00,,23304EV390,JGO. DE ELEMENTO,MO,-,,Hino,319.84
T003-2245,2026-09-01 00:00:00,,178010Y040,SUBCONJUNTO ELEME,MO,-,,Toyota,132.11
F008-14345,2026-09-01 00:00:00,,233900L041,CONJUNTO ELEMENTO,MO,-,,Toyota,1520.69
B009-5892,2026-09-07 00:00:00,2026-09-07 00:00:00,815510K460,LENTE LAMPARA CO,TG,2-Mant. Correctivos y Trabajos Generales,Toyota,Toyota,2263.47
B008-5150,2026-09-01 00:00:00,,1301154120,JUEGO ANILLOS DEL PISTON,MO,-,,Toyota,805.37
B008-5150,2026-09-01 00:00:00,,1111554073D0,EMPAQUETADURA CU,MO,-,,Toyota,251.01
B008-5150,2026-09-01 00:00:00,,13568YZZ01,FAJA DE DISTRIBU,MO,-,,Toyota,155.33
B009-5848,2026-09-01 00:00:00,2026-09-01 00:00:00,0888050002D,ACEITE 15W40 DIESEL DECILITRO TOYOTA,TG,1T-Mantenimiento Toyota Value,Toyota,Toyota,164.11
B009-5848,2026-09-01 00:00:00,2026-09-01 00:00:00,90915YZZD2,FILTRO DE ACEITE,TG,1T-Mantenimiento Toyota Value,Toyota,Toyota,29.51
B009-5848,2026-09-01 00:00:00,2026-09-01 00:00:00,9043012031,EMPAQUETADURA (TAPON DE DRENAJE DE DEPOS,TG,1T-Mantenimiento Toyota Value,Toyota,Toyota,4.7
B009-5848,2026-09-01 00:00:00,2026-09-01 00:00:00,X0401001,SUPER LIMPIADOR DE PARABRISAS WURTH 32 ML,TG,1T-Mantenimiento Toyota Value,Toyota,Otras marcas,6.22
B009-5848,2026-09-01 00:00:00,2026-09-01 00:00:00,X0401006,LIMPIADOR DE FRENOS 500 ML WURTH,TG,1T-Mantenimiento Toyota Value,Toyota,Otras marcas,22.08
F009-6367,2026-09-01 00:00:00,2026-09-01 00:00:00,0888083840D,ACEITE 5W-30 DIESEL CF - 208 DECILITRO,TG,1-Mantenimiento Periódico,Toyota,Toyota,218.4
F009-6367,2026-09-01 00:00:00,2026-09-01 00:00:00,90915YZZD2,FILTRO DE ACEITE,TG,1-Mantenimiento Periódico,Toyota,Toyota,29.51
F009-6367,2026-09-01 00:00:00,2026-09-01 00:00:00,9043012031,EMPAQUETADURA (TAPON DE DRENAJE DE DEPOS,TG,1-Mantenimiento Periódico,Toyota,Toyota,4.7
F009-6367,2026-09-01 00:00:00,2026-09-01 00:00:00,233900L070,CONJUNTO ELEMENTO,TG,1-Mantenimiento Periódico,Toyota,Toyota,141.61
F009-6367,2026-09-01 00:00:00,2026-09-01 00:00:00,0881380100,LIMPIA INYECTOR A,TG,1-Mantenimiento Periódico,Toyota,Toyota,85.68
F009-6367,2026-09-01 00:00:00,2026-09-01 00:00:00,0888581580,651273 ACEITE M/T 80W90 1L,TG,1-Mantenimiento Periódico,Toyota,Toyota,119.69
F009-6367,2026-09-01 00:00:00,2026-09-01 00:00:00,0888581590,651272 ACEITE DIF 80W90 1L,TG,1-Mantenimiento Periódico,Toyota,Toyota,251.82
F009-6367,2026-09-01 00:00:00,2026-09-01 00:00:00,0888501806,ACEITE GL - 75W 1,TG,1-Mantenimiento Periódico,Toyota,Toyota,212.8
F009-6367,2026-09-01 00:00:00,2026-09-01 00:00:00,9043018008,EMPAQUETADURA (TAPON RELLENADOR TRANSMIS,TG,1-Mantenimiento Periódico,Toyota,Toyota,20.18
F009-6367,2026-09-01 00:00:00,2026-09-01 00:00:00,9043024017,EMPAQUETADURA,TG,1-Mantenimiento Periódico,Toyota,Toyota,4.61
F009-6367,2026-09-01 00:00:00,2026-09-01 00:00:00,1215710010,EMPAQUETADURA (TAPON RELLENADOR ENVOLTUR,TG,1-Mantenimiento Periódico,Toyota,Toyota,11.83
F009-6367,2026-09-01 00:00:00,2026-09-01 00:00:00,0882380010,LIQUIDO DE FRENO,TG,1-Mantenimiento Periódico,Toyota,Toyota,54.52
F009-6367,2026-09-01 00:00:00,2026-09-01 00:00:00,X0405017,ACEITE ATF CASTROL TRANSMAX DEX/MERC X 1LT,TG,1-Mantenimiento Periódico,Toyota,Otras marcas,81.36
F009-6367,2026-09-01 00:00:00,2026-09-01 00:00:00,X0401001,SUPER LIMPIADOR DE PARABRISAS WURTH 32 ML,TG,1-Mantenimiento Periódico,Toyota,Otras marcas,6.22
F009-6367,2026-09-01 00:00:00,2026-09-01 00:00:00,X0401006,LIMPIADOR DE FRENOS 500 ML WURTH,TG,1-Mantenimiento Periódico,Toyota,Otras marcas,22.08
F009-6367,2026-09-01 00:00:00,2026-09-01 00:00:00,87139YZZ75,ELEMENTO REFINAD,TG,1-Mantenimiento Periódico,Toyota,Toyota,81.28
F009-6367,2026-09-01 00:00:00,2026-09-01 00:00:00,482520K010,SILENCIADOR RESO,TG,1-Mantenimiento Periódico,Toyota,Toyota,119.92
F009-6412,2026-09-07 00:00:00,2026-09-07 00:00:00,0888050002D,ACEITE 15W40 DIESEL DECILITRO TOYOTA,TG,1-Mantenimiento Periódico,Toyota,Toyota,143.6
F009-6412,2026-09-07 00:00:00,2026-09-07 00:00:00,90915YZZD2,FILTRO DE ACEITE,TG,1-Mantenimiento Periódico,Toyota,Toyota,26.08
F009-6412,2026-09-07 00:00:00,2026-09-07 00:00:00,9043012031,EMPAQUETADURA (TAPON DE DRENAJE DE DEPOS,TG,1-Mantenimiento Periódico,Toyota,Toyota,4.15
F009-6412,2026-09-07 00:00:00,2026-09-07 00:00:00,X0401001,SUPER LIMPIADOR DE PARABRISAS WURTH 32 ML,TG,1-Mantenimiento Periódico,Toyota,Otras marcas,4.6
F009-6412,2026-09-07 00:00:00,2026-09-07 00:00:00,X0401006,LIMPIADOR DE FRENOS 500 ML WURTH,TG,1-Mantenimiento Periódico,Toyota,Otras marcas,14.9
B009-5881,2026-09-04 00:00:00,2026-09-04 00:00:00,0888050005D,651529 ACEITE 5W-30 GASO SEMI DECILITRO,TG,1T-Mantenimiento Toyota Value,Toyota,Toyota,92.16
B009-5881,2026-09-04 00:00:00,2026-09-04 00:00:00,15601BZ030,ELEMENTO FILTRO,TG,1T-Mantenimiento Toyota Value,Toyota,Toyota,50.98
B009-5881,2026-09-04 00:00:00,2026-09-04 00:00:00,9043012031,EMPAQUETADURA (TAPON DE DRENAJE DE DEPOS,TG,1T-Mantenimiento Toyota Value,Toyota,Toyota,4.7
B009-5881,2026-09-04 00:00:00,2026-09-04 00:00:00,X0401001,SUPER LIMPIADOR DE PARABRISAS WURTH 32 ML,TG,1T-Mantenimiento Toyota Value,Toyota,Otras marcas,6.22
F009-6365,2026-09-01 00:00:00,2026-09-01 00:00:00,0888050005D,651529 ACEITE 5W-30 GASO SEMI DECILITRO,TG,1-Mantenimiento Periódico,Toyota,Toyota,92.16
F009-6365,2026-09-01 00:00:00,2026-09-01 00:00:00,15601BZ030,ELEMENTO FILTRO,TG,1-Mantenimiento Periódico,Toyota,Toyota,50.98
F009-6365,2026-09-01 00:00:00,2026-09-01 00:00:00,9043012031,EMPAQUETADURA (TAPON DE DRENAJE DE DEPOS,TG,1-Mantenimiento Periódico,Toyota,Toyota,4.7
F009-6365,2026-09-01 00:00:00,2026-09-01 00:00:00,0881380019,LIMPIA INYECTOR A,TG,1-Mantenimiento Periódico,Toyota,Toyota,42.84
F009-6365,2026-09-01 00:00:00,2026-09-01 00:00:00,X0401001,SUPER LIMPIADOR DE PARABRISAS WURTH 32 ML,TG,1-Mantenimiento Periódico,Toyota,Otras marcas,6.22
F009-6365,2026-09-01 00:00:00,2026-09-01 00:00:00,X0401006,LIMPIADOR DE FRENOS 500 ML WURTH,TG,1-Mantenimiento Periódico,Toyota,Otras marcas,22.08
F009-6365,2026-09-01 00:00:00,2026-09-01 00:00:00,87139BZ020,ELEMENTO PURIFICA,TG,1-Mantenimiento Periódico,Toyota,Toyota,138.66
F009-6365,2026-09-01 00:00:00,2026-09-01 00:00:00,17801BZ110,SUBCONJUNTO ELEME,TG,1-Mantenimiento Periódico,Toyota,Toyota,80.12
F009-6370,2026-09-01 00:00:00,2026-09-01 00:00:00,0888050005D,651529 ACEITE 5W-30 GASO SEMI DECILITRO,TG,1-Mantenimiento Periódico,Toyota,Toyota,99.84
F009-6370,2026-09-01 00:00:00,2026-09-01 00:00:00,15601BZ030,ELEMENTO FILTRO,TG,1-Mantenimiento Periódico,Toyota,Toyota,50.98
F009-6370,2026-09-01 00:00:00,2026-09-01 00:00:00,9043012031,EMPAQUETADURA (TAPON DE DRENAJE DE DEPOS,TG,1-Mantenimiento Periódico,Toyota,Toyota,4.7
F009-6370,2026-09-01 00:00:00,2026-09-01 00:00:00,0881380019,LIMPIA INYECTOR A,TG,1-Mantenimiento Periódico,Toyota,Toyota,42.84
F009-6370,2026-09-01 00:00:00,2026-09-01 00:00:00,X0401001,SUPER LIMPIADOR DE PARABRISAS WURTH 32 ML,TG,1-Mantenimiento Periódico,Toyota,Otras marcas,6.22
F009-6370,2026-09-01 00:00:00,2026-09-01 00:00:00,X0401006,LIMPIADOR DE FRENOS 500 ML WURTH,TG,1-Mantenimiento Periódico,Toyota,Otras marcas,22.08
B009-5852,2026-09-01 00:00:00,2026-09-01 00:00:00,312500K281,CONJUNTO DISCO EM,TG,2-Mant. Correctivos y Trabajos Generales,Toyota,Toyota,601.5
B009-5852,2026-09-01 00:00:00,2026-09-01 00:00:00,312100K281,CUBIERTA EMBRAGUE,TG,2-Mant. Correctivos y Trabajos Generales,Toyota,Toyota,800.36
B009-5852,2026-09-01 00:00:00,2026-09-01 00:00:00,3123071052,CONJUNTO COJINETE,TG,2-Mant. Correctivos y Trabajos Generales,Toyota,Toyota,323.97
B009-5852,2026-09-01 00:00:00,2026-09-01 00:00:00,9036312024,COJINETE (EJE ENTRADA),TG,2-Mant. Correctivos y Trabajos Generales,Toyota,Toyota,24.66
B009-5852,2026-09-01 00:00:00,2026-09-01 00:00:00,3124171010,SELLO POLVO DE L,TG,2-Mant. Correctivos y Trabajos Generales,Toyota,Toyota,3.07
B009-5852,2026-09-01 00:00:00,2026-09-01 00:00:00,312430K010,COLLAR HORQUILLA,TG,2-Mant. Correctivos y Trabajos Generales,Toyota,Toyota,7.8
B009-5852,2026-09-01 00:00:00,2026-09-01 00:00:00,435120K280,DISCO FRONTAL,TG,2-Mant. Correctivos y Trabajos Generales,Toyota,Toyota,1367.69
B009-5852,2026-09-01 00:00:00,2026-09-01 00:00:00,044650K391,JUEGO PASTILLA FRENO DISCO FR,TG,2-Mant. Correctivos y Trabajos Generales,Toyota,Toyota,440.55
B009-5852,2026-09-01 00:00:00,2026-09-01 00:00:00,9094202081,PERNO CUBO (EJE,TG,2-Mant. Correctivos y Trabajos Generales,Toyota,Toyota,18.03
B009-5852,2026-09-01 00:00:00,2026-09-01 00:00:00,9094201082,TUERCA CUBO (EJE),TG,2-Mant. Correctivos y Trabajos Generales,Toyota,Toyota,23.5
B009-5852,2026-09-01 00:00:00,2026-09-01 00:00:00,0447860050,JUEGO CILINDRO FRENO DISCO FRONTAL,TG,2-Mant. Correctivos y Trabajos Generales,Toyota,Toyota,125.8
B009-5852,2026-09-01 00:00:00,2026-09-01 00:00:00,0882380010,LIQUIDO DE FRENO,TG,2-Mant. Correctivos y Trabajos Generales,Toyota,Toyota,47.58
B009-5852,2026-09-01 00:00:00,2026-09-01 00:00:00,485108Z205,CONJUNTO DE AMORTIGUADOR FRONTAL DERECH,TG,2-Mant. Correctivos y Trabajos Generales,Toyota,Toyota,830.23
B009-5852,2026-09-01 00:00:00,2026-09-01 00:00:00,488150K090,BUJE BARRA ESTAB,TG,2-Mant. Correctivos y Trabajos Generales,Toyota,Toyota,160.31
F008-14335,2026-09-01 00:00:00,,0882600080,SELLADOR NEGRO,MO,-,,Toyota,187.21
F008-14335,2026-09-01 00:00:00,,9091302121,SELLO ACEITE VASTAGO VALVULA ADMISION,MO,-,,Toyota,305.16
F008-14335,2026-09-01 00:00:00,,9031132019,SELLO DE ACEITE (,MO,-,,Toyota,32.26
F008-14335,2026-09-01 00:00:00,,9036312024,COJINETE (EJE ENTRADA),MO,-,,Toyota,24.19
F008-14335,2026-09-01 00:00:00,,1301130051,JUEGO ANILLOS DEL,MO,-,,Toyota,663.04
B008-5149,2026-09-01 00:00:00,,75602BZ130,SUBCONJ.MOLDURA G,MO,-,,Toyota,381.89
F008-14334,2026-09-01 00:00:00,,131013020002,SUBCONJUNTO PISTO,MO,-,,Toyota,1954.39
F008-14334,2026-09-01 00:00:00,,1301130051,JUEGO ANILLOS DEL,MO,-,,Toyota,669.03
F008-14334,2026-09-01 00:00:00,,0411130724,JUEGO DE EMPAQUES,MO,-,,Toyota,960.86
F008-14334,2026-09-01 00:00:00,,1132030070,CONJUNTO CAJA EN,MO,-,,Toyota,521.47
F008-14334,2026-09-01 00:00:00,,1560517030,VALVULA,MO,-,,Toyota,79.25
F008-14334,2026-09-01 00:00:00,,1111530032B0,EMPAQUETADURA CU,MO,-,,Toyota,311.73
B009-5853,2026-09-01 00:00:00,2026-09-01 00:00:00,0888050002D,ACEITE 15W40 DIESEL DECILITRO TOYOTA,TG,1T-Mantenimiento Toyota Value,Toyota,Toyota,164.11
B009-5853,2026-09-01 00:00:00,2026-09-01 00:00:00,90915YZZD2,FILTRO DE ACEITE,TG,1T-Mantenimiento Toyota Value,Toyota,Toyota,29.51
B009-5853,2026-09-01 00:00:00,2026-09-01 00:00:00,9043012031,EMPAQUETADURA (TAPON DE DRENAJE DE DEPOS,TG,1T-Mantenimiento Toyota Value,Toyota,Toyota,4.7
B009-5853,2026-09-01 00:00:00,2026-09-01 00:00:00,X0401001,SUPER LIMPIADOR DE PARABRISAS WURTH 32 ML,TG,1T-Mantenimiento Toyota Value,Toyota,Otras marcas,4.98
B009-5853,2026-09-01 00:00:00,2026-09-01 00:00:00,X0401006,LIMPIADOR DE FRENOS 500 ML WURTH,TG,1T-Mantenimiento Toyota Value,Toyota,Otras marcas,17.66
B008-5146,2026-09-01 00:00:00,,1121330040,EMPAQUETADURA TA,MO,-,,Toyota,74.23
B008-5146,2026-09-01 00:00:00,,1356839016,CORREA DISTRIBUCI,MO,-,,Toyota,140.39
F008-14331,2026-09-01 00:00:00,,17801AZA19,SUBCONJUNTO ELEME,MO,-,,Toyota,88.38
F008-14331,2026-09-01 00:00:00,,9091603118,TERMOSTATO,MO,-,,Toyota,90.05
F008-14331,2026-09-01 00:00:00,,1634630010,EMPAQUETADURA TE,MO,-,,Toyota,13.54
F009-6369,2026-09-01 00:00:00,2026-09-01 00:00:00,0888050002D,ACEITE 15W40 DIESEL DECILITRO TOYOTA,TG,1-Mantenimiento Periódico,Toyota,Toyota,164.11
F009-6369,2026-09-01 00:00:00,2026-09-01 00:00:00,90915YZZD2,FILTRO DE ACEITE,TG,1-Mantenimiento Periódico,Toyota,Toyota,29.51
F009-6369,2026-09-01 00:00:00,2026-09-01 00:00:00,9043012031,EMPAQUETADURA (TAPON DE DRENAJE DE DEPOS,TG,1-Mantenimiento Periódico,Toyota,Toyota,4.7
F009-6369,2026-09-01 00:00:00,2026-09-01 00:00:00,X0401001,SUPER LIMPIADOR DE PARABRISAS WURTH 32 ML,TG,1-Mantenimiento Periódico,Toyota,Otras marcas,6.22
F009-6369,2026-09-01 00:00:00,2026-09-01 00:00:00,X0401006,LIMPIADOR DE FRENOS 500 ML WURTH,TG,1-Mantenimiento Periódico,Toyota,Otras marcas,22.08
F009-6369,2026-09-01 00:00:00,2026-09-01 00:00:00,0888980039,ANTICONGELANTE,TG,1-Mantenimiento Periódico,Toyota,Toyota,71.58
F009-6369,2026-09-01 00:00:00,2026-09-01 00:00:00,X0504001,AGUA DESTILADA 1L. SINTEK,TG,1-Mantenimiento Periódico,Toyota,Otras marcas,6.69
F009-6369,2026-09-01 00:00:00,2026-09-01 00:00:00,1780130070,SUBCONJUNTO ELEME,TG,1-Mantenimiento Periódico,Toyota,Toyota,141.23
T003-2246,2026-09-01 00:00:00,,52536BZ060,"RETENEDOR, LATERA",MO,-,,Toyota,254.07
T003-2246,2026-09-01 00:00:00,,52722BZ110,"MOLDURA, EXTENSIO",MO,-,,Toyota,145.04
F008-14365,2026-09-01 00:00:00,,4854109290,CONJUNTO AMOTIGUA,MO,-,,Toyota,456.89
F008-14365,2026-09-01 00:00:00,,9043012031,EMPAQUETADURA (TAPON DE DRENAJE DE DEPOS,MO,-,,Toyota,117.45
F008-14365,2026-09-01 00:00:00,,90915YZZD2,FILTRO DE ACEITE,MO,-,,Toyota,448.91
F008-14365,2026-09-01 00:00:00,,044650K391,JUEGO PASTILLA FRENO DISCO FR,MO,-,,Toyota,2441.79
F008-14365,2026-09-01 00:00:00,,0882600080,SELLADOR NEGRO,MO,-,,Toyota,349.99
F008-14365,2026-09-01 00:00:00,,0881603001,OIL SILICON AA1,MO,-,,Toyota,310.96
F008-14365,2026-09-01 00:00:00,,9036312024,COJINETE (EJE ENTRADA),MO,-,,Toyota,48.39
F008-14365,2026-09-01 00:00:00,,90915YZZM3,SUNCONJUNTO DEL F,MO,-,,Toyota,240.73
F008-14365,2026-09-01 00:00:00,,482520K010,SILENCIADOR RESO,MO,-,,Toyota,383.32
F008-14365,2026-09-01 00:00:00,,233900L070,CONJUNTO ELEMENTO,MO,-,,Toyota,1077.54
F008-14365,2026-09-01 00:00:00,,90385T0014,BUJE (SUPERIOR GE,MO,-,,Toyota,107.35
F008-14365,2026-09-01 00:00:00,,90385T0017,BUJE (INFERIOR DE,MO,-,,Toyota,83.95
F008-14365,2026-09-01 00:00:00,,15601BZ030,ELEMENTO FILTRO,MO,-,,Toyota,389.18
F008-14365,2026-09-01 00:00:00,,0447860050,JUEGO CILINDRO FRENO DISCO FRONTAL,MO,-,,Toyota,468.48
F008-14365,2026-09-01 00:00:00,,90312T0001,SELLO ACEITE (CUBO EJE FRONTAL DER.),MO,-,,Toyota,72.94
F008-14365,2026-09-01 00:00:00,,9004851212,BUJIA,MO,-,,Toyota,97.88
F008-14365,2026-09-01 00:00:00,,04152YZZD3,SUNCONJUNTO DEL F,MO,-,,Toyota,75.4
F008-14365,2026-09-01 00:00:00,,0446660140,JUEGO PASTILLA FRENO DISCO TR.,MO,-,,Toyota,300.77
F008-14365,2026-09-01 00:00:00,,90916T2033,CORREA TRAPEZOIDAL (VENTILADOOR Y ALTERN,MO,-,,Toyota,333.88
F008-14365,2026-09-01 00:00:00,,312430K010,COLLAR HORQUILLA,MO,-,,Toyota,7.48
F008-14365,2026-09-01 00:00:00,,3124171010,SELLO POLVO DE L,MO,-,,Toyota,2.95
F009-6366,2026-09-01 00:00:00,2026-09-01 00:00:00,0888050002D,ACEITE 15W40 DIESEL DECILITRO TOYOTA,TG,1-Mantenimiento Periódico,Toyota,Toyota,164.11
F009-6366,2026-09-01 00:00:00,2026-09-01 00:00:00,90915YZZD2,FILTRO DE ACEITE,TG,1-Mantenimiento Periódico,Toyota,Toyota,29.51
F009-6366,2026-09-01 00:00:00,2026-09-01 00:00:00,9043012031,EMPAQUETADURA (TAPON DE DRENAJE DE DEPOS,TG,1-Mantenimiento Periódico,Toyota,Toyota,4.7
F009-6366,2026-09-01 00:00:00,2026-09-01 00:00:00,X0401001,SUPER LIMPIADOR DE PARABRISAS WURTH 32 ML,TG,1-Mantenimiento Periódico,Toyota,Otras marcas,6.22
F009-6366,2026-09-01 00:00:00,2026-09-01 00:00:00,X0401006,LIMPIADOR DE FRENOS 500 ML WURTH,TG,1-Mantenimiento Periódico,Toyota,Otras marcas,22.08
F008-14343,2026-09-01 00:00:00,,1301130051,JUEGO ANILLOS DEL,MO,-,,Toyota,668.75
F008-14343,2026-09-01 00:00:00,,1111530032B0,EMPAQUETADURA CU,MO,-,,Toyota,311.73
F008-14343,2026-09-01 00:00:00,,1356839016,CORREA DISTRIBUCI,MO,-,,Toyota,133.19
F008-14343,2026-09-01 00:00:00,,90915YZZD2,FILTRO DE ACEITE,MO,-,,Toyota,24.29
F008-14343,2026-09-01 00:00:00,,233900L041,CONJUNTO ELEMENTO,MO,-,,Toyota,82.29
F008-14344,2026-09-01 00:00:00,,17801BZ150,SUBCONJUNTO ELEME,MO,-,Toyota,Toyota,77.96
F009-6371,2026-09-01 00:00:00,2026-09-01 00:00:00,0888050002D,ACEITE 15W40 DIESEL DECILITRO TOYOTA,TG,1T-Mantenimiento Toyota Value,Toyota,Toyota,164.11
F009-6371,2026-09-01 00:00:00,2026-09-01 00:00:00,90915YZZD2,FILTRO DE ACEITE,TG,1T-Mantenimiento Toyota Value,Toyota,Toyota,29.51
F009-6371,2026-09-01 00:00:00,2026-09-01 00:00:00,9043012031,EMPAQUETADURA (TAPON DE DRENAJE DE DEPOS,TG,1T-Mantenimiento Toyota Value,Toyota,Toyota,4.7
F009-6371,2026-09-01 00:00:00,2026-09-01 00:00:00,X0401001,SUPER LIMPIADOR DE PARABRISAS WURTH 32 ML,TG,1T-Mantenimiento Toyota Value,Toyota,Otras marcas,4.98
F009-6371,2026-09-01 00:00:00,2026-09-01 00:00:00,X0401006,LIMPIADOR DE FRENOS 500 ML WURTH,TG,1T-Mantenimiento Toyota Value,Toyota,Otras marcas,17.66
F008-14346,2026-09-01 00:00:00,,90915YZZD2,FILTRO DE ACEITE,MO,-,,Toyota,673.37
F008-14346,2026-09-01 00:00:00,,233900L070,CONJUNTO ELEMENTO,MO,-,,Toyota,1077.54
F008-14348,2026-09-01 00:00:00,,0888980039,ANTICONGELANTE,MO,-,,Toyota,229.05
F008-14348,2026-09-01 00:00:00,,178010C010,SUBCONJUNTO ELEME,MO,-,,Toyota,124.5
F008-14348,2026-09-01 00:00:00,,9091603118,TERMOSTATO,MO,-,,Toyota,86.45
F008-14348,2026-09-01 00:00:00,,1634630010,EMPAQUETADURA TE,MO,-,,Toyota,13.02
F008-14347,2026-09-01 00:00:00,,0888070015,651519 ACEITE 10W30 4L,MO,-,,Toyota,118.96
B009-5920,2026-09-09 00:00:00,2026-09-09 00:00:00,0888050005D,651529 ACEITE 5W-30 GASO SEMI DECILITRO,TG,1T-Mantenimiento Toyota Value,Toyota,Toyota,99.84
B009-5920,2026-09-09 00:00:00,2026-09-09 00:00:00,15601BZ030,ELEMENTO FILTRO,TG,1T-Mantenimiento Toyota Value,Toyota,Toyota,50.98
B009-5920,2026-09-09 00:00:00,2026-09-09 00:00:00,9043012031,EMPAQUETADURA (TAPON DE DRENAJE DE DEPOS,TG,1T-Mantenimiento Toyota Value,Toyota,Toyota,4.7
B009-5920,2026-09-09 00:00:00,2026-09-09 00:00:00,X0401001,SUPER LIMPIADOR DE PARABRISAS WURTH 32 ML,TG,1T-Mantenimiento Toyota Value,Toyota,Otras marcas,4.98
B009-5920,2026-09-09 00:00:00,2026-09-09 00:00:00,X0401006,LIMPIADOR DE FRENOS 500 ML WURTH,TG,1T-Mantenimiento Toyota Value,Toyota,Otras marcas,17.66
B009-5855,2026-09-01 00:00:00,2026-09-01 00:00:00,0888050005D,651529 ACEITE 5W-30 GASO SEMI DECILITRO,TG,1-Mantenimiento Periódico,Toyota,Toyota,92.16
B009-5855,2026-09-01 00:00:00,2026-09-01 00:00:00,15601BZ030,ELEMENTO FILTRO,TG,1-Mantenimiento Periódico,Toyota,Toyota,50.98
B009-5855,2026-09-01 00:00:00,2026-09-01 00:00:00,9043012031,EMPAQUETADURA (TAPON DE DRENAJE DE DEPOS,TG,1-Mantenimiento Periódico,Toyota,Toyota,4.7
B009-5855,2026-09-01 00:00:00,2026-09-01 00:00:00,X0401001,SUPER LIMPIADOR DE PARABRISAS WURTH 32 ML,TG,1-Mantenimiento Periódico,Toyota,Otras marcas,6.22
B009-5855,2026-09-01 00:00:00,2026-09-01 00:00:00,X0401006,LIMPIADOR DE FRENOS 500 ML WURTH,TG,1-Mantenimiento Periódico,Toyota,Otras marcas,22.08
B008-5153,2026-09-01 00:00:00,,233900L041,CONJUNTO ELEMENTO,MO,-,,Toyota,82.29
B009-5849,2026-09-01 00:00:00,2026-09-01 00:00:00,044650K391,JUEGO PASTILLA FRENO DISCO FR,TG,2-Mant. Correctivos y Trabajos Generales,Toyota,Toyota,492.3
F008-14349,2026-09-01 00:00:00,,233900L041,CONJUNTO ELEMENTO,MO,-,,Toyota,82.29
F008-14351,2026-09-01 00:00:00,,1301111201,JUEGO ANILLOS DEL PISTON,MO,-,,Toyota,702.95
F008-14351,2026-09-01 00:00:00,,1101130010,JUEGO DE ARANDELA,MO,-,,Toyota,96.36
F008-14351,2026-09-01 00:00:00,,1570811010,BOQUILLA NO.1 ACEITE SUBCONJUNTO,MO,-,,Toyota,128.42
F008-14350,2026-09-01 00:00:00,,1111530041C0,EMPAQUETADURA CULATA DE CILINDROS,MO,-,,Toyota,271.95
FF03-91,2026-09-01 00:00:00,,0888060015,651313 - ACEITE 15W40 GL,MO,-,,Toyota,708.21
B009-5856,2026-09-01 00:00:00,2026-09-01 00:00:00,0888050005D,651529 ACEITE 5W-30 GASO SEMI DECILITRO,TG,1T-Mantenimiento Toyota Value,Toyota,Toyota,122.88
B009-5856,2026-09-01 00:00:00,2026-09-01 00:00:00,90915YZZM3,SUNCONJUNTO DEL F,TG,1T-Mantenimiento Toyota Value,Toyota,Toyota,30.95
B009-5856,2026-09-01 00:00:00,2026-09-01 00:00:00,9043012031,EMPAQUETADURA (TAPON DE DRENAJE DE DEPOS,TG,1T-Mantenimiento Toyota Value,Toyota,Toyota,4.7
B009-5856,2026-09-01 00:00:00,2026-09-01 00:00:00,0881380019,LIMPIA INYECTOR A,TG,1T-Mantenimiento Toyota Value,Toyota,Toyota,42.84
B009-5856,2026-09-01 00:00:00,2026-09-01 00:00:00,X0401001,SUPER LIMPIADOR DE PARABRISAS WURTH 32 ML,TG,1T-Mantenimiento Toyota Value,Toyota,Otras marcas,4.98
B009-5856,2026-09-01 00:00:00,2026-09-01 00:00:00,X0401006,LIMPIADOR DE FRENOS 500 ML WURTH,TG,1T-Mantenimiento Toyota Value,Toyota,Otras marcas,17.66
B008-5154,2026-09-01 00:00:00,,53114BZ210C1,"REJILLA, RADIADOR",MO,-,,Toyota,641.38
B008-5154,2026-09-01 00:00:00,,52129BZ230,"CUBIERTA, PARACHO",MO,-,,Toyota,494.06
B008-5154,2026-09-01 00:00:00,,75312BZ150,"BASE, EMBLEMA REJ",MO,-,,Toyota,91.45
F008-14353,2026-09-01 00:00:00,,0881380100,LIMPIA INYECTOR A,MO,-,,Toyota,36.02
F008-14355,2026-09-01 00:00:00,,8713952020,ELEMENTO REFINAD,MO,-,,Toyota,153.51
FF03-92,2026-09-01 00:00:00,,0888060015,651313 - ACEITE 15W40 GL,MO,-,,Toyota,182.19
B008-5155,2026-09-01 00:00:00,,75601BZ130,SUBCONJ. MOLDURA,MO,-,,Toyota,356.43
F008-14356,2026-09-01 00:00:00,,8942233030,SENSOR TEMPERATURA AGUA (E.F.I.),MO,-,,Toyota,310.17
F008-14357,2026-09-01 00:00:00,,477820K050,CUBIERTA CONTRAP,MO,-,,Toyota,319.31
F008-14380,2026-09-02 00:00:00,,08880H0017,650094 ACEITE HINO BALDE 15W40,MO,-,,Hino,1643.7
B008-5156,2026-09-01 00:00:00,,86301E0020,ANTENA DE RADIO,MO,-,,Hino,134.18
F008-14358,2026-09-01 00:00:00,,0888060015,651313 - ACEITE 15W40 GL,MO,-,,Toyota,480.18
F008-14381,2026-09-02 00:00:00,,1350611011,CADENA,MO,-,,Toyota,154.81
F008-14381,2026-09-02 00:00:00,,1350711011,CADENA,MO,-,,Toyota,292.59
F008-14381,2026-09-02 00:00:00,,1355011010,CONJUNTO TENSOR N,MO,-,,Toyota,94.07
F008-14381,2026-09-02 00:00:00,,1354011010,CONJUNTO TENSOR C,MO,-,,Toyota,96.9
F008-14381,2026-09-02 00:00:00,,1355911010,DESLIZADOR TENSO,MO,-,,Toyota,88.74
F008-14381,2026-09-02 00:00:00,,1355911020,DESLIZADOR TENSO,MO,-,,Toyota,88.74
F008-14381,2026-09-02 00:00:00,,1356111011,AMORTIGUADOR NO.1,MO,-,,Toyota,69.77
F008-14381,2026-09-02 00:00:00,,1356211010,AMORTIGUADOR NO.2,MO,-,,Toyota,83.88
F008-14381,2026-09-02 00:00:00,,1356611030,GUIA CADENA DIST,MO,-,,Toyota,18.35
F008-14381,2026-09-02 00:00:00,,1352311030,ENGRANAJE O RUEDA,MO,-,,Toyota,180.95
F008-14381,2026-09-02 00:00:00,,136160E011,ENGRANAJE (IMPULS,MO,-,,Toyota,80.73
F008-14381,2026-09-02 00:00:00,,1352111040,ENGRANAJE O RUEDA,MO,-,,Toyota,89.88
F008-14360,2026-09-01 00:00:00,,233900L070,CONJUNTO ELEMENTO,MO,-,,Toyota,646.52
F008-14360,2026-09-01 00:00:00,,90915YZZD2,FILTRO DE ACEITE,MO,-,,Toyota,224.46
F008-14360,2026-09-01 00:00:00,,90915YZZM3,SUNCONJUNTO DEL F,MO,-,,Toyota,240.73
F008-14359,2026-09-01 00:00:00,,90915YZZD2,FILTRO DE ACEITE,MO,-,,Toyota,224.46
F008-14362,2026-09-01 00:00:00,,1112230020,BUJE GUIA VALVUL,MO,-,,Toyota,191.4
F008-14362,2026-09-01 00:00:00,,1111530032C0,EMPAQUETADURA CU,MO,-,,Toyota,305.24
F008-14364,2026-09-01 00:00:00,,0446660140,JUEGO PASTILLA FRENO DISCO TR.,MO,-,,Toyota,300.77
B008-5157,2026-09-01 00:00:00,,815500K261,CONJUNTO LAMPARA,MO,-,,Toyota,386.97
B009-5857,2026-09-01 00:00:00,2026-09-01 00:00:00,0888050002D,ACEITE 15W40 DIESEL DECILITRO TOYOTA,TG,1-Mantenimiento Periódico,Toyota,Toyota,164.11
B009-5857,2026-09-01 00:00:00,2026-09-01 00:00:00,90915YZZD2,FILTRO DE ACEITE,TG,1-Mantenimiento Periódico,Toyota,Toyota,29.51
B009-5857,2026-09-01 00:00:00,2026-09-01 00:00:00,9043012031,EMPAQUETADURA (TAPON DE DRENAJE DE DEPOS,TG,1-Mantenimiento Periódico,Toyota,Toyota,4.7
B009-5857,2026-09-01 00:00:00,2026-09-01 00:00:00,233900L070,CONJUNTO ELEMENTO,TG,1-Mantenimiento Periódico,Toyota,Toyota,141.61
B009-5857,2026-09-01 00:00:00,2026-09-01 00:00:00,0881380100,LIMPIA INYECTOR A,TG,1-Mantenimiento Periódico,Toyota,Toyota,85.68
B009-5857,2026-09-01 00:00:00,2026-09-01 00:00:00,X0401001,SUPER LIMPIADOR DE PARABRISAS WURTH 32 ML,TG,1-Mantenimiento Periódico,Toyota,Otras marcas,6.22
B009-5857,2026-09-01 00:00:00,2026-09-01 00:00:00,X0401006,LIMPIADOR DE FRENOS 500 ML WURTH,TG,1-Mantenimiento Periódico,Toyota,Otras marcas,22.08
B009-5885,2026-09-04 00:00:00,2026-09-04 00:00:00,0888050005D,651529 ACEITE 5W-30 GASO SEMI DECILITRO,TG,1-Mantenimiento Periódico,Toyota,Toyota,92.16
B009-5885,2026-09-04 00:00:00,2026-09-04 00:00:00,15601BZ030,ELEMENTO FILTRO,TG,1-Mantenimiento Periódico,Toyota,Toyota,50.98
B009-5885,2026-09-04 00:00:00,2026-09-04 00:00:00,9043012031,EMPAQUETADURA (TAPON DE DRENAJE DE DEPOS,TG,1-Mantenimiento Periódico,Toyota,Toyota,4.7
B009-5885,2026-09-04 00:00:00,2026-09-04 00:00:00,0881380019,LIMPIA INYECTOR A,TG,1-Mantenimiento Periódico,Toyota,Toyota,42.84
B009-5885,2026-09-04 00:00:00,2026-09-04 00:00:00,X0401001,SUPER LIMPIADOR DE PARABRISAS WURTH 32 ML,TG,1-Mantenimiento Periódico,Toyota,Otras marcas,6.22
B009-5885,2026-09-04 00:00:00,2026-09-04 00:00:00,X0401006,LIMPIADOR DE FRENOS 500 ML WURTH,TG,1-Mantenimiento Periódico,Toyota,Otras marcas,22.08
F009-6445,2026-09-10 00:00:00,2026-09-10 00:00:00,815500K372,CONJUNTO LAMPARA,BP,5-Servicio de Carrocería y Pintura,Toyota,Toyota,781.75
F009-6445,2026-09-10 00:00:00,2026-09-10 00:00:00,815800K092,CONJUNTO LAMPARA,BP,5-Servicio de Carrocería y Pintura,Toyota,Toyota,527.74
F009-6445,2026-09-10 00:00:00,2026-09-10 00:00:00,755730K010,MOLDURA VENTANIL,BP,5-Servicio de Carrocería y Pintura,Toyota,Toyota,357.73
F009-6445,2026-09-10 00:00:00,2026-09-10 00:00:00,756470K010,MOLDURA. EXTERIOR,BP,5-Servicio de Carrocería y Pintura,Toyota,Toyota,252.49
F009-6445,2026-09-10 00:00:00,2026-09-10 00:00:00,525760K110,RETENEDOR LATERA,BP,5-Servicio de Carrocería y Pintura,Toyota,Toyota,240.31
F009-6445,2026-09-10 00:00:00,2026-09-10 00:00:00,525750K110,RETENEDOR LATERAL AMORTIGUADOR CHOQUE P,BP,5-Servicio de Carrocería y Pintura,Toyota,Toyota,250.98
F009-6445,2026-09-10 00:00:00,2026-09-10 00:00:00,521590K946,CUBIERTAPARACHO,BP,5-Servicio de Carrocería y Pintura,Toyota,Toyota,881.36
F009-6445,2026-09-10 00:00:00,2026-09-10 00:00:00,627910K040,MOLDURA SUP.VENTA,BP,5-Servicio de Carrocería y Pintura,Toyota,Toyota,163.05
F009-6445,2026-09-10 00:00:00,2026-09-10 00:00:00,Y1801001,BISEL POSTERIOR PARA FORTUNER C/LUCES LED CROMADO,BP,5-Servicio de Carrocería y Pintura,Toyota,Otras marcas,944.0
F008-14451,2026-09-08 00:00:00,,0888060015,651313 - ACEITE 15W40 GL,MO,-,,Toyota,5356.39
F008-14451,2026-09-08 00:00:00,,0888060016,651268 ACEITE 15W40 1L,MO,-,,Toyota,2700.68
F008-14451,2026-09-08 00:00:00,,0888070015,651519 ACEITE 10W30 4L,MO,-,,Toyota,3539.17
F008-14451,2026-09-08 00:00:00,,0888030015,651528 ACEITE 5W30 4L,MO,-,,Toyota,2213.14
F008-14451,2026-09-08 00:00:00,,90915YZZD2,FILTRO DE ACEITE,MO,-,,Toyota,1122.28
F008-14451,2026-09-08 00:00:00,,4851009K80,CONJUNTO DE AMORT,MO,-,,Toyota,1146.48
F008-14451,2026-09-08 00:00:00,,4854109290,CONJUNTO AMOTIGUA,MO,-,,Toyota,910.79
F008-14361,2026-09-01 00:00:00,,233900L041,CONJUNTO ELEMENTO,MO,-,,Toyota,82.29
F008-14361,2026-09-01 00:00:00,,1356839016,CORREA DISTRIBUCI,MO,-,,Toyota,133.19
F008-14361,2026-09-01 00:00:00,,90916T2006,CORREA TRAPEZOIDAL (VENTILADOOR Y ALTERN,MO,-,,Toyota,344.56
F008-14363,2026-09-01 00:00:00,,812700D080,FOCO. SJ1,MO,-,,Toyota,166.98
LT03-477,2026-09-04 00:00:00,2026-09-04 00:00:00,0888085895,231297 TGMO 0W-20,TG,1T-Mantenimiento Toyota Value,Toyota,Toyota,236.01
LT03-477,2026-09-04 00:00:00,2026-09-04 00:00:00,0888085896,231296 TGMO 0W-20,TG,1T-Mantenimiento Toyota Value,Toyota,Toyota,63.92
LT03-477,2026-09-04 00:00:00,2026-09-04 00:00:00,90915YZZM3,SUNCONJUNTO DEL F,TG,1T-Mantenimiento Toyota Value,Toyota,Toyota,30.95
LT03-477,2026-09-04 00:00:00,2026-09-04 00:00:00,9043012031,EMPAQUETADURA (TAPON DE DRENAJE DE DEPOS,TG,1T-Mantenimiento Toyota Value,Toyota,Toyota,4.7
LT03-477,2026-09-04 00:00:00,2026-09-04 00:00:00,0881380019,LIMPIA INYECTOR A,TG,1T-Mantenimiento Toyota Value,Toyota,Toyota,42.84
LT03-477,2026-09-04 00:00:00,2026-09-04 00:00:00,X0401001,SUPER LIMPIADOR DE PARABRISAS WURTH 32 ML,TG,1T-Mantenimiento Toyota Value,Toyota,Otras marcas,6.22
LT03-477,2026-09-04 00:00:00,2026-09-04 00:00:00,X0401006,LIMPIADOR DE FRENOS 500 ML WURTH,TG,1T-Mantenimiento Toyota Value,Toyota,Otras marcas,22.08
LI03-2604,2026-09-01 00:00:00,2026-09-01 00:00:00,90182TNN9FIS,PROTECTOR DE TOLV,NVS,4N-OT Interna Accesorios NVS,Toyota,Toyota,720.0
F009-6448,2026-09-10 00:00:00,2026-09-10 00:00:00,9004A54016,ALMOHADILLA (PANEL PUERTA POSTERIOR),TG,2-Mant. Correctivos y Trabajos Generales,Toyota,Toyota,17.62
B008-5158,2026-09-01 00:00:00,,0888070016,651518 ACEITE 10W30 1L,MO,-,,Toyota,89.83
B008-5158,2026-09-01 00:00:00,,15601BZ030,ELEMENTO FILTRO,MO,-,,Toyota,42.11
F008-14403,2026-09-03 00:00:00,,233900L070,CONJUNTO ELEMENTO,MO,-,,Toyota,1077.54
F008-14403,2026-09-03 00:00:00,,178010E030,SUBCONJUNTO ELEME,MO,-,,Toyota,194.29
F008-14366,2026-09-01 00:00:00,,X0401006,LIMPIADOR DE FRENOS 500 ML WURTH,MO,-,,Otras marcas,79.49
F008-14367,2026-09-01 00:00:00,,87139YZZ76,ELEMENTO REFINAD,MO,-,,Toyota,43.9
F009-6384,2026-09-03 00:00:00,2026-09-03 00:00:00,0888050002D,ACEITE 15W40 DIESEL DECILITRO TOYOTA,TG,1-Mantenimiento Periódico,Toyota,Toyota,164.11
F009-6384,2026-09-03 00:00:00,2026-09-03 00:00:00,90915YZZD2,FILTRO DE ACEITE,TG,1-Mantenimiento Periódico,Toyota,Toyota,29.51
F009-6384,2026-09-03 00:00:00,2026-09-03 00:00:00,9043012031,EMPAQUETADURA (TAPON DE DRENAJE DE DEPOS,TG,1-Mantenimiento Periódico,Toyota,Toyota,4.7
F009-6384,2026-09-03 00:00:00,2026-09-03 00:00:00,X0401001,SUPER LIMPIADOR DE PARABRISAS WURTH 32 ML,TG,1-Mantenimiento Periódico,Toyota,Otras marcas,6.22
F009-6384,2026-09-03 00:00:00,2026-09-03 00:00:00,X0401006,LIMPIADOR DE FRENOS 500 ML WURTH,TG,1-Mantenimiento Periódico,Toyota,Otras marcas,22.08
F009-6380,2026-09-02 00:00:00,2026-09-02 00:00:00,0888083840D,ACEITE 5W-30 DIESEL CF - 208 DECILITRO,TG,1-Mantenimiento Periódico,Toyota,Toyota,218.4
F009-6380,2026-09-02 00:00:00,2026-09-02 00:00:00,90915YZZD2,FILTRO DE ACEITE,TG,1-Mantenimiento Periódico,Toyota,Toyota,29.51
F009-6380,2026-09-02 00:00:00,2026-09-02 00:00:00,9043012031,EMPAQUETADURA (TAPON DE DRENAJE DE DEPOS,TG,1-Mantenimiento Periódico,Toyota,Toyota,4.7
F009-6380,2026-09-02 00:00:00,2026-09-02 00:00:00,233900L070,CONJUNTO ELEMENTO,TG,1-Mantenimiento Periódico,Toyota,Toyota,141.61
F009-6380,2026-09-02 00:00:00,2026-09-02 00:00:00,0881380100,LIMPIA INYECTOR A,TG,1-Mantenimiento Periódico,Toyota,Toyota,85.68
F009-6380,2026-09-02 00:00:00,2026-09-02 00:00:00,X0401001,SUPER LIMPIADOR DE PARABRISAS WURTH 32 ML,TG,1-Mantenimiento Periódico,Toyota,Otras marcas,6.22
F009-6380,2026-09-02 00:00:00,2026-09-02 00:00:00,X0401006,LIMPIADOR DE FRENOS 500 ML WURTH,TG,1-Mantenimiento Periódico,Toyota,Otras marcas,22.08
F009-6380,2026-09-02 00:00:00,2026-09-02 00:00:00,482520K010,SILENCIADOR RESO,TG,1-Mantenimiento Periódico,Toyota,Toyota,119.92
F009-6380,2026-09-02 00:00:00,2026-09-02 00:00:00,X0405017,ACEITE ATF CASTROL TRANSMAX DEX/MERC X 1LT,TG,1-Mantenimiento Periódico,Toyota,Otras marcas,81.36
B009-5858,2026-09-02 00:00:00,2026-09-02 00:00:00,0888050005D,651529 ACEITE 5W-30 GASO SEMI DECILITRO,TG,1T-Mantenimiento Toyota Value,Toyota,Toyota,92.16
B009-5858,2026-09-02 00:00:00,2026-09-02 00:00:00,15601BZ030,ELEMENTO FILTRO,TG,1T-Mantenimiento Toyota Value,Toyota,Toyota,50.98
B009-5858,2026-09-02 00:00:00,2026-09-02 00:00:00,9043012031,EMPAQUETADURA (TAPON DE DRENAJE DE DEPOS,TG,1T-Mantenimiento Toyota Value,Toyota,Toyota,4.7
B009-5858,2026-09-02 00:00:00,2026-09-02 00:00:00,X0401001,SUPER LIMPIADOR DE PARABRISAS WURTH 32 ML,TG,1T-Mantenimiento Toyota Value,Toyota,Otras marcas,6.22
B009-5859,2026-09-02 00:00:00,2026-09-02 00:00:00,X0401006,LIMPIADOR DE FRENOS 500 ML WURTH,TG,2-Mant. Correctivos y Trabajos Generales,Toyota,Otras marcas,22.08
B009-5861,2026-09-02 00:00:00,2026-09-02 00:00:00,0888050005D,651529 ACEITE 5W-30 GASO SEMI DECILITRO,TG,1T-Mantenimiento Toyota Value,Toyota,Toyota,99.84
B009-5861,2026-09-02 00:00:00,2026-09-02 00:00:00,90915YZZM3,SUNCONJUNTO DEL F,TG,1T-Mantenimiento Toyota Value,Toyota,Toyota,30.95
B009-5861,2026-09-02 00:00:00,2026-09-02 00:00:00,9043012031,EMPAQUETADURA (TAPON DE DRENAJE DE DEPOS,TG,1T-Mantenimiento Toyota Value,Toyota,Toyota,4.7
B009-5861,2026-09-02 00:00:00,2026-09-02 00:00:00,X0401001,SUPER LIMPIADOR DE PARABRISAS WURTH 32 ML,TG,1T-Mantenimiento Toyota Value,Toyota,Otras marcas,4.98
B009-5861,2026-09-02 00:00:00,2026-09-02 00:00:00,X0401006,LIMPIADOR DE FRENOS 500 ML WURTH,TG,1T-Mantenimiento Toyota Value,Toyota,Otras marcas,17.66
F009-6373,2026-09-02 00:00:00,2026-09-02 00:00:00,0888083840D,ACEITE 5W-30 DIESEL CF - 208 DECILITRO,TG,1-Mantenimiento Periódico,Toyota,Toyota,218.4
F009-6373,2026-09-02 00:00:00,2026-09-02 00:00:00,90915YZZD2,FILTRO DE ACEITE,TG,1-Mantenimiento Periódico,Toyota,Toyota,29.51
F009-6373,2026-09-02 00:00:00,2026-09-02 00:00:00,9043012031,EMPAQUETADURA (TAPON DE DRENAJE DE DEPOS,TG,1-Mantenimiento Periódico,Toyota,Toyota,4.7
F009-6373,2026-09-02 00:00:00,2026-09-02 00:00:00,233900L070,CONJUNTO ELEMENTO,TG,1-Mantenimiento Periódico,Toyota,Toyota,141.61
F009-6373,2026-09-02 00:00:00,2026-09-02 00:00:00,0881380100,LIMPIA INYECTOR A,TG,1-Mantenimiento Periódico,Toyota,Toyota,85.68
F009-6373,2026-09-02 00:00:00,2026-09-02 00:00:00,X0401001,SUPER LIMPIADOR DE PARABRISAS WURTH 32 ML,TG,1-Mantenimiento Periódico,Toyota,Otras marcas,6.22
F009-6373,2026-09-02 00:00:00,2026-09-02 00:00:00,X0401006,LIMPIADOR DE FRENOS 500 ML WURTH,TG,1-Mantenimiento Periódico,Toyota,Otras marcas,22.08
F008-14377,2026-09-02 00:00:00,,13568YZZ01,FAJA DE DISTRIBU,MO,-,,Toyota,864.11
F008-14377,2026-09-02 00:00:00,,1356839016,CORREA DISTRIBUCI,MO,-,,Toyota,372.57
F008-14377,2026-09-02 00:00:00,,90915YZZD2,FILTRO DE ACEITE,MO,-,,Toyota,224.46
F008-14377,2026-09-02 00:00:00,,233900L041,CONJUNTO ELEMENTO,MO,-,,Toyota,760.35
F009-6490,2026-09-15 00:00:00,2026-09-15 00:00:00,0888050002D,ACEITE 15W40 DIESEL DECILITRO TOYOTA,TG,1-Mantenimiento Periódico,Toyota,Toyota,164.11
F009-6490,2026-09-15 00:00:00,2026-09-15 00:00:00,90915YZZD2,FILTRO DE ACEITE,TG,1-Mantenimiento Periódico,Toyota,Toyota,29.51
F009-6490,2026-09-15 00:00:00,2026-09-15 00:00:00,9043012031,EMPAQUETADURA (TAPON DE DRENAJE DE DEPOS,TG,1-Mantenimiento Periódico,Toyota,Toyota,4.7
F009-6490,2026-09-15 00:00:00,2026-09-15 00:00:00,X0401001,SUPER LIMPIADOR DE PARABRISAS WURTH 32 ML,TG,1-Mantenimiento Periódico,Toyota,Otras marcas,6.22
F009-6490,2026-09-15 00:00:00,2026-09-15 00:00:00,X0401006,LIMPIADOR DE FRENOS 500 ML WURTH,TG,1-Mantenimiento Periódico,Toyota,Otras marcas,22.08
F008-14369,2026-09-02 00:00:00,,9031132019,SELLO DE ACEITE (,MO,-,,Toyota,31.02
B008-5159,2026-09-02 00:00:00,,0888980039,ANTICONGELANTE,MO,-,,Toyota,118.66
F008-14382,2026-09-02 00:00:00,,0888070015,651519 ACEITE 10W30 4L,MO,-,,Toyota,9661.94
F008-14382,2026-09-02 00:00:00,,233900L041,CONJUNTO ELEMENTO,MO,-,,Toyota,4562.08
F008-14382,2026-09-02 00:00:00,,90915YZZD2,FILTRO DE ACEITE,MO,-,,Toyota,1122.28
F008-14382,2026-09-02 00:00:00,,233900L070,CONJUNTO ELEMENTO,MO,-,,Toyota,4310.14
F008-14382,2026-09-02 00:00:00,,0888581580,651273 ACEITE M/T 80W90 1L,MO,-,,Toyota,1828.01
F008-14382,2026-09-02 00:00:00,,0888581590,651272 ACEITE DIF 80W90 1L,MO,-,,Toyota,1923.01
F008-14382,2026-09-02 00:00:00,,15613EV015,ELEMENTO FILTRO,MO,-,,Hino,568.63
F008-14382,2026-09-02 00:00:00,,23304EV052,JGO. DE ELEMENTO,MO,-,,Hino,395.21
F008-14382,2026-09-02 00:00:00,,23304EV390,JGO. DE ELEMENTO,MO,-,,Hino,542.42
F008-14382,2026-09-02 00:00:00,,1560178140,ELEMENT FILTRO A,MO,-,,Hino,201.71
F008-14382,2026-09-02 00:00:00,,2330478260,JGO. DE ELEMENTO,MO,-,,Hino,331.45
F008-14382,2026-09-02 00:00:00,,23304EV570,JGO. DE ELEMENTO,MO,-,,Hino,286.64
F009-6376,2026-09-02 00:00:00,2026-09-02 00:00:00,0888050002D,ACEITE 15W40 DIESEL DECILITRO TOYOTA,TG,1T-Mantenimiento Toyota Value,Toyota,Toyota,164.11
F009-6376,2026-09-02 00:00:00,2026-09-02 00:00:00,90915YZZD2,FILTRO DE ACEITE,TG,1T-Mantenimiento Toyota Value,Toyota,Toyota,29.51
F009-6376,2026-09-02 00:00:00,2026-09-02 00:00:00,9043012031,EMPAQUETADURA (TAPON DE DRENAJE DE DEPOS,TG,1T-Mantenimiento Toyota Value,Toyota,Toyota,4.7
F009-6376,2026-09-02 00:00:00,2026-09-02 00:00:00,233900L070,CONJUNTO ELEMENTO,TG,1T-Mantenimiento Toyota Value,Toyota,Toyota,141.61
F009-6376,2026-09-02 00:00:00,2026-09-02 00:00:00,0881380100,LIMPIA INYECTOR A,TG,1T-Mantenimiento Toyota Value,Toyota,Toyota,85.68
F009-6376,2026-09-02 00:00:00,2026-09-02 00:00:00,0888581580,651273 ACEITE M/T 80W90 1L,TG,1T-Mantenimiento Toyota Value,Toyota,Toyota,119.69
F009-6376,2026-09-02 00:00:00,2026-09-02 00:00:00,0888581590,651272 ACEITE DIF 80W90 1L,TG,1T-Mantenimiento Toyota Value,Toyota,Toyota,251.82
F009-6376,2026-09-02 00:00:00,2026-09-02 00:00:00,0888501806,ACEITE GL - 75W 1,TG,1T-Mantenimiento Toyota Value,Toyota,Toyota,212.8
F009-6376,2026-09-02 00:00:00,2026-09-02 00:00:00,9043018008,EMPAQUETADURA (TAPON RELLENADOR TRANSMIS,TG,1T-Mantenimiento Toyota Value,Toyota,Toyota,20.18
F009-6376,2026-09-02 00:00:00,2026-09-02 00:00:00,9043024017,EMPAQUETADURA,TG,1T-Mantenimiento Toyota Value,Toyota,Toyota,4.61
F009-6376,2026-09-02 00:00:00,2026-09-02 00:00:00,1215710010,EMPAQUETADURA (TAPON RELLENADOR ENVOLTUR,TG,1T-Mantenimiento Toyota Value,Toyota,Toyota,11.83
F009-6376,2026-09-02 00:00:00,2026-09-02 00:00:00,0882380010,LIQUIDO DE FRENO,TG,1T-Mantenimiento Toyota Value,Toyota,Toyota,54.52
F009-6376,2026-09-02 00:00:00,2026-09-02 00:00:00,X0405017,ACEITE ATF CASTROL TRANSMAX DEX/MERC X 1LT,TG,1T-Mantenimiento Toyota Value,Toyota,Otras marcas,81.36
F009-6376,2026-09-02 00:00:00,2026-09-02 00:00:00,X0401001,SUPER LIMPIADOR DE PARABRISAS WURTH 32 ML,TG,1T-Mantenimiento Toyota Value,Toyota,Otras marcas,6.22
F009-6376,2026-09-02 00:00:00,2026-09-02 00:00:00,X0401006,LIMPIADOR DE FRENOS 500 ML WURTH,TG,1T-Mantenimiento Toyota Value,Toyota,Otras marcas,22.08
T003-2247,2026-09-02 00:00:00,,0888060015,651313 - ACEITE 15W40 GL,MO,-,,Toyota,9291.69
T003-2247,2026-09-02 00:00:00,,0888060016,651268 ACEITE 15W40 1L,MO,-,,Toyota,4684.86
T003-2247,2026-09-02 00:00:00,,0888070015,651519 ACEITE 10W30 4L,MO,-,,Toyota,6139.38
T003-2247,2026-09-02 00:00:00,,0888030015,651528 ACEITE 5W30 4L,MO,-,,Toyota,4000.78
T003-2247,2026-09-02 00:00:00,,90915YZZD2,FILTRO DE ACEITE,MO,-,,Toyota,1475.33
T003-2247,2026-09-02 00:00:00,,4851009K80,CONJUNTO DE AMORT,MO,-,,Toyota,1495.4
B009-5862,2026-09-02 00:00:00,2026-09-02 00:00:00,0888050005D,651529 ACEITE 5W-30 GASO SEMI DECILITRO,TG,1T-Mantenimiento Toyota Value,Toyota,Toyota,99.84
B009-5862,2026-09-02 00:00:00,2026-09-02 00:00:00,15601BZ030,ELEMENTO FILTRO,TG,1T-Mantenimiento Toyota Value,Toyota,Toyota,50.98
B009-5862,2026-09-02 00:00:00,2026-09-02 00:00:00,9043012031,EMPAQUETADURA (TAPON DE DRENAJE DE DEPOS,TG,1T-Mantenimiento Toyota Value,Toyota,Toyota,4.7
B009-5862,2026-09-02 00:00:00,2026-09-02 00:00:00,X0401001,SUPER LIMPIADOR DE PARABRISAS WURTH 32 ML,TG,1T-Mantenimiento Toyota Value,Toyota,Otras marcas,6.22
F009-6400,2026-09-04 00:00:00,2026-09-04 00:00:00,0888050005D,651529 ACEITE 5W-30 GASO SEMI DECILITRO,TG,1-Mantenimiento Periódico,Toyota,Toyota,166.4
F009-6400,2026-09-04 00:00:00,2026-09-04 00:00:00,90915YZZD2,FILTRO DE ACEITE,TG,1-Mantenimiento Periódico,Toyota,Toyota,29.51
F009-6400,2026-09-04 00:00:00,2026-09-04 00:00:00,9043012031,EMPAQUETADURA (TAPON DE DRENAJE DE DEPOS,TG,1-Mantenimiento Periódico,Toyota,Toyota,4.7
F009-6400,2026-09-04 00:00:00,2026-09-04 00:00:00,2330075140,FILTRO COMBUSTIBL,TG,1-Mantenimiento Periódico,Toyota,Toyota,205.81
F009-6400,2026-09-04 00:00:00,2026-09-04 00:00:00,0881380019,LIMPIA INYECTOR A,TG,1-Mantenimiento Periódico,Toyota,Toyota,85.68
F009-6400,2026-09-04 00:00:00,2026-09-04 00:00:00,X0401001,SUPER LIMPIADOR DE PARABRISAS WURTH 32 ML,TG,1-Mantenimiento Periódico,Toyota,Otras marcas,6.22
F009-6400,2026-09-04 00:00:00,2026-09-04 00:00:00,X0401006,LIMPIADOR DE FRENOS 500 ML WURTH,TG,1-Mantenimiento Periódico,Toyota,Otras marcas,22.08
F009-6400,2026-09-04 00:00:00,2026-09-04 00:00:00,044650K590,JGO DE PASTILLAS,TG,1-Mantenimiento Periódico,Toyota,Toyota,435.47
F009-6400,2026-09-04 00:00:00,2026-09-04 00:00:00,044660K010,JUEGO PASTILLA F,TG,1-Mantenimiento Periódico,Toyota,Toyota,337.17
F009-6400,2026-09-04 00:00:00,2026-09-04 00:00:00,87139YZZ75,ELEMENTO REFINAD,TG,1-Mantenimiento Periódico,Toyota,Toyota,81.28
F009-6400,2026-09-04 00:00:00,2026-09-04 00:00:00,17801YZZA3,SUBCONJUNTO ELEME,TG,1-Mantenimiento Periódico,Toyota,Toyota,82.74
F009-6400,2026-09-04 00:00:00,2026-09-04 00:00:00,488150K090,BUJE BARRA ESTAB,TG,1-Mantenimiento Periódico,Toyota,Toyota,168.32
F008-14371,2026-09-02 00:00:00,,233900L070,CONJUNTO ELEMENTO,MO,-,,Toyota,116.63
F008-14371,2026-09-02 00:00:00,,90915YZZD2,FILTRO DE ACEITE,MO,-,,Toyota,24.29
F008-14371,2026-09-02 00:00:00,,178010E030,SUBCONJUNTO ELEME,MO,-,,Toyota,106.86
F009-6379,2026-09-02 00:00:00,2026-09-02 00:00:00,0888050002D,ACEITE 15W40 DIESEL DECILITRO TOYOTA,TG,1-Mantenimiento Periódico,Toyota,Toyota,164.11
F009-6379,2026-09-02 00:00:00,2026-09-02 00:00:00,90915YZZD2,FILTRO DE ACEITE,TG,1-Mantenimiento Periódico,Toyota,Toyota,29.51
F009-6379,2026-09-02 00:00:00,2026-09-02 00:00:00,9043012031,EMPAQUETADURA (TAPON DE DRENAJE DE DEPOS,TG,1-Mantenimiento Periódico,Toyota,Toyota,4.7
F009-6379,2026-09-02 00:00:00,2026-09-02 00:00:00,X0401001,SUPER LIMPIADOR DE PARABRISAS WURTH 32 ML,TG,1-Mantenimiento Periódico,Toyota,Otras marcas,6.22
F009-6379,2026-09-02 00:00:00,2026-09-02 00:00:00,X0401006,LIMPIADOR DE FRENOS 500 ML WURTH,TG,1-Mantenimiento Periódico,Toyota,Otras marcas,22.08
F009-6379,2026-09-02 00:00:00,2026-09-02 00:00:00,312500K222,CONJUNTO DISCO EMBRAGUE,TG,1-Mantenimiento Periódico,Toyota,Toyota,609.31
F009-6379,2026-09-02 00:00:00,2026-09-02 00:00:00,312100K190,CONJUNTO CUBIERTA EMBRAGUE,TG,1-Mantenimiento Periódico,Toyota,Toyota,842.18
F009-6379,2026-09-02 00:00:00,2026-09-02 00:00:00,3123071011,CONJUNTO COJINETE,TG,1-Mantenimiento Periódico,Toyota,Toyota,310.44
F009-6379,2026-09-02 00:00:00,2026-09-02 00:00:00,9036312024,COJINETE (EJE ENTRADA),TG,1-Mantenimiento Periódico,Toyota,Toyota,27.92
F009-6379,2026-09-02 00:00:00,2026-09-02 00:00:00,3124171010,SELLO POLVO DE L,TG,1-Mantenimiento Periódico,Toyota,Toyota,3.37
F009-6379,2026-09-02 00:00:00,2026-09-02 00:00:00,X0303003,FOCO TIPO LAGRIMA NARVA W5W STANDARD 12V 5W,TG,1-Mantenimiento Periódico,Toyota,Otras marcas,24.0
F009-6379,2026-09-02 00:00:00,2026-09-02 00:00:00,87139YZZ75,ELEMENTO REFINAD,TG,1-Mantenimiento Periódico,Toyota,Toyota,81.28
F009-6379,2026-09-02 00:00:00,2026-09-02 00:00:00,17801YZZA3,SUBCONJUNTO ELEME,TG,1-Mantenimiento Periódico,Toyota,Toyota,82.74
F009-6379,2026-09-02 00:00:00,2026-09-02 00:00:00,87139YZZ75,ELEMENTO REFINAD,TG,1-Mantenimiento Periódico,Toyota,Toyota,-81.28
F009-6379,2026-09-02 00:00:00,2026-09-02 00:00:00,17801YZZA3,SUBCONJUNTO ELEME,TG,1-Mantenimiento Periódico,Toyota,Toyota,-82.74
F009-6379,2026-09-02 00:00:00,2026-09-02 00:00:00,178010C010,SUBCONJUNTO ELEME,TG,1-Mantenimiento Periódico,Toyota,Toyota,136.36
F009-6379,2026-09-02 00:00:00,2026-09-02 00:00:00,87139YZZ25,FILTRO DE AIRE,TG,1-Mantenimiento Periódico,Toyota,Toyota,79.68
B009-5864,2026-09-02 00:00:00,2026-09-02 00:00:00,0888050002D,ACEITE 15W40 DIESEL DECILITRO TOYOTA,TG,1-Mantenimiento Periódico,Toyota,Toyota,164.11
B009-5864,2026-09-02 00:00:00,2026-09-02 00:00:00,90915YZZD2,FILTRO DE ACEITE,TG,1-Mantenimiento Periódico,Toyota,Toyota,29.51
B009-5864,2026-09-02 00:00:00,2026-09-02 00:00:00,9043012031,EMPAQUETADURA (TAPON DE DRENAJE DE DEPOS,TG,1-Mantenimiento Periódico,Toyota,Toyota,4.7
B009-5864,2026-09-02 00:00:00,2026-09-02 00:00:00,233900L070,CONJUNTO ELEMENTO,TG,1-Mantenimiento Periódico,Toyota,Toyota,141.61
B009-5864,2026-09-02 00:00:00,2026-09-02 00:00:00,0881380100,LIMPIA INYECTOR A,TG,1-Mantenimiento Periódico,Toyota,Toyota,85.68
B009-5864,2026-09-02 00:00:00,2026-09-02 00:00:00,0888581580,651273 ACEITE M/T 80W90 1L,TG,1-Mantenimiento Periódico,Toyota,Toyota,119.69
B009-5864,2026-09-02 00:00:00,2026-09-02 00:00:00,0888581590,651272 ACEITE DIF 80W90 1L,TG,1-Mantenimiento Periódico,Toyota,Toyota,251.82
B009-5864,2026-09-02 00:00:00,2026-09-02 00:00:00,0888501806,ACEITE GL - 75W 1,TG,1-Mantenimiento Periódico,Toyota,Toyota,212.8
B009-5864,2026-09-02 00:00:00,2026-09-02 00:00:00,9043018008,EMPAQUETADURA (TAPON RELLENADOR TRANSMIS,TG,1-Mantenimiento Periódico,Toyota,Toyota,20.18
B009-5864,2026-09-02 00:00:00,2026-09-02 00:00:00,9043024017,EMPAQUETADURA,TG,1-Mantenimiento Periódico,Toyota,Toyota,4.61
B009-5864,2026-09-02 00:00:00,2026-09-02 00:00:00,1215710010,EMPAQUETADURA (TAPON RELLENADOR ENVOLTUR,TG,1-Mantenimiento Periódico,Toyota,Toyota,11.83
B009-5864,2026-09-02 00:00:00,2026-09-02 00:00:00,0882380010,LIQUIDO DE FRENO,TG,1-Mantenimiento Periódico,Toyota,Toyota,54.52
B009-5864,2026-09-02 00:00:00,2026-09-02 00:00:00,X0405017,ACEITE ATF CASTROL TRANSMAX DEX/MERC X 1LT,TG,1-Mantenimiento Periódico,Toyota,Otras marcas,81.36
B009-5864,2026-09-02 00:00:00,2026-09-02 00:00:00,X0401001,SUPER LIMPIADOR DE PARABRISAS WURTH 32 ML,TG,1-Mantenimiento Periódico,Toyota,Otras marcas,6.22
B009-5864,2026-09-02 00:00:00,2026-09-02 00:00:00,X0401006,LIMPIADOR DE FRENOS 500 ML WURTH,TG,1-Mantenimiento Periódico,Toyota,Otras marcas,22.08
B009-5864,2026-09-02 00:00:00,2026-09-02 00:00:00,SEGURMAGNE,SEGUROS DE ARO,TG,1-Mantenimiento Periódico,Toyota,Toyota,28.4
B008-5160,2026-09-02 00:00:00,,9091603118,TERMOSTATO,MO,-,,Toyota,90.05
B008-5160,2026-09-02 00:00:00,,1634630010,EMPAQUETADURA TE,MO,-,,Toyota,14.32
F008-14373,2026-09-02 00:00:00,,1111554073F0,EMPAQUETADURA CU,MO,-,,Toyota,264.58
F009-6377,2026-09-02 00:00:00,2026-09-02 00:00:00,0888050005D,651529 ACEITE 5W-30 GASO SEMI DECILITRO,TG,1T-Mantenimiento Toyota Value,Toyota,Toyota,74.24
F009-6377,2026-09-02 00:00:00,2026-09-02 00:00:00,15601BZ030,ELEMENTO FILTRO,TG,1T-Mantenimiento Toyota Value,Toyota,Toyota,50.98
F009-6377,2026-09-02 00:00:00,2026-09-02 00:00:00,9043012031,EMPAQUETADURA (TAPON DE DRENAJE DE DEPOS,TG,1T-Mantenimiento Toyota Value,Toyota,Toyota,4.7
F009-6377,2026-09-02 00:00:00,2026-09-02 00:00:00,0881380019,LIMPIA INYECTOR A,TG,1T-Mantenimiento Toyota Value,Toyota,Toyota,42.84
F009-6377,2026-09-02 00:00:00,2026-09-02 00:00:00,9004851212,BUJIA,TG,1T-Mantenimiento Toyota Value,Toyota,Toyota,62.07
F009-6377,2026-09-02 00:00:00,2026-09-02 00:00:00,0882380010,LIQUIDO DE FRENO,TG,1T-Mantenimiento Toyota Value,Toyota,Toyota,54.52
F009-6377,2026-09-02 00:00:00,2026-09-02 00:00:00,X0401001,SUPER LIMPIADOR DE PARABRISAS WURTH 32 ML,TG,1T-Mantenimiento Toyota Value,Toyota,Otras marcas,6.22
F009-6377,2026-09-02 00:00:00,2026-09-02 00:00:00,X0401006,LIMPIADOR DE FRENOS 500 ML WURTH,TG,1T-Mantenimiento Toyota Value,Toyota,Otras marcas,22.08
F008-14374,2026-09-02 00:00:00,,044950K120,JUEGO ZAPATA FREN,MO,-,,Toyota,334.62
F008-14374,2026-09-02 00:00:00,,178010E030,SUBCONJUNTO ELEME,MO,-,,Toyota,97.14
F008-14374,2026-09-02 00:00:00,,9091603118,TERMOSTATO,MO,-,,Toyota,86.45
F008-14374,2026-09-02 00:00:00,,1634630010,EMPAQUETADURA TE,MO,-,,Toyota,13.02
F008-14374,2026-09-02 00:00:00,,4749120011,TAPON ORIFICIO (FRENO POSTERIOR),MO,-,,Toyota,26.94
F008-14379,2026-09-02 00:00:00,,9031175022,SELLO ACEITE TRASERO MOTOR,MO,-,,Toyota,409.67
F008-14379,2026-09-02 00:00:00,,1356839016,CORREA DISTRIBUCI,MO,-,,Toyota,993.52
F008-14375,2026-09-02 00:00:00,,9091603118,TERMOSTATO,MO,-,,Toyota,90.05
F008-14375,2026-09-02 00:00:00,,1634630010,EMPAQUETADURA TE,MO,-,,Toyota,13.54
B009-5860,2026-09-02 00:00:00,2026-09-02 00:00:00,0888050005D,651529 ACEITE 5W-30 GASO SEMI DECILITRO,TG,1T-Mantenimiento Toyota Value,Toyota,Toyota,99.84
B009-5860,2026-09-02 00:00:00,2026-09-02 00:00:00,15601BZ030,ELEMENTO FILTRO,TG,1T-Mantenimiento Toyota Value,Toyota,Toyota,50.98
B009-5860,2026-09-02 00:00:00,2026-09-02 00:00:00,9043012031,EMPAQUETADURA (TAPON DE DRENAJE DE DEPOS,TG,1T-Mantenimiento Toyota Value,Toyota,Toyota,4.7
B009-5860,2026-09-02 00:00:00,2026-09-02 00:00:00,X0401001,SUPER LIMPIADOR DE PARABRISAS WURTH 32 ML,TG,1T-Mantenimiento Toyota Value,Toyota,Otras marcas,4.98
B009-5860,2026-09-02 00:00:00,2026-09-02 00:00:00,X0401006,LIMPIADOR DE FRENOS 500 ML WURTH,TG,1T-Mantenimiento Toyota Value,Toyota,Otras marcas,17.66
B008-5161,2026-09-02 00:00:00,,111150Y030,EMPAQUETADURA CU,MO,-,,Toyota,157.36
B008-5161,2026-09-02 00:00:00,,16401BZ010,SUBCONJUNTO TAPA,MO,-,,Toyota,84.6
F008-14376,2026-09-02 00:00:00,,9090389012,BUJE (AMORTIGUADO,MO,-,,Toyota,96.33
B008-5162,2026-09-02 00:00:00,,9004467555,RETENEDOR (RETENE,MO,-,,Toyota,14.82
B008-5162,2026-09-02 00:00:00,,9004168102,TORNILLO,MO,-,,Toyota,3.95
B008-5162,2026-09-02 00:00:00,,52116BZ240,"SOPORTE, LADO AMO",MO,-,,Toyota,167.81
T003-2248,2026-09-02 00:00:00,,3123036210,COLLARIN COMP.,MO,-,,Hino,262.47
F008-14378,2026-09-02 00:00:00,,1560517030,VALVULA,MO,-,,Toyota,81.28
B009-5863,2026-09-02 00:00:00,2026-09-02 00:00:00,3723009090,CONJ.RODAMIENTO,TG,2-Mant. Correctivos y Trabajos Generales,Toyota,Toyota,933.56
B009-5863,2026-09-02 00:00:00,2026-09-02 00:00:00,043710K170,"JUEGO CRUCETAS, J",TG,2-Mant. Correctivos y Trabajos Generales,Toyota,Toyota,376.6
B009-5863,2026-09-02 00:00:00,2026-09-02 00:00:00,482520K010,SILENCIADOR RESO,TG,2-Mant. Correctivos y Trabajos Generales,Toyota,Toyota,119.92
B009-5874,2026-09-04 00:00:00,2026-09-04 00:00:00,0888083840D,ACEITE 5W-30 DIESEL CF - 208 DECILITRO,TG,1-Mantenimiento Periódico,Toyota,Toyota,218.4
B009-5874,2026-09-04 00:00:00,2026-09-04 00:00:00,90915YZZD2,FILTRO DE ACEITE,TG,1-Mantenimiento Periódico,Toyota,Toyota,29.51
B009-5874,2026-09-04 00:00:00,2026-09-04 00:00:00,9043012031,EMPAQUETADURA (TAPON DE DRENAJE DE DEPOS,TG,1-Mantenimiento Periódico,Toyota,Toyota,4.7
B009-5874,2026-09-04 00:00:00,2026-09-04 00:00:00,X0401001,SUPER LIMPIADOR DE PARABRISAS WURTH 32 ML,TG,1-Mantenimiento Periódico,Toyota,Otras marcas,6.22
B009-5874,2026-09-04 00:00:00,2026-09-04 00:00:00,X0401006,LIMPIADOR DE FRENOS 500 ML WURTH,TG,1-Mantenimiento Periódico,Toyota,Otras marcas,22.08
B009-5874,2026-09-04 00:00:00,2026-09-04 00:00:00,87139YZZ75,ELEMENTO REFINAD,TG,1-Mantenimiento Periódico,Toyota,Toyota,81.28
B009-5874,2026-09-04 00:00:00,2026-09-04 00:00:00,X0405017,ACEITE ATF CASTROL TRANSMAX DEX/MERC X 1LT,TG,1-Mantenimiento Periódico,Toyota,Otras marcas,81.36
B009-5874,2026-09-04 00:00:00,2026-09-04 00:00:00,482520K010,SILENCIADOR RESO,TG,1-Mantenimiento Periódico,Toyota,Toyota,119.92
F008-14388,2026-09-03 00:00:00,,1121030110,SUBCONJUNTO DE LA TAPA CULATA DE CILIND,MO,-,,Toyota,643.91
B008-5163,2026-09-02 00:00:00,,04495BZ111,JUEGO ZAPATA FRENO POSTERIOR,MO,-,,Toyota,148.88
F009-6383,2026-09-03 00:00:00,2026-09-03 00:00:00,0888083840D,ACEITE 5W-30 DIESEL CF - 208 DECILITRO,TG,1T-Mantenimiento Toyota Value,Toyota,Toyota,218.4
F009-6383,2026-09-03 00:00:00,2026-09-03 00:00:00,90915YZZD2,FILTRO DE ACEITE,TG,1T-Mantenimiento Toyota Value,Toyota,Toyota,29.51
F009-6383,2026-09-03 00:00:00,2026-09-03 00:00:00,9043012031,EMPAQUETADURA (TAPON DE DRENAJE DE DEPOS,TG,1T-Mantenimiento Toyota Value,Toyota,Toyota,4.7
F009-6383,2026-09-03 00:00:00,2026-09-03 00:00:00,X0401001,SUPER LIMPIADOR DE PARABRISAS WURTH 32 ML,TG,1T-Mantenimiento Toyota Value,Toyota,Otras marcas,4.98
F009-6383,2026-09-03 00:00:00,2026-09-03 00:00:00,X0401006,LIMPIADOR DE FRENOS 500 ML WURTH,TG,1T-Mantenimiento Toyota Value,Toyota,Otras marcas,17.66
F009-6375,2026-09-02 00:00:00,2026-09-02 00:00:00,044650K391,JUEGO PASTILLA FRENO DISCO FR,TG,2-Mant. Correctivos y Trabajos Generales,Toyota,Toyota,492.3
F009-6375,2026-09-02 00:00:00,2026-09-02 00:00:00,044950K120,JUEGO ZAPATA FREN,TG,2-Mant. Correctivos y Trabajos Generales,Toyota,Toyota,379.29
F009-6375,2026-09-02 00:00:00,2026-09-02 00:00:00,435120K280,DISCO FRONTAL,TG,2-Mant. Correctivos y Trabajos Generales,Toyota,Toyota,1479.34
F009-6375,2026-09-02 00:00:00,2026-09-02 00:00:00,482520K010,SILENCIADOR RESO,TG,2-Mant. Correctivos y Trabajos Generales,Toyota,Toyota,119.92
F009-6375,2026-09-02 00:00:00,2026-09-02 00:00:00,X0405017,ACEITE ATF CASTROL TRANSMAX DEX/MERC X 1LT,TG,2-Mant. Correctivos y Trabajos Generales,Toyota,Otras marcas,81.36
F009-6375,2026-09-02 00:00:00,2026-09-02 00:00:00,0447860050,JUEGO CILINDRO FRENO DISCO FRONTAL,TG,2-Mant. Correctivos y Trabajos Generales,Toyota,Toyota,136.64
F009-6375,2026-09-02 00:00:00,2026-09-02 00:00:00,0882380010,LIQUIDO DE FRENO,TG,2-Mant. Correctivos y Trabajos Generales,Toyota,Toyota,54.52
T003-2249,2026-09-02 00:00:00,,90369T0003,COJINETE (INT.CUB,MO,-,,Toyota,1193.26
T003-2249,2026-09-02 00:00:00,,9090389012,BUJE (AMORTIGUADO,MO,-,,Toyota,963.27
T003-2249,2026-09-02 00:00:00,,90385T0017,BUJE (INFERIOR DE,MO,-,,Toyota,209.88
T003-2249,2026-09-02 00:00:00,,4242371010,RETENEDOR COJINETE EJE TRASERO INTERIO,MO,-,,Toyota,518.03
T003-2249,2026-09-02 00:00:00,,90310T0008,SELLO ACEITE (EJ,MO,-,,Toyota,351.98
F008-14383,2026-09-02 00:00:00,,233900L070,CONJUNTO ELEMENTO,MO,-,,Toyota,1077.54
F008-14383,2026-09-02 00:00:00,,90915YZZM3,SUNCONJUNTO DEL F,MO,-,,Toyota,240.73
F008-14383,2026-09-02 00:00:00,,90915YZZD2,FILTRO DE ACEITE,MO,-,,Toyota,448.91
F008-14383,2026-09-02 00:00:00,,15601BZ030,ELEMENTO FILTRO,MO,-,,Toyota,388.2
T003-2250,2026-09-02 00:00:00,,0888070015,651519 ACEITE 10W30 4L,MO,-,,Toyota,9661.94
T003-2250,2026-09-02 00:00:00,,233900L041,CONJUNTO ELEMENTO,MO,-,,Toyota,4562.08
T003-2250,2026-09-02 00:00:00,,90915YZZD2,FILTRO DE ACEITE,MO,-,,Toyota,1122.28
T003-2250,2026-09-02 00:00:00,,233900L070,CONJUNTO ELEMENTO,MO,-,,Toyota,4310.14
T003-2250,2026-09-02 00:00:00,,0888581580,651273 ACEITE M/T 80W90 1L,MO,-,,Toyota,1828.01
T003-2250,2026-09-02 00:00:00,,0888581590,651272 ACEITE DIF 80W90 1L,MO,-,,Toyota,1923.01
T003-2250,2026-09-02 00:00:00,,15613EV015,ELEMENTO FILTRO,MO,-,,Hino,568.63
T003-2250,2026-09-02 00:00:00,,23304EV052,JGO. DE ELEMENTO,MO,-,,Hino,395.21
T003-2250,2026-09-02 00:00:00,,23304EV390,JGO. DE ELEMENTO,MO,-,,Hino,542.42
T003-2250,2026-09-02 00:00:00,,1560178140,ELEMENT FILTRO A,MO,-,,Hino,201.71
T003-2250,2026-09-02 00:00:00,,2330478260,JGO. DE ELEMENTO,MO,-,,Hino,331.45
T003-2250,2026-09-02 00:00:00,,23304EV570,JGO. DE ELEMENTO,MO,-,,Hino,286.64
F009-6382,2026-09-03 00:00:00,2026-09-03 00:00:00,044650K391,JUEGO PASTILLA FRENO DISCO FR,TG,2-Mant. Correctivos y Trabajos Generales,Toyota,Toyota,492.3
LT03-476,2026-09-04 00:00:00,2026-09-04 00:00:00,0888085895,231297 TGMO 0W-20,TG,1-Mantenimiento Periódico,Toyota,Toyota,222.13
LT03-476,2026-09-04 00:00:00,2026-09-04 00:00:00,0888085896,231296 TGMO 0W-20,TG,1-Mantenimiento Periódico,Toyota,Toyota,56.4
LT03-476,2026-09-04 00:00:00,2026-09-04 00:00:00,90915YZZM3,SUNCONJUNTO DEL F,TG,1-Mantenimiento Periódico,Toyota,Toyota,27.51
LT03-476,2026-09-04 00:00:00,2026-09-04 00:00:00,9043012031,EMPAQUETADURA (TAPON DE DRENAJE DE DEPOS,TG,1-Mantenimiento Periódico,Toyota,Toyota,4.15
LT03-476,2026-09-04 00:00:00,2026-09-04 00:00:00,0881380019,LIMPIA INYECTOR A,TG,1-Mantenimiento Periódico,Toyota,Toyota,38.95
LT03-476,2026-09-04 00:00:00,2026-09-04 00:00:00,X0401001,SUPER LIMPIADOR DE PARABRISAS WURTH 32 ML,TG,1-Mantenimiento Periódico,Toyota,Otras marcas,4.98
LT03-476,2026-09-04 00:00:00,2026-09-04 00:00:00,X0401006,LIMPIADOR DE FRENOS 500 ML WURTH,TG,1-Mantenimiento Periódico,Toyota,Otras marcas,17.66
B008-5164,2026-09-02 00:00:00,,9091603118,TERMOSTATO,MO,-,,Toyota,90.05
B008-5164,2026-09-02 00:00:00,,1634630010,EMPAQUETADURA TE,MO,-,,Toyota,14.32
B008-5165,2026-09-02 00:00:00,,233900L041,CONJUNTO ELEMENTO,MO,-,,Toyota,82.29
F008-14385,2026-09-02 00:00:00,,312500K222,CONJUNTO DISCO EMBRAGUE,MO,-,,Toyota,595.77
F008-14385,2026-09-02 00:00:00,,312100K190,CONJUNTO CUBIERTA EMBRAGUE,MO,-,,Toyota,794.51
F008-14385,2026-09-02 00:00:00,,3123071011,CONJUNTO COJINETE,MO,-,,Toyota,292.75
F009-6378,2026-09-02 00:00:00,2026-09-02 00:00:00,0888083840D,ACEITE 5W-30 DIESEL CF - 208 DECILITRO,TG,1-Mantenimiento Periódico,Toyota,Toyota,218.4
F009-6378,2026-09-02 00:00:00,2026-09-02 00:00:00,90915YZZD2,FILTRO DE ACEITE,TG,1-Mantenimiento Periódico,Toyota,Toyota,29.51
F009-6378,2026-09-02 00:00:00,2026-09-02 00:00:00,9043012031,EMPAQUETADURA (TAPON DE DRENAJE DE DEPOS,TG,1-Mantenimiento Periódico,Toyota,Toyota,4.7
F009-6381,2026-09-03 00:00:00,2026-09-03 00:00:00,0888083840D,ACEITE 5W-30 DIESEL CF - 208 DECILITRO,TG,1T-Mantenimiento Toyota Value,Toyota,Toyota,218.4
F009-6381,2026-09-03 00:00:00,2026-09-03 00:00:00,90915YZZD2,FILTRO DE ACEITE,TG,1T-Mantenimiento Toyota Value,Toyota,Toyota,29.51
F009-6381,2026-09-03 00:00:00,2026-09-03 00:00:00,9043012031,EMPAQUETADURA (TAPON DE DRENAJE DE DEPOS,TG,1T-Mantenimiento Toyota Value,Toyota,Toyota,4.7
F009-6381,2026-09-03 00:00:00,2026-09-03 00:00:00,X0401001,SUPER LIMPIADOR DE PARABRISAS WURTH 32 ML,TG,1T-Mantenimiento Toyota Value,Toyota,Otras marcas,6.22
F009-6385,2026-09-03 00:00:00,2026-09-03 00:00:00,0888050005D,651529 ACEITE 5W-30 GASO SEMI DECILITRO,TG,1-Mantenimiento Periódico,Toyota,Toyota,99.84
F009-6385,2026-09-03 00:00:00,2026-09-03 00:00:00,15601BZ030,ELEMENTO FILTRO,TG,1-Mantenimiento Periódico,Toyota,Toyota,50.98
F009-6385,2026-09-03 00:00:00,2026-09-03 00:00:00,9043012031,EMPAQUETADURA (TAPON DE DRENAJE DE DEPOS,TG,1-Mantenimiento Periódico,Toyota,Toyota,4.7
F009-6385,2026-09-03 00:00:00,2026-09-03 00:00:00,0881380019,LIMPIA INYECTOR A,TG,1-Mantenimiento Periódico,Toyota,Toyota,42.84
F009-6385,2026-09-03 00:00:00,2026-09-03 00:00:00,0888581580,651273 ACEITE M/T 80W90 1L,TG,1-Mantenimiento Periódico,Toyota,Toyota,119.69
F009-6385,2026-09-03 00:00:00,2026-09-03 00:00:00,0888581590,651272 ACEITE DIF 80W90 1L,TG,1-Mantenimiento Periódico,Toyota,Toyota,125.91
F009-6385,2026-09-03 00:00:00,2026-09-03 00:00:00,1215710010,EMPAQUETADURA (TAPON RELLENADOR ENVOLTUR,TG,1-Mantenimiento Periódico,Toyota,Toyota,7.88
F009-6385,2026-09-03 00:00:00,2026-09-03 00:00:00,0882380010,LIQUIDO DE FRENO,TG,1-Mantenimiento Periódico,Toyota,Toyota,54.52
F009-6385,2026-09-03 00:00:00,2026-09-03 00:00:00,0888980039,ANTICONGELANTE,TG,1-Mantenimiento Periódico,Toyota,Toyota,214.73
F009-6385,2026-09-03 00:00:00,2026-09-03 00:00:00,X0504001,AGUA DESTILADA 1L. SINTEK,TG,1-Mantenimiento Periódico,Toyota,Otras marcas,13.38
F009-6385,2026-09-03 00:00:00,2026-09-03 00:00:00,X0401001,SUPER LIMPIADOR DE PARABRISAS WURTH 32 ML,TG,1-Mantenimiento Periódico,Toyota,Otras marcas,6.22
F009-6385,2026-09-03 00:00:00,2026-09-03 00:00:00,X0401006,LIMPIADOR DE FRENOS 500 ML WURTH,TG,1-Mantenimiento Periódico,Toyota,Otras marcas,22.08
F009-6391,2026-09-04 00:00:00,2026-09-04 00:00:00,0888050002D,ACEITE 15W40 DIESEL DECILITRO TOYOTA,TG,1-Mantenimiento Periódico,Toyota,Toyota,164.11
F009-6391,2026-09-04 00:00:00,2026-09-04 00:00:00,90915YZZD2,FILTRO DE ACEITE,TG,1-Mantenimiento Periódico,Toyota,Toyota,29.51
F009-6391,2026-09-04 00:00:00,2026-09-04 00:00:00,9043012031,EMPAQUETADURA (TAPON DE DRENAJE DE DEPOS,TG,1-Mantenimiento Periódico,Toyota,Toyota,4.7
F009-6391,2026-09-04 00:00:00,2026-09-04 00:00:00,X0401001,SUPER LIMPIADOR DE PARABRISAS WURTH 32 ML,TG,1-Mantenimiento Periódico,Toyota,Otras marcas,6.22
F009-6391,2026-09-04 00:00:00,2026-09-04 00:00:00,X0401006,LIMPIADOR DE FRENOS 500 ML WURTH,TG,1-Mantenimiento Periódico,Toyota,Otras marcas,22.08
F009-6391,2026-09-04 00:00:00,2026-09-04 00:00:00,87139YZZ75,ELEMENTO REFINAD,TG,1-Mantenimiento Periódico,Toyota,Toyota,81.28
F009-6391,2026-09-04 00:00:00,2026-09-04 00:00:00,17801YZZA3,SUBCONJUNTO ELEME,TG,1-Mantenimiento Periódico,Toyota,Toyota,82.74
F009-6391,2026-09-04 00:00:00,2026-09-04 00:00:00,044950K120,JUEGO ZAPATA FREN,TG,1-Mantenimiento Periódico,Toyota,Toyota,379.29
F009-6391,2026-09-04 00:00:00,2026-09-04 00:00:00,044650K391,JUEGO PASTILLA FRENO DISCO FR,TG,1-Mantenimiento Periódico,Toyota,Toyota,492.3
F009-6391,2026-09-04 00:00:00,2026-09-04 00:00:00,0447860050,JUEGO CILINDRO FRENO DISCO FRONTAL,TG,1-Mantenimiento Periódico,Toyota,Toyota,136.64
F009-6391,2026-09-04 00:00:00,2026-09-04 00:00:00,0882380010,LIQUIDO DE FRENO,TG,1-Mantenimiento Periódico,Toyota,Toyota,54.52
F009-6391,2026-09-04 00:00:00,2026-09-04 00:00:00,X0401006,LIMPIADOR DE FRENOS 500 ML WURTH,TG,1-Mantenimiento Periódico,Toyota,Otras marcas,22.08
F009-6391,2026-09-04 00:00:00,2026-09-04 00:00:00,X0303001,LAMPARA NARVA P21 5W 12V 2 CONTACTOS C BASE,TG,1-Mantenimiento Periódico,Toyota,Otras marcas,5.0
F009-6391,2026-09-04 00:00:00,2026-09-04 00:00:00,0447860050,JUEGO CILINDRO FRENO DISCO FRONTAL,TG,1-Mantenimiento Periódico,Toyota,Toyota,-136.64
F009-6391,2026-09-04 00:00:00,2026-09-04 00:00:00,0447860050,JUEGO CILINDRO FRENO DISCO FRONTAL,TG,1-Mantenimiento Periódico,Toyota,Toyota,136.64
B009-5866,2026-09-03 00:00:00,2026-09-03 00:00:00,0888050005D,651529 ACEITE 5W-30 GASO SEMI DECILITRO,TG,1-Mantenimiento Periódico,Toyota,Toyota,99.84
B009-5866,2026-09-03 00:00:00,2026-09-03 00:00:00,15601BZ030,ELEMENTO FILTRO,TG,1-Mantenimiento Periódico,Toyota,Toyota,50.98
B009-5866,2026-09-03 00:00:00,2026-09-03 00:00:00,9043012031,EMPAQUETADURA (TAPON DE DRENAJE DE DEPOS,TG,1-Mantenimiento Periódico,Toyota,Toyota,4.7
B009-5867,2026-09-03 00:00:00,2026-09-03 00:00:00,0888050002D,ACEITE 15W40 DIESEL DECILITRO TOYOTA,TG,1-Mantenimiento Periódico,Toyota,Toyota,164.11
B009-5867,2026-09-03 00:00:00,2026-09-03 00:00:00,90915YZZD2,FILTRO DE ACEITE,TG,1-Mantenimiento Periódico,Toyota,Toyota,29.51
B009-5867,2026-09-03 00:00:00,2026-09-03 00:00:00,9043012031,EMPAQUETADURA (TAPON DE DRENAJE DE DEPOS,TG,1-Mantenimiento Periódico,Toyota,Toyota,4.7
B009-5867,2026-09-03 00:00:00,2026-09-03 00:00:00,X0401001,SUPER LIMPIADOR DE PARABRISAS WURTH 32 ML,TG,1-Mantenimiento Periódico,Toyota,Otras marcas,6.22
B009-5867,2026-09-03 00:00:00,2026-09-03 00:00:00,X0401006,LIMPIADOR DE FRENOS 500 ML WURTH,TG,1-Mantenimiento Periódico,Toyota,Otras marcas,22.08
B008-5166,2026-09-02 00:00:00,,9091540002,SUNCONJUNTO DEL F,MO,-,,Toyota,64.92
B008-5166,2026-09-02 00:00:00,,9031142026,SELLO(CIGUENAL),MO,-,,Toyota,36.8
LI03-2618,2026-09-05 00:00:00,2026-09-05 00:00:00,90182TNN9FIS,PROTECTOR DE TOLV,NVS,4N-OT Interna Accesorios NVS,Toyota,Toyota,720.0
B008-5167,2026-09-02 00:00:00,,9091901275,BUJIA,MO,-,,Toyota,232.43
B008-5167,2026-09-02 00:00:00,,178010Y040,SUBCONJUNTO ELEME,MO,-,,Toyota,76.79
B009-5869,2026-09-03 00:00:00,2026-09-03 00:00:00,0888050002D,ACEITE 15W40 DIESEL DECILITRO TOYOTA,TG,1-Mantenimiento Periódico,Toyota,Toyota,164.11
B009-5869,2026-09-03 00:00:00,2026-09-03 00:00:00,90915YZZD2,FILTRO DE ACEITE,TG,1-Mantenimiento Periódico,Toyota,Toyota,29.51
B009-5869,2026-09-03 00:00:00,2026-09-03 00:00:00,9043012031,EMPAQUETADURA (TAPON DE DRENAJE DE DEPOS,TG,1-Mantenimiento Periódico,Toyota,Toyota,4.7
B009-5869,2026-09-03 00:00:00,2026-09-03 00:00:00,233900L070,CONJUNTO ELEMENTO,TG,1-Mantenimiento Periódico,Toyota,Toyota,141.61
B009-5869,2026-09-03 00:00:00,2026-09-03 00:00:00,0881380100,LIMPIA INYECTOR A,TG,1-Mantenimiento Periódico,Toyota,Toyota,85.68
B009-5869,2026-09-03 00:00:00,2026-09-03 00:00:00,X0401001,SUPER LIMPIADOR DE PARABRISAS WURTH 32 ML,TG,1-Mantenimiento Periódico,Toyota,Otras marcas,6.22
B009-5869,2026-09-03 00:00:00,2026-09-03 00:00:00,X0401006,LIMPIADOR DE FRENOS 500 ML WURTH,TG,1-Mantenimiento Periódico,Toyota,Otras marcas,22.08
B009-5869,2026-09-03 00:00:00,2026-09-03 00:00:00,044650K391,JUEGO PASTILLA FRENO DISCO FR,TG,1-Mantenimiento Periódico,Toyota,Toyota,492.3
F008-14387,2026-09-03 00:00:00,,233900L070,CONJUNTO ELEMENTO,MO,-,,Toyota,1077.54
F008-14390,2026-09-03 00:00:00,,90915YZZD2,FILTRO DE ACEITE,MO,-,,Toyota,224.49
F008-14389,2026-09-03 00:00:00,,1121330040,EMPAQUETADURA TA,MO,-,,Toyota,64.78
F008-14389,2026-09-03 00:00:00,,2368130010,SELLO SOPORTE BO,MO,-,,Toyota,40.91
F008-14389,2026-09-03 00:00:00,,1117630011,ASIENTO BOQUILLA,MO,-,,Toyota,36.56
F008-14391,2026-09-03 00:00:00,,0888603005,CVT FLUID FE (4L),MO,-,,Toyota,394.48
BF03-61,2026-09-03 00:00:00,,X0905030,PASTA ANTICHIRRIDOS,MO,-,,Otras marcas,16.94
B008-5168,2026-09-03 00:00:00,,482520K010,SILENCIADOR RESO,MO,-,,Toyota,115.0
B008-5169,2026-09-03 00:00:00,,52159BZP60,CUBIERTA AMORTIGU,MO,-,,Toyota,686.1
T003-2251,2026-09-03 00:00:00,,64781BZ040C1,"CONJUNTO PANEL, G",MO,-,,Toyota,553.57
B009-5868,2026-09-03 00:00:00,2026-09-03 00:00:00,0888050005D,651529 ACEITE 5W-30 GASO SEMI DECILITRO,TG,1T-Mantenimiento Toyota Value,Toyota,Toyota,99.84
B009-5868,2026-09-03 00:00:00,2026-09-03 00:00:00,15601BZ030,ELEMENTO FILTRO,TG,1T-Mantenimiento Toyota Value,Toyota,Toyota,50.98
B009-5868,2026-09-03 00:00:00,2026-09-03 00:00:00,9043012031,EMPAQUETADURA (TAPON DE DRENAJE DE DEPOS,TG,1T-Mantenimiento Toyota Value,Toyota,Toyota,4.7
B009-5868,2026-09-03 00:00:00,2026-09-03 00:00:00,0881380019,LIMPIA INYECTOR A,TG,1T-Mantenimiento Toyota Value,Toyota,Toyota,42.84
B009-5868,2026-09-03 00:00:00,2026-09-03 00:00:00,X0401001,SUPER LIMPIADOR DE PARABRISAS WURTH 32 ML,TG,1T-Mantenimiento Toyota Value,Toyota,Otras marcas,4.98
B009-5868,2026-09-03 00:00:00,2026-09-03 00:00:00,X0401006,LIMPIADOR DE FRENOS 500 ML WURTH,TG,1T-Mantenimiento Toyota Value,Toyota,Otras marcas,17.66
F008-14392,2026-09-03 00:00:00,,0888070015,651519 ACEITE 10W30 4L,MO,-,,Toyota,118.96
F009-6386,2026-09-03 00:00:00,2026-09-03 00:00:00,0888050002D,ACEITE 15W40 DIESEL DECILITRO TOYOTA,TG,1-Mantenimiento Periódico,Toyota,Toyota,164.11
F009-6386,2026-09-03 00:00:00,2026-09-03 00:00:00,90915YZZD2,FILTRO DE ACEITE,TG,1-Mantenimiento Periódico,Toyota,Toyota,29.51
F009-6386,2026-09-03 00:00:00,2026-09-03 00:00:00,9043012031,EMPAQUETADURA (TAPON DE DRENAJE DE DEPOS,TG,1-Mantenimiento Periódico,Toyota,Toyota,4.7
F009-6386,2026-09-03 00:00:00,2026-09-03 00:00:00,X0401001,SUPER LIMPIADOR DE PARABRISAS WURTH 32 ML,TG,1-Mantenimiento Periódico,Toyota,Otras marcas,6.22
F009-6386,2026-09-03 00:00:00,2026-09-03 00:00:00,X0401006,LIMPIADOR DE FRENOS 500 ML WURTH,TG,1-Mantenimiento Periódico,Toyota,Otras marcas,22.08
B008-5171,2026-09-03 00:00:00,,87139YZZ25,FILTRO DE AIRE,MO,-,,Toyota,79.68
B008-5172,2026-09-03 00:00:00,,9004311317,SELLO ACEITE EJE,MO,-,,Toyota,41.44
F008-14395,2026-09-03 00:00:00,,1111554073D0,EMPAQUETADURA CU,MO,-,,Toyota,244.23
F008-14395,2026-09-03 00:00:00,,9091302117,SELLO O JUNTA TORICA (ACEITE VASTAG VALV,MO,-,,Toyota,207.21
F008-14395,2026-09-03 00:00:00,,9091603118,TERMOSTATO,MO,-,,Toyota,169.29
F008-14395,2026-09-03 00:00:00,,0881380100,LIMPIA INYECTOR A,MO,-,,Toyota,350.51
F008-14394,2026-09-03 00:00:00,,90915YZZD2,FILTRO DE ACEITE,MO,-,,Toyota,24.29
F008-14394,2026-09-03 00:00:00,,233900L070,CONJUNTO ELEMENTO,MO,-,,Toyota,116.63
F008-14394,2026-09-03 00:00:00,,9043012031,EMPAQUETADURA (TAPON DE DRENAJE DE DEPOS,MO,-,,Toyota,4.7
F008-14397,2026-09-03 00:00:00,,16401BZ010,SUBCONJUNTO TAPA,MO,-,,Toyota,78.44
BF03-62,2026-09-03 00:00:00,,X0601001,POLO ALGODON LOGO TOYOTA MANNUCCI MOTORS,MO,-,,Otras marcas,804.0
BF03-62,2026-09-03 00:00:00,,X0602002,GORRA TELA LOGO TOYOTA COLOR NEGRO,MO,-,,Otras marcas,496.0
BF03-62,2026-09-03 00:00:00,,X0603004,TAPASOLES MANNUCCI MOTORS,MO,-,,Otras marcas,635.5
BF03-62,2026-09-03 00:00:00,,SEGURARO,SEGUROS DE ARO,MO,-,,Toyota,580.0
B009-5873,2026-09-03 00:00:00,2026-09-03 00:00:00,0888050002D,ACEITE 15W40 DIESEL DECILITRO TOYOTA,TG,1-Mantenimiento Periódico,Toyota,Toyota,164.11
B009-5873,2026-09-03 00:00:00,2026-09-03 00:00:00,90915YZZD2,FILTRO DE ACEITE,TG,1-Mantenimiento Periódico,Toyota,Toyota,29.51
B009-5873,2026-09-03 00:00:00,2026-09-03 00:00:00,9043012031,EMPAQUETADURA (TAPON DE DRENAJE DE DEPOS,TG,1-Mantenimiento Periódico,Toyota,Toyota,4.7
B009-5873,2026-09-03 00:00:00,2026-09-03 00:00:00,233900L070,CONJUNTO ELEMENTO,TG,1-Mantenimiento Periódico,Toyota,Toyota,141.61
B009-5873,2026-09-03 00:00:00,2026-09-03 00:00:00,0881380100,LIMPIA INYECTOR A,TG,1-Mantenimiento Periódico,Toyota,Toyota,85.68
B009-5873,2026-09-03 00:00:00,2026-09-03 00:00:00,X0401001,SUPER LIMPIADOR DE PARABRISAS WURTH 32 ML,TG,1-Mantenimiento Periódico,Toyota,Otras marcas,6.22
B009-5873,2026-09-03 00:00:00,2026-09-03 00:00:00,X0401006,LIMPIADOR DE FRENOS 500 ML WURTH,TG,1-Mantenimiento Periódico,Toyota,Otras marcas,22.08
F008-14400,2026-09-03 00:00:00,,9046705114,RETENEDOR (RETENEDOR AMORTIGUADOR CHOQU,MO,-,,Toyota,12.57
F008-14400,2026-09-03 00:00:00,,538660K060,EXTENSIONGUARDAF,MO,-,,Toyota,118.9
F008-14400,2026-09-03 00:00:00,,4774950090,GANCHO SOPORTE D,MO,-,,Toyota,3.93
F008-14400,2026-09-03 00:00:00,,9046707215,GRAPA,MO,-,,Toyota,20.88
F008-14400,2026-09-03 00:00:00,,5387950020,RETENEDOR FORRO GUARDABARROS FRONTAL,MO,-,,Toyota,32.3
F008-14400,2026-09-03 00:00:00,,538670K060,GRAPA,MO,-,,Toyota,104.21
F008-14400,2026-09-03 00:00:00,,9018906065,GRAPA.. BB1,MO,-,,Toyota,10.91
F008-14399,2026-09-03 00:00:00,,531470K080,EMBELLECEDORORNA,MO,-,,Toyota,382.46
B009-5871,2026-09-03 00:00:00,2026-09-03 00:00:00,0888050005D,651529 ACEITE 5W-30 GASO SEMI DECILITRO,TG,1-Mantenimiento Periódico,Toyota,Toyota,186.88
B009-5871,2026-09-03 00:00:00,2026-09-03 00:00:00,04152YZZD5,SUNCONJUNTO DEL F,TG,1-Mantenimiento Periódico,Toyota,Toyota,55.07
B009-5871,2026-09-03 00:00:00,2026-09-03 00:00:00,9043012031,EMPAQUETADURA (TAPON DE DRENAJE DE DEPOS,TG,1-Mantenimiento Periódico,Toyota,Toyota,4.7
B009-5871,2026-09-03 00:00:00,2026-09-03 00:00:00,2330031160,FILTRO COMBUSTIB,TG,1-Mantenimiento Periódico,Toyota,Toyota,197.81
B009-5871,2026-09-03 00:00:00,2026-09-03 00:00:00,0881380019,LIMPIA INYECTOR A,TG,1-Mantenimiento Periódico,Toyota,Toyota,85.68
B009-5871,2026-09-03 00:00:00,2026-09-03 00:00:00,X0401001,SUPER LIMPIADOR DE PARABRISAS WURTH 32 ML,TG,1-Mantenimiento Periódico,Toyota,Otras marcas,6.22
B009-5871,2026-09-03 00:00:00,2026-09-03 00:00:00,X0401006,LIMPIADOR DE FRENOS 500 ML WURTH,TG,1-Mantenimiento Periódico,Toyota,Otras marcas,22.08
F008-14398,2026-09-03 00:00:00,,233900L070,CONJUNTO ELEMENTO,MO,-,,Toyota,116.63
F008-14401,2026-09-03 00:00:00,,Y1901001,REFLECTOR POSTERIOR PARA FORTUNER 3 FUNCIONES,MO,-,Toyota,Otras marcas,361.53
F008-14402,2026-09-03 00:00:00,,0888030016,651527 ACEITE 5W30 1/4GL,MO,-,,Toyota,398.97
F008-14402,2026-09-03 00:00:00,,0888030015,651528 ACEITE 5W30 4L,MO,-,,Toyota,527.16
F008-14402,2026-09-03 00:00:00,,0888083833,TGMO 4L 5W-30 C2,MO,-,,Toyota,1393.13
B009-5872,2026-09-03 00:00:00,2026-09-03 00:00:00,17801YZZA3,SUBCONJUNTO ELEME,TG,2-Mant. Correctivos y Trabajos Generales,Toyota,Toyota,82.74
B009-5872,2026-09-03 00:00:00,2026-09-03 00:00:00,87139YZZ75,ELEMENTO REFINAD,TG,2-Mant. Correctivos y Trabajos Generales,Toyota,Toyota,81.28
B009-5872,2026-09-03 00:00:00,2026-09-03 00:00:00,X0405017,ACEITE ATF CASTROL TRANSMAX DEX/MERC X 1LT,TG,2-Mant. Correctivos y Trabajos Generales,Toyota,Otras marcas,81.36
FC09-197,2026-09-03 00:00:00,2026-09-03 00:00:00,S472DH48BHLX,BATERIA HILUX,TG,7-Instalación accesorio original,Toyota,Toyota,-578.83
F009-6387,2026-09-03 00:00:00,2026-09-03 00:00:00,S472DH48BHLX,BATERIA HILUX,TG,7-Instalación accesorio original,Toyota,Toyota,578.83
FC09-198,2026-09-03 00:00:00,2026-09-03 00:00:00,0888050002D,ACEITE 15W40 DIESEL DECILITRO TOYOTA,TG,1-Mantenimiento Periódico,Toyota,Toyota,-164.11
FC09-198,2026-09-03 00:00:00,2026-09-03 00:00:00,90915YZZD2,FILTRO DE ACEITE,TG,1-Mantenimiento Periódico,Toyota,Toyota,-29.51
FC09-198,2026-09-03 00:00:00,2026-09-03 00:00:00,9043012031,EMPAQUETADURA (TAPON DE DRENAJE DE DEPOS,TG,1-Mantenimiento Periódico,Toyota,Toyota,-4.7
FC09-198,2026-09-03 00:00:00,2026-09-03 00:00:00,233900L070,CONJUNTO ELEMENTO,TG,1-Mantenimiento Periódico,Toyota,Toyota,-141.61
FC09-198,2026-09-03 00:00:00,2026-09-03 00:00:00,0881380100,LIMPIA INYECTOR A,TG,1-Mantenimiento Periódico,Toyota,Toyota,-85.68
FC09-198,2026-09-03 00:00:00,2026-09-03 00:00:00,0888581580,651273 ACEITE M/T 80W90 1L,TG,1-Mantenimiento Periódico,Toyota,Toyota,-108.22
FC09-198,2026-09-03 00:00:00,2026-09-03 00:00:00,0888581590,651272 ACEITE DIF 80W90 1L,TG,1-Mantenimiento Periódico,Toyota,Toyota,-113.85
FC09-198,2026-09-03 00:00:00,2026-09-03 00:00:00,9043018008,EMPAQUETADURA (TAPON RELLENADOR TRANSMIS,TG,1-Mantenimiento Periódico,Toyota,Toyota,-10.09
FC09-198,2026-09-03 00:00:00,2026-09-03 00:00:00,1215710010,EMPAQUETADURA (TAPON RELLENADOR ENVOLTUR,TG,1-Mantenimiento Periódico,Toyota,Toyota,-7.88
FC09-198,2026-09-03 00:00:00,2026-09-03 00:00:00,0882380010,LIQUIDO DE FRENO,TG,1-Mantenimiento Periódico,Toyota,Toyota,-54.52
FC09-198,2026-09-03 00:00:00,2026-09-03 00:00:00,X0405017,ACEITE ATF CASTROL TRANSMAX DEX/MERC X 1LT,TG,1-Mantenimiento Periódico,Toyota,Otras marcas,-81.36
FC09-198,2026-09-03 00:00:00,2026-09-03 00:00:00,X0401001,SUPER LIMPIADOR DE PARABRISAS WURTH 32 ML,TG,1-Mantenimiento Periódico,Toyota,Otras marcas,-6.22
FC09-198,2026-09-03 00:00:00,2026-09-03 00:00:00,X0401006,LIMPIADOR DE FRENOS 500 ML WURTH,TG,1-Mantenimiento Periódico,Toyota,Otras marcas,-22.08
FC09-198,2026-09-03 00:00:00,2026-09-03 00:00:00,X0401011,HSW 200 PLUS WURTH,TG,1-Mantenimiento Periódico,Toyota,Otras marcas,-29.67
F009-6389,2026-09-03 00:00:00,2026-09-03 00:00:00,0888050002D,ACEITE 15W40 DIESEL DECILITRO TOYOTA,TG,1-Mantenimiento Periódico,Toyota,Toyota,164.11
F009-6389,2026-09-03 00:00:00,2026-09-03 00:00:00,90915YZZD2,FILTRO DE ACEITE,TG,1-Mantenimiento Periódico,Toyota,Toyota,29.51
F009-6389,2026-09-03 00:00:00,2026-09-03 00:00:00,9043012031,EMPAQUETADURA (TAPON DE DRENAJE DE DEPOS,TG,1-Mantenimiento Periódico,Toyota,Toyota,4.7
F009-6389,2026-09-03 00:00:00,2026-09-03 00:00:00,233900L070,CONJUNTO ELEMENTO,TG,1-Mantenimiento Periódico,Toyota,Toyota,141.61
F009-6389,2026-09-03 00:00:00,2026-09-03 00:00:00,0881380100,LIMPIA INYECTOR A,TG,1-Mantenimiento Periódico,Toyota,Toyota,85.68
F009-6389,2026-09-03 00:00:00,2026-09-03 00:00:00,0888581580,651273 ACEITE M/T 80W90 1L,TG,1-Mantenimiento Periódico,Toyota,Toyota,108.22
F009-6389,2026-09-03 00:00:00,2026-09-03 00:00:00,0888581590,651272 ACEITE DIF 80W90 1L,TG,1-Mantenimiento Periódico,Toyota,Toyota,113.85
F009-6389,2026-09-03 00:00:00,2026-09-03 00:00:00,9043018008,EMPAQUETADURA (TAPON RELLENADOR TRANSMIS,TG,1-Mantenimiento Periódico,Toyota,Toyota,10.09
F009-6389,2026-09-03 00:00:00,2026-09-03 00:00:00,1215710010,EMPAQUETADURA (TAPON RELLENADOR ENVOLTUR,TG,1-Mantenimiento Periódico,Toyota,Toyota,7.88
F009-6389,2026-09-03 00:00:00,2026-09-03 00:00:00,0882380010,LIQUIDO DE FRENO,TG,1-Mantenimiento Periódico,Toyota,Toyota,54.52
F009-6389,2026-09-03 00:00:00,2026-09-03 00:00:00,X0405017,ACEITE ATF CASTROL TRANSMAX DEX/MERC X 1LT,TG,1-Mantenimiento Periódico,Toyota,Otras marcas,81.36
F009-6389,2026-09-03 00:00:00,2026-09-03 00:00:00,X0401001,SUPER LIMPIADOR DE PARABRISAS WURTH 32 ML,TG,1-Mantenimiento Periódico,Toyota,Otras marcas,6.22
F009-6389,2026-09-03 00:00:00,2026-09-03 00:00:00,X0401006,LIMPIADOR DE FRENOS 500 ML WURTH,TG,1-Mantenimiento Periódico,Toyota,Otras marcas,22.08
F009-6389,2026-09-03 00:00:00,2026-09-03 00:00:00,X0401011,HSW 200 PLUS WURTH,TG,1-Mantenimiento Periódico,Toyota,Otras marcas,29.67
FC09-199,2026-09-03 00:00:00,2026-09-03 00:00:00,4774871040,RESORTE ANTIVIBRA,TG,2-Mant. Correctivos y Trabajos Generales,Toyota,Toyota,-161.21
FC09-199,2026-09-03 00:00:00,2026-09-03 00:00:00,4774935040,RETENEDOR RETENC,TG,2-Mant. Correctivos y Trabajos Generales,Toyota,Toyota,-1.49
FC09-199,2026-09-03 00:00:00,2026-09-03 00:00:00,87139YZZ75,ELEMENTO REFINAD,TG,2-Mant. Correctivos y Trabajos Generales,Toyota,Toyota,-81.28
FC09-199,2026-09-03 00:00:00,2026-09-03 00:00:00,17801YZZA3,SUBCONJUNTO ELEME,TG,2-Mant. Correctivos y Trabajos Generales,Toyota,Toyota,-82.74
FC09-199,2026-09-03 00:00:00,2026-09-03 00:00:00,044650K391,JUEGO PASTILLA FRENO DISCO FR,TG,2-Mant. Correctivos y Trabajos Generales,Toyota,Toyota,-492.3
F009-6388,2026-09-03 00:00:00,2026-09-03 00:00:00,4774871040,RESORTE ANTIVIBRA,TG,2-Mant. Correctivos y Trabajos Generales,Toyota,Toyota,161.21
F009-6388,2026-09-03 00:00:00,2026-09-03 00:00:00,4774935040,RETENEDOR RETENC,TG,2-Mant. Correctivos y Trabajos Generales,Toyota,Toyota,1.49
F009-6388,2026-09-03 00:00:00,2026-09-03 00:00:00,87139YZZ75,ELEMENTO REFINAD,TG,2-Mant. Correctivos y Trabajos Generales,Toyota,Toyota,81.28
F009-6388,2026-09-03 00:00:00,2026-09-03 00:00:00,17801YZZA3,SUBCONJUNTO ELEME,TG,2-Mant. Correctivos y Trabajos Generales,Toyota,Toyota,82.74
F009-6388,2026-09-03 00:00:00,2026-09-03 00:00:00,044650K391,JUEGO PASTILLA FRENO DISCO FR,TG,2-Mant. Correctivos y Trabajos Generales,Toyota,Toyota,492.3
F008-14404,2026-09-03 00:00:00,,0888030015,651528 ACEITE 5W30 4L,MO,-,,Toyota,155.02
F008-14405,2026-09-04 00:00:00,,486540K080,BUJE BRAZO INFER,MO,-,,Toyota,326.25
F008-14405,2026-09-04 00:00:00,,90385T0014,BUJE (SUPERIOR GE,MO,-,,Toyota,89.46
F008-14405,2026-09-04 00:00:00,,486550K080,BUJE BRAZO INFERIOR FRONTAL NO. 2 DER.,MO,-,,Toyota,535.83
F008-14405,2026-09-04 00:00:00,,1132030070,CONJUNTO CAJA EN,MO,-,,Toyota,944.29
F008-14405,2026-09-04 00:00:00,,9090389012,BUJE (AMORTIGUADO,MO,-,,Toyota,385.31
F008-14405,2026-09-04 00:00:00,,1560517030,VALVULA,MO,-,,Toyota,350.52
F008-14405,2026-09-04 00:00:00,,482520K010,SILENCIADOR RESO,MO,-,,Toyota,191.66
F008-14405,2026-09-04 00:00:00,,9017811001,TUERCA AJUSTE EJ,MO,-,,Toyota,120.54
F008-14405,2026-09-04 00:00:00,,90385T0017,BUJE (INFERIOR DE,MO,-,,Toyota,69.96
F008-14405,2026-09-04 00:00:00,,044950K120,JUEGO ZAPATA FREN,MO,-,,Toyota,657.43
F008-14405,2026-09-04 00:00:00,,90208T0001,ARANDELA (SEMIEJE,MO,-,,Toyota,372.4
B009-5875,2026-09-04 00:00:00,2026-09-04 00:00:00,0888050005D,651529 ACEITE 5W-30 GASO SEMI DECILITRO,TG,1-Mantenimiento Periódico,Toyota,Toyota,99.84
B009-5875,2026-09-04 00:00:00,2026-09-04 00:00:00,15601BZ030,ELEMENTO FILTRO,TG,1-Mantenimiento Periódico,Toyota,Toyota,50.98
B009-5875,2026-09-04 00:00:00,2026-09-04 00:00:00,9043012031,EMPAQUETADURA (TAPON DE DRENAJE DE DEPOS,TG,1-Mantenimiento Periódico,Toyota,Toyota,4.7
B009-5875,2026-09-04 00:00:00,2026-09-04 00:00:00,X0401001,SUPER LIMPIADOR DE PARABRISAS WURTH 32 ML,TG,1-Mantenimiento Periódico,Toyota,Otras marcas,6.22
B008-5175,2026-09-04 00:00:00,,527210D110,CUBIERTA ORIFICI,MO,-,,Toyota,98.39
B009-5876,2026-09-04 00:00:00,2026-09-04 00:00:00,0888050005D,651529 ACEITE 5W-30 GASO SEMI DECILITRO,TG,1T-Mantenimiento Toyota Value,Toyota,Toyota,99.84
B009-5876,2026-09-04 00:00:00,2026-09-04 00:00:00,15601BZ030,ELEMENTO FILTRO,TG,1T-Mantenimiento Toyota Value,Toyota,Toyota,50.98
B009-5876,2026-09-04 00:00:00,2026-09-04 00:00:00,9043012031,EMPAQUETADURA (TAPON DE DRENAJE DE DEPOS,TG,1T-Mantenimiento Toyota Value,Toyota,Toyota,4.7
B009-5876,2026-09-04 00:00:00,2026-09-04 00:00:00,0881380019,LIMPIA INYECTOR A,TG,1T-Mantenimiento Toyota Value,Toyota,Toyota,42.84
B009-5876,2026-09-04 00:00:00,2026-09-04 00:00:00,X0401001,SUPER LIMPIADOR DE PARABRISAS WURTH 32 ML,TG,1T-Mantenimiento Toyota Value,Toyota,Otras marcas,4.98
B009-5876,2026-09-04 00:00:00,2026-09-04 00:00:00,X0401006,LIMPIADOR DE FRENOS 500 ML WURTH,TG,1T-Mantenimiento Toyota Value,Toyota,Otras marcas,17.66
B008-5176,2026-09-04 00:00:00,,3139425010,RESORTE PEDAL CON GANCHO,MO,-,,Toyota,25.47
T003-2252,2026-09-04 00:00:00,,51201KK050,SUBCONJUNTO TRAVE,MO,-,Toyota,Toyota,2684.1
F009-6394,2026-09-04 00:00:00,2026-09-04 00:00:00,0888050005D,651529 ACEITE 5W-30 GASO SEMI DECILITRO,TG,1T-Mantenimiento Toyota Value,Toyota,Toyota,93.6
F009-6394,2026-09-04 00:00:00,2026-09-04 00:00:00,15601BZ030,ELEMENTO FILTRO,TG,1T-Mantenimiento Toyota Value,Toyota,Toyota,47.05
F009-6394,2026-09-04 00:00:00,2026-09-04 00:00:00,9043012031,EMPAQUETADURA (TAPON DE DRENAJE DE DEPOS,TG,1T-Mantenimiento Toyota Value,Toyota,Toyota,4.31
F009-6394,2026-09-04 00:00:00,2026-09-04 00:00:00,0881380019,LIMPIA INYECTOR A,TG,1T-Mantenimiento Toyota Value,Toyota,Toyota,38.95
F009-6394,2026-09-04 00:00:00,2026-09-04 00:00:00,X0401001,SUPER LIMPIADOR DE PARABRISAS WURTH 32 ML,TG,1T-Mantenimiento Toyota Value,Toyota,Otras marcas,4.98
F009-6394,2026-09-04 00:00:00,2026-09-04 00:00:00,X0401006,LIMPIADOR DE FRENOS 500 ML WURTH,TG,1T-Mantenimiento Toyota Value,Toyota,Otras marcas,17.66
B009-5880,2026-09-04 00:00:00,2026-09-04 00:00:00,0888050005D,651529 ACEITE 5W-30 GASO SEMI DECILITRO,TG,9-Cambio de Aceite,Toyota,Toyota,87.36
B009-5880,2026-09-04 00:00:00,2026-09-04 00:00:00,15601BZ030,ELEMENTO FILTRO,TG,9-Cambio de Aceite,Toyota,Toyota,44.11
B009-5880,2026-09-04 00:00:00,2026-09-04 00:00:00,9043012031,EMPAQUETADURA (TAPON DE DRENAJE DE DEPOS,TG,9-Cambio de Aceite,Toyota,Toyota,4.15
F009-6395,2026-09-04 00:00:00,2026-09-04 00:00:00,X0405017,ACEITE ATF CASTROL TRANSMAX DEX/MERC X 1LT,TG,1-Mantenimiento Periódico,Hino,Otras marcas,81.36
F009-6395,2026-09-04 00:00:00,2026-09-04 00:00:00,08880H0018,650869 ACEITE HINO BALDE 2.5 15W40,TG,1-Mantenimiento Periódico,Hino,Hino,215.04
F009-6395,2026-09-04 00:00:00,2026-09-04 00:00:00,1560178140,ELEMENT FILTRO A,TG,1-Mantenimiento Periódico,Hino,Hino,74.71
F009-6395,2026-09-04 00:00:00,2026-09-04 00:00:00,2330478260,JGO. DE ELEMENTO,TG,1-Mantenimiento Periódico,Hino,Hino,122.76
F009-6395,2026-09-04 00:00:00,2026-09-04 00:00:00,23304EV570,JGO. DE ELEMENTO,TG,1-Mantenimiento Periódico,Hino,Hino,53.08
F009-6395,2026-09-04 00:00:00,2026-09-04 00:00:00,SZ43018009,EMPQUE TAPON DE C,TG,1-Mantenimiento Periódico,Hino,Hino,4.03
F009-6395,2026-09-04 00:00:00,2026-09-04 00:00:00,X0401006,LIMPIADOR DE FRENOS 500 ML WURTH,TG,1-Mantenimiento Periódico,Hino,Otras marcas,22.08
F009-6395,2026-09-04 00:00:00,2026-09-04 00:00:00,1780178110,ELEMENTO AIRE,TG,1-Mantenimiento Periódico,Hino,Hino,110.97
F009-6395,2026-09-04 00:00:00,2026-09-04 00:00:00,X0303017,FOCO 24V 21/5 W 2 CONTACTOS,TG,1-Mantenimiento Periódico,Hino,Otras marcas,42.37
F009-6398,2026-09-04 00:00:00,2026-09-04 00:00:00,0888083840D,ACEITE 5W-30 DIESEL CF - 208 DECILITRO,TG,1-Mantenimiento Periódico,Toyota,Toyota,218.4
F009-6398,2026-09-04 00:00:00,2026-09-04 00:00:00,90915YZZD2,FILTRO DE ACEITE,TG,1-Mantenimiento Periódico,Toyota,Toyota,29.51
F009-6398,2026-09-04 00:00:00,2026-09-04 00:00:00,9043012031,EMPAQUETADURA (TAPON DE DRENAJE DE DEPOS,TG,1-Mantenimiento Periódico,Toyota,Toyota,4.7
F009-6398,2026-09-04 00:00:00,2026-09-04 00:00:00,X0401001,SUPER LIMPIADOR DE PARABRISAS WURTH 32 ML,TG,1-Mantenimiento Periódico,Toyota,Otras marcas,6.22
F009-6398,2026-09-04 00:00:00,2026-09-04 00:00:00,X0401006,LIMPIADOR DE FRENOS 500 ML WURTH,TG,1-Mantenimiento Periódico,Toyota,Otras marcas,22.08
B009-5926,2026-09-11 00:00:00,2026-09-11 00:00:00,0888050005D,651529 ACEITE 5W-30 GASO SEMI DECILITRO,TG,1T-Mantenimiento Toyota Value,Toyota,Toyota,166.4
B009-5926,2026-09-11 00:00:00,2026-09-11 00:00:00,90915YZZD2,FILTRO DE ACEITE,TG,1T-Mantenimiento Toyota Value,Toyota,Toyota,29.51
B009-5926,2026-09-11 00:00:00,2026-09-11 00:00:00,9043012031,EMPAQUETADURA (TAPON DE DRENAJE DE DEPOS,TG,1T-Mantenimiento Toyota Value,Toyota,Toyota,4.7
B009-5926,2026-09-11 00:00:00,2026-09-11 00:00:00,X0401001,SUPER LIMPIADOR DE PARABRISAS WURTH 32 ML,TG,1T-Mantenimiento Toyota Value,Toyota,Otras marcas,6.22
B009-5926,2026-09-11 00:00:00,2026-09-11 00:00:00,X0401006,LIMPIADOR DE FRENOS 500 ML WURTH,TG,1T-Mantenimiento Toyota Value,Toyota,Otras marcas,22.08
B008-5177,2026-09-04 00:00:00,,233900L041,CONJUNTO ELEMENTO,MO,-,,Toyota,82.29
F008-14406,2026-09-04 00:00:00,,90915YZZD2,FILTRO DE ACEITE,MO,-,,Toyota,224.46
F008-14406,2026-09-04 00:00:00,,90915YZZM3,SUNCONJUNTO DEL F,MO,-,,Toyota,240.73
F008-14406,2026-09-04 00:00:00,,178010E030,SUBCONJUNTO ELEME,MO,-,,Toyota,291.43
B009-5877,2026-09-04 00:00:00,2026-09-04 00:00:00,0888083840D,ACEITE 5W-30 DIESEL CF - 208 DECILITRO,TG,1-Mantenimiento Periódico,Toyota,Toyota,218.4
B009-5877,2026-09-04 00:00:00,2026-09-04 00:00:00,90915YZZD2,FILTRO DE ACEITE,TG,1-Mantenimiento Periódico,Toyota,Toyota,29.51
B009-5877,2026-09-04 00:00:00,2026-09-04 00:00:00,9043012031,EMPAQUETADURA (TAPON DE DRENAJE DE DEPOS,TG,1-Mantenimiento Periódico,Toyota,Toyota,4.7
B009-5877,2026-09-04 00:00:00,2026-09-04 00:00:00,233900L070,CONJUNTO ELEMENTO,TG,1-Mantenimiento Periódico,Toyota,Toyota,141.61
B009-5877,2026-09-04 00:00:00,2026-09-04 00:00:00,0881380100,LIMPIA INYECTOR A,TG,1-Mantenimiento Periódico,Toyota,Toyota,85.68
B009-5877,2026-09-04 00:00:00,2026-09-04 00:00:00,X0401001,SUPER LIMPIADOR DE PARABRISAS WURTH 32 ML,TG,1-Mantenimiento Periódico,Toyota,Otras marcas,6.22
B009-5877,2026-09-04 00:00:00,2026-09-04 00:00:00,X0401006,LIMPIADOR DE FRENOS 500 ML WURTH,TG,1-Mantenimiento Periódico,Toyota,Otras marcas,22.08
B008-5178,2026-09-04 00:00:00,,15613EV015,ELEMENTO FILTRO,MO,-,,Hino,63.73
B008-5178,2026-09-04 00:00:00,,23304EV052,JGO. DE ELEMENTO,MO,-,,Hino,44.29
B008-5178,2026-09-04 00:00:00,,23304EV390,JGO. DE ELEMENTO,MO,-,,Hino,60.79
B008-5178,2026-09-04 00:00:00,,1780178110,ELEMENTO AIRE,MO,-,,Hino,133.16
B009-5882,2026-09-04 00:00:00,2026-09-04 00:00:00,0888083840D,ACEITE 5W-30 DIESEL CF - 208 DECILITRO,TG,1T-Mantenimiento Toyota Value,Toyota,Toyota,218.4
B009-5882,2026-09-04 00:00:00,2026-09-04 00:00:00,90915YZZD2,FILTRO DE ACEITE,TG,1T-Mantenimiento Toyota Value,Toyota,Toyota,29.51
B009-5882,2026-09-04 00:00:00,2026-09-04 00:00:00,9043012031,EMPAQUETADURA (TAPON DE DRENAJE DE DEPOS,TG,1T-Mantenimiento Toyota Value,Toyota,Toyota,4.7
B009-5882,2026-09-04 00:00:00,2026-09-04 00:00:00,X0401001,SUPER LIMPIADOR DE PARABRISAS WURTH 32 ML,TG,1T-Mantenimiento Toyota Value,Toyota,Otras marcas,4.98
B009-5882,2026-09-04 00:00:00,2026-09-04 00:00:00,X0401006,LIMPIADOR DE FRENOS 500 ML WURTH,TG,1T-Mantenimiento Toyota Value,Toyota,Otras marcas,17.66
F008-14407,2026-09-04 00:00:00,,233900L070,CONJUNTO ELEMENTO,MO,-,,Toyota,335.91
T003-2253,2026-09-04 00:00:00,,4243160350,SUBCONJUNTO TAMBO,MO,-,,Toyota,1240.38
B009-5883,2026-09-04 00:00:00,2026-09-04 00:00:00,0888050005D,651529 ACEITE 5W-30 GASO SEMI DECILITRO,TG,1-Mantenimiento Periódico,Toyota,Toyota,74.24
B009-5883,2026-09-04 00:00:00,2026-09-04 00:00:00,15601BZ030,ELEMENTO FILTRO,TG,1-Mantenimiento Periódico,Toyota,Toyota,50.98
B009-5883,2026-09-04 00:00:00,2026-09-04 00:00:00,9043012031,EMPAQUETADURA (TAPON DE DRENAJE DE DEPOS,TG,1-Mantenimiento Periódico,Toyota,Toyota,4.7
B009-5883,2026-09-04 00:00:00,2026-09-04 00:00:00,X0401001,SUPER LIMPIADOR DE PARABRISAS WURTH 32 ML,TG,1-Mantenimiento Periódico,Toyota,Otras marcas,6.22
B009-5883,2026-09-04 00:00:00,2026-09-04 00:00:00,X0401006,LIMPIADOR DE FRENOS 500 ML WURTH,TG,1-Mantenimiento Periódico,Toyota,Otras marcas,22.08
B009-5883,2026-09-04 00:00:00,2026-09-04 00:00:00,04491BZ020,JGO DE PASTILLA,TG,1-Mantenimiento Periódico,Toyota,Toyota,290.51
T003-2254,2026-09-04 00:00:00,,6932037150,CERRADURA PUERTA,MO,-,,Hino,1615.72
T003-2254,2026-09-04 00:00:00,,6931037150,CERRADURA PUERTA DELANTERA,MO,-,,Hino,506.63
T003-2254,2026-09-04 00:00:00,,481473V660,PERNO RESORTE POSTERIOR CENTRAL,MO,-,,Toyota,167.18
T003-2254,2026-09-04 00:00:00,,6980137070,REGULADOR VIDRIO,MO,-,,Hino,1252.16
T003-2254,2026-09-04 00:00:00,,6980237070,REGULADOR VIDRIO PUERTA IZQ,MO,-,,Hino,589.65
T003-2254,2026-09-04 00:00:00,,SZ10612081,PERNO,MO,-,,Hino,380.2
T003-2254,2026-09-04 00:00:00,,SL11101616,TUERCA,MO,-,,Hino,42.44
F008-14408,2026-09-04 00:00:00,,0888060015,651313 - ACEITE 15W40 GL,MO,-,Toyota,Toyota,120.03
F008-14408,2026-09-04 00:00:00,,9043012031,EMPAQUETADURA (TAPON DE DRENAJE DE DEPOS,MO,-,Toyota,Toyota,4.7
F008-14408,2026-09-04 00:00:00,,90915YZZM3,SUNCONJUNTO DEL F,MO,-,Toyota,Toyota,26.14
F008-14409,2026-09-04 00:00:00,,3336260031,CUBO NO. 2 EMBRA,MO,-,,Toyota,350.83
F009-6396,2026-09-04 00:00:00,2026-09-04 00:00:00,08880H0018,650869 ACEITE HINO BALDE 2.5 15W40,TG,1-Mantenimiento Periódico,Hino,Hino,129.72
F009-6396,2026-09-04 00:00:00,2026-09-04 00:00:00,23304EV570,JGO. DE ELEMENTO,TG,1-Mantenimiento Periódico,Hino,Hino,39.52
F009-6396,2026-09-04 00:00:00,2026-09-04 00:00:00,2330478260,JGO. DE ELEMENTO,TG,1-Mantenimiento Periódico,Hino,Hino,91.21
F009-6396,2026-09-04 00:00:00,2026-09-04 00:00:00,1560178140,ELEMENT FILTRO A,TG,1-Mantenimiento Periódico,Hino,Hino,56.11
F009-6396,2026-09-04 00:00:00,2026-09-04 00:00:00,SZ43018009,EMPQUE TAPON DE C,TG,1-Mantenimiento Periódico,Hino,Hino,2.99
F009-6396,2026-09-04 00:00:00,2026-09-04 00:00:00,X0401006,LIMPIADOR DE FRENOS 500 ML WURTH,TG,1-Mantenimiento Periódico,Hino,Otras marcas,8.0
B008-5179,2026-09-04 00:00:00,,772090D160,SUBCONJUNTO TUBO PRINCIPAL DEPOSITO COM,MO,-,,Toyota,50.85
B008-5180,2026-09-04 00:00:00,,561010K410,PARABRISA,MO,-,,Toyota,2966.78
F009-6399,2026-09-04 00:00:00,2026-09-04 00:00:00,044650K391,JUEGO PASTILLA FRENO DISCO FR,TG,2-Mant. Correctivos y Trabajos Generales,Toyota,Toyota,492.3
F009-6399,2026-09-04 00:00:00,2026-09-04 00:00:00,X0405017,ACEITE ATF CASTROL TRANSMAX DEX/MERC X 1LT,TG,2-Mant. Correctivos y Trabajos Generales,Toyota,Otras marcas,81.36
F008-14410,2026-09-04 00:00:00,,233900L041,CONJUNTO ELEMENTO,MO,-,,Toyota,82.29
B009-5879,2026-09-04 00:00:00,2026-09-04 00:00:00,87139YZZ75,ELEMENTO REFINAD,TG,2-Mant. Correctivos y Trabajos Generales,Toyota,Toyota,81.28
B009-5879,2026-09-04 00:00:00,2026-09-04 00:00:00,X0303003,FOCO TIPO LAGRIMA NARVA W5W STANDARD 12V 5W,TG,2-Mant. Correctivos y Trabajos Generales,Toyota,Otras marcas,12.0
T003-2255,2026-09-04 00:00:00,,773600K010,CONJUNTO MUELLE,MO,-,,Toyota,24.71
T003-2255,2026-09-04 00:00:00,,0888602805,ATF WS (4L) AB1,MO,-,,Toyota,449.18
F008-14411,2026-09-04 00:00:00,,041117C068,JGO. EMPAQUE MOTO,MO,-,,Hino,785.02
F008-14411,2026-09-04 00:00:00,,0881603001,OIL SILICON AA1,MO,-,,Toyota,242.94
F008-14411,2026-09-04 00:00:00,,S111221220,BOCIN GUIA VALVUL,MO,-,,Hino,558.1
F008-14411,2026-09-04 00:00:00,,16100E0B61,BOMBA DE AGUA,MO,-,,Hino,1164.12
F008-14412,2026-09-04 00:00:00,,0447860050,JUEGO CILINDRO FRENO DISCO FRONTAL,MO,-,,Toyota,123.63
F008-14413,2026-09-04 00:00:00,,233900L041,CONJUNTO ELEMENTO,MO,-,,Toyota,82.29
B009-5927,2026-09-11 00:00:00,2026-09-11 00:00:00,0888050005D,651529 ACEITE 5W-30 GASO SEMI DECILITRO,TG,1T-Mantenimiento Toyota Value,Toyota,Toyota,92.16
B009-5927,2026-09-11 00:00:00,2026-09-11 00:00:00,15601BZ030,ELEMENTO FILTRO,TG,1T-Mantenimiento Toyota Value,Toyota,Toyota,50.98
B009-5927,2026-09-11 00:00:00,2026-09-11 00:00:00,9043012031,EMPAQUETADURA (TAPON DE DRENAJE DE DEPOS,TG,1T-Mantenimiento Toyota Value,Toyota,Toyota,4.7
B009-5927,2026-09-11 00:00:00,2026-09-11 00:00:00,0881380019,LIMPIA INYECTOR A,TG,1T-Mantenimiento Toyota Value,Toyota,Toyota,42.84
B009-5927,2026-09-11 00:00:00,2026-09-11 00:00:00,X0401001,SUPER LIMPIADOR DE PARABRISAS WURTH 32 ML,TG,1T-Mantenimiento Toyota Value,Toyota,Otras marcas,4.98
B009-5927,2026-09-11 00:00:00,2026-09-11 00:00:00,X0401006,LIMPIADOR DE FRENOS 500 ML WURTH,TG,1T-Mantenimiento Toyota Value,Toyota,Otras marcas,17.66
F009-6440,2026-09-10 00:00:00,2026-09-10 00:00:00,521190M947,PARACHOQUE,BP,5-Servicio de Carrocería y Pintura,Toyota,Toyota,1236.13
F009-6440,2026-09-10 00:00:00,2026-09-10 00:00:00,5387950020,RETENEDOR FORRO GUARDABARROS FRONTAL,BP,5-Servicio de Carrocería y Pintura,Toyota,Toyota,117.12
F009-6440,2026-09-10 00:00:00,2026-09-10 00:00:00,4774950090,GANCHO SOPORTE D,BP,5-Servicio de Carrocería y Pintura,Toyota,Toyota,14.25
F009-6440,2026-09-10 00:00:00,2026-09-10 00:00:00,9046705114,RETENEDOR (RETENEDOR AMORTIGUADOR CHOQU,BP,5-Servicio de Carrocería y Pintura,Toyota,Toyota,113.97
F009-6440,2026-09-10 00:00:00,2026-09-10 00:00:00,5249160010,ALMOHADILLA PARACHOQUES NO. 2,BP,5-Servicio de Carrocería y Pintura,Toyota,Toyota,27.4
F009-6440,2026-09-10 00:00:00,2026-09-10 00:00:00,5242160191,ALMOHADILLA AMORTIGUADOR CHOQUE FRONTAL,BP,5-Servicio de Carrocería y Pintura,Toyota,Toyota,83.03
F009-6440,2026-09-10 00:00:00,2026-09-10 00:00:00,531120K210,MASCARA RADIADOR,BP,5-Servicio de Carrocería y Pintura,Toyota,Toyota,327.76
F009-6440,2026-09-10 00:00:00,2026-09-10 00:00:00,531000KC70,REJILLA P RADIAD.,BP,5-Servicio de Carrocería y Pintura,Toyota,Toyota,2270.0
F009-6440,2026-09-10 00:00:00,2026-09-10 00:00:00,9046707217,RETENEDOR REJILL,BP,5-Servicio de Carrocería y Pintura,Toyota,Toyota,37.48
F009-6440,2026-09-10 00:00:00,2026-09-10 00:00:00,521130K260,EXTENSIONPARACHO,BP,5-Servicio de Carrocería y Pintura,Toyota,Toyota,197.5
F009-6440,2026-09-10 00:00:00,2026-09-10 00:00:00,521120K260,EXTENSIONPARACHO,BP,5-Servicio de Carrocería y Pintura,Toyota,Toyota,200.85
F009-6440,2026-09-10 00:00:00,2026-09-10 00:00:00,526140K070,AMORTIGUADOR ENE,BP,5-Servicio de Carrocería y Pintura,Toyota,Toyota,274.34
F009-6440,2026-09-10 00:00:00,2026-09-10 00:00:00,521160K230,SOPORTE LADO AMO,BP,5-Servicio de Carrocería y Pintura,Toyota,Toyota,196.32
F009-6440,2026-09-10 00:00:00,2026-09-10 00:00:00,521150K230,SOPORTE LADO AMO,BP,5-Servicio de Carrocería y Pintura,Toyota,Toyota,196.32
F009-6440,2026-09-10 00:00:00,2026-09-10 00:00:00,538060K211,FORRO GUARDABARRO,BP,5-Servicio de Carrocería y Pintura,Toyota,Toyota,758.95
F008-14414,2026-09-04 00:00:00,,1111530032C0,EMPAQUETADURA CU,MO,-,,Toyota,298.74
F008-14416,2026-09-04 00:00:00,,1121330040,EMPAQUETADURA TA,MO,-,,Toyota,67.48
F008-14416,2026-09-04 00:00:00,,9031132019,SELLO DE ACEITE (,MO,-,,Toyota,32.24
F008-14415,2026-09-04 00:00:00,,90915YZZD2,FILTRO DE ACEITE,MO,-,,Toyota,24.29
B008-5181,2026-09-04 00:00:00,,HLLCP001,REFRIGERANTE AZU,MO,-,,Hino,96.99
B009-5897,2026-09-07 00:00:00,2026-09-07 00:00:00,Y1101003,MANIJA CROMADA CON CAMARA DE RETROCESO- HILUX REVO,TG,2-Mant. Correctivos y Trabajos Generales,Toyota,Otras marcas,593.26
B009-5897,2026-09-07 00:00:00,2026-09-07 00:00:00,PH3B10KA11,LONA MARINA,TG,2-Mant. Correctivos y Trabajos Generales,Toyota,Toyota,762.8
B009-5897,2026-09-07 00:00:00,2026-09-07 00:00:00,Y0501015,PROTECTOR  DE CARTER HILUX,TG,2-Mant. Correctivos y Trabajos Generales,Toyota,Otras marcas,593.25
B009-5897,2026-09-07 00:00:00,2026-09-07 00:00:00,X1101001,NEUMATICO HANKOOK DYNAPRO LT265/70 R17 MT,TG,2-Mant. Correctivos y Trabajos Generales,Toyota,Otras marcas,2839.32
B009-5897,2026-09-07 00:00:00,2026-09-07 00:00:00,X0307004,MANGUERA CORRUGADA 1/4,TG,2-Mant. Correctivos y Trabajos Generales,Toyota,Otras marcas,9.9
B009-5890,2026-09-05 00:00:00,2026-09-05 00:00:00,0888050001D,ACEITE 10W30 GASOL DECILITRO TOYOTA,TG,1-Mantenimiento Periódico,Toyota,Toyota,94.68
B009-5890,2026-09-05 00:00:00,2026-09-05 00:00:00,90915YZZM3,SUNCONJUNTO DEL F,TG,1-Mantenimiento Periódico,Toyota,Toyota,30.95
B009-5890,2026-09-05 00:00:00,2026-09-05 00:00:00,9043012031,EMPAQUETADURA (TAPON DE DRENAJE DE DEPOS,TG,1-Mantenimiento Periódico,Toyota,Toyota,4.7
B009-5890,2026-09-05 00:00:00,2026-09-05 00:00:00,X0401001,SUPER LIMPIADOR DE PARABRISAS WURTH 32 ML,TG,1-Mantenimiento Periódico,Toyota,Otras marcas,6.22
B009-5890,2026-09-05 00:00:00,2026-09-05 00:00:00,X0401006,LIMPIADOR DE FRENOS 500 ML WURTH,TG,1-Mantenimiento Periódico,Toyota,Otras marcas,22.08
T003-2256,2026-09-04 00:00:00,,4854109290,CONJUNTO AMOTIGUA,MO,-,,Toyota,1196.89
F008-14417,2026-09-04 00:00:00,,879150K440,CUBIERTA ESPEJO,MO,-,,Toyota,217.36
F008-14417,2026-09-04 00:00:00,,879100KD80,SUBCONJUNTO RETRO,MO,-,,Toyota,584.02
F008-14424,2026-09-05 00:00:00,,173410E022,MANGUERA AIRE NO.,MO,-,,Toyota,340.14
F009-6404,2026-09-05 00:00:00,2026-09-05 00:00:00,0888050005D,651529 ACEITE 5W-30 GASO SEMI DECILITRO,TG,1T-Mantenimiento Toyota Value,Toyota,Toyota,92.16
F009-6404,2026-09-05 00:00:00,2026-09-05 00:00:00,15601BZ030,ELEMENTO FILTRO,TG,1T-Mantenimiento Toyota Value,Toyota,Toyota,50.98
F009-6404,2026-09-05 00:00:00,2026-09-05 00:00:00,9043012031,EMPAQUETADURA (TAPON DE DRENAJE DE DEPOS,TG,1T-Mantenimiento Toyota Value,Toyota,Toyota,4.7
F009-6404,2026-09-05 00:00:00,2026-09-05 00:00:00,X0401001,SUPER LIMPIADOR DE PARABRISAS WURTH 32 ML,TG,1T-Mantenimiento Toyota Value,Toyota,Otras marcas,6.22
F009-6404,2026-09-05 00:00:00,2026-09-05 00:00:00,X0401006,LIMPIADOR DE FRENOS 500 ML WURTH,TG,1T-Mantenimiento Toyota Value,Toyota,Otras marcas,22.08
F009-6403,2026-09-05 00:00:00,2026-09-05 00:00:00,0888050005D,651529 ACEITE 5W-30 GASO SEMI DECILITRO,TG,1T-Mantenimiento Toyota Value,Toyota,Toyota,92.16
F009-6403,2026-09-05 00:00:00,2026-09-05 00:00:00,15601BZ030,ELEMENTO FILTRO,TG,1T-Mantenimiento Toyota Value,Toyota,Toyota,50.98
F009-6403,2026-09-05 00:00:00,2026-09-05 00:00:00,9043012031,EMPAQUETADURA (TAPON DE DRENAJE DE DEPOS,TG,1T-Mantenimiento Toyota Value,Toyota,Toyota,4.7
F009-6403,2026-09-05 00:00:00,2026-09-05 00:00:00,X0401001,SUPER LIMPIADOR DE PARABRISAS WURTH 32 ML,TG,1T-Mantenimiento Toyota Value,Toyota,Otras marcas,6.22
B009-5891,2026-09-05 00:00:00,2026-09-05 00:00:00,0888050005D,651529 ACEITE 5W-30 GASO SEMI DECILITRO,TG,1T-Mantenimiento Toyota Value,Toyota,Toyota,74.24
B009-5891,2026-09-05 00:00:00,2026-09-05 00:00:00,15601BZ030,ELEMENTO FILTRO,TG,1T-Mantenimiento Toyota Value,Toyota,Toyota,50.98
B009-5891,2026-09-05 00:00:00,2026-09-05 00:00:00,9043012031,EMPAQUETADURA (TAPON DE DRENAJE DE DEPOS,TG,1T-Mantenimiento Toyota Value,Toyota,Toyota,4.7
B009-5891,2026-09-05 00:00:00,2026-09-05 00:00:00,0881380019,LIMPIA INYECTOR A,TG,1T-Mantenimiento Toyota Value,Toyota,Toyota,42.84
B009-5891,2026-09-05 00:00:00,2026-09-05 00:00:00,9004851212,BUJIA,TG,1T-Mantenimiento Toyota Value,Toyota,Toyota,62.07
B009-5891,2026-09-05 00:00:00,2026-09-05 00:00:00,X0401001,SUPER LIMPIADOR DE PARABRISAS WURTH 32 ML,TG,1T-Mantenimiento Toyota Value,Toyota,Otras marcas,4.98
B009-5891,2026-09-05 00:00:00,2026-09-05 00:00:00,X0401006,LIMPIADOR DE FRENOS 500 ML WURTH,TG,1T-Mantenimiento Toyota Value,Toyota,Otras marcas,17.66
B009-5886,2026-09-05 00:00:00,2026-09-05 00:00:00,0888050005D,651529 ACEITE 5W-30 GASO SEMI DECILITRO,TG,1T-Mantenimiento Toyota Value,Toyota,Toyota,74.24
B009-5886,2026-09-05 00:00:00,2026-09-05 00:00:00,15601BZ030,ELEMENTO FILTRO,TG,1T-Mantenimiento Toyota Value,Toyota,Toyota,50.98
B009-5886,2026-09-05 00:00:00,2026-09-05 00:00:00,9043012031,EMPAQUETADURA (TAPON DE DRENAJE DE DEPOS,TG,1T-Mantenimiento Toyota Value,Toyota,Toyota,4.7
B009-5886,2026-09-05 00:00:00,2026-09-05 00:00:00,X0401001,SUPER LIMPIADOR DE PARABRISAS WURTH 32 ML,TG,1T-Mantenimiento Toyota Value,Toyota,Otras marcas,6.22
F009-6402,2026-09-05 00:00:00,2026-09-05 00:00:00,0888085895,231297 TGMO 0W-20,TG,1-Mantenimiento Periódico,Toyota,Toyota,236.01
F009-6402,2026-09-05 00:00:00,2026-09-05 00:00:00,0888085896,231296 TGMO 0W-20,TG,1-Mantenimiento Periódico,Toyota,Toyota,63.92
F009-6402,2026-09-05 00:00:00,2026-09-05 00:00:00,9091510009,SUNCONJUNTO DEL F,TG,1-Mantenimiento Periódico,Toyota,Toyota,71.78
F009-6402,2026-09-05 00:00:00,2026-09-05 00:00:00,0881380019,LIMPIA INYECTOR A,TG,1-Mantenimiento Periódico,Toyota,Toyota,42.84
F009-6402,2026-09-05 00:00:00,2026-09-05 00:00:00,X0401001,SUPER LIMPIADOR DE PARABRISAS WURTH 32 ML,TG,1-Mantenimiento Periódico,Toyota,Otras marcas,6.22
F009-6402,2026-09-05 00:00:00,2026-09-05 00:00:00,X0401006,LIMPIADOR DE FRENOS 500 ML WURTH,TG,1-Mantenimiento Periódico,Toyota,Otras marcas,22.08
B009-5952,2026-09-12 00:00:00,2026-09-12 00:00:00,0888050005D,651529 ACEITE 5W-30 GASO SEMI DECILITRO,TG,1-Mantenimiento Periódico,Toyota,Toyota,94.72
B009-5952,2026-09-12 00:00:00,2026-09-12 00:00:00,15601BZ030,ELEMENTO FILTRO,TG,1-Mantenimiento Periódico,Toyota,Toyota,50.98
B009-5952,2026-09-12 00:00:00,2026-09-12 00:00:00,9043012031,EMPAQUETADURA (TAPON DE DRENAJE DE DEPOS,TG,1-Mantenimiento Periódico,Toyota,Toyota,4.7
B009-5952,2026-09-12 00:00:00,2026-09-12 00:00:00,0047500WWF,LIMPIA PARABRISA,TG,1-Mantenimiento Periódico,Toyota,Toyota,29.67
B009-5952,2026-09-12 00:00:00,2026-09-12 00:00:00,X0401006,LIMPIADOR DE FRENOS 500 ML WURTH,TG,1-Mantenimiento Periódico,Toyota,Otras marcas,22.08
F009-6406,2026-09-05 00:00:00,2026-09-05 00:00:00,0888083840D,ACEITE 5W-30 DIESEL CF - 208 DECILITRO,TG,1-Mantenimiento Periódico,Toyota,Toyota,218.4
F009-6406,2026-09-05 00:00:00,2026-09-05 00:00:00,90915YZZD2,FILTRO DE ACEITE,TG,1-Mantenimiento Periódico,Toyota,Toyota,29.51
F009-6406,2026-09-05 00:00:00,2026-09-05 00:00:00,9043012031,EMPAQUETADURA (TAPON DE DRENAJE DE DEPOS,TG,1-Mantenimiento Periódico,Toyota,Toyota,4.7
F009-6406,2026-09-05 00:00:00,2026-09-05 00:00:00,233900L070,CONJUNTO ELEMENTO,TG,1-Mantenimiento Periódico,Toyota,Toyota,141.61
F009-6406,2026-09-05 00:00:00,2026-09-05 00:00:00,0881380100,LIMPIA INYECTOR A,TG,1-Mantenimiento Periódico,Toyota,Toyota,85.68
F009-6406,2026-09-05 00:00:00,2026-09-05 00:00:00,X0401001,SUPER LIMPIADOR DE PARABRISAS WURTH 32 ML,TG,1-Mantenimiento Periódico,Toyota,Otras marcas,6.22
F009-6406,2026-09-05 00:00:00,2026-09-05 00:00:00,X0401006,LIMPIADOR DE FRENOS 500 ML WURTH,TG,1-Mantenimiento Periódico,Toyota,Otras marcas,22.08
B009-5887,2026-09-05 00:00:00,2026-09-05 00:00:00,0888050005D,651529 ACEITE 5W-30 GASO SEMI DECILITRO,TG,1T-Mantenimiento Toyota Value,Toyota,Toyota,74.24
B009-5887,2026-09-05 00:00:00,2026-09-05 00:00:00,15601BZ030,ELEMENTO FILTRO,TG,1T-Mantenimiento Toyota Value,Toyota,Toyota,50.98
B009-5887,2026-09-05 00:00:00,2026-09-05 00:00:00,9043012031,EMPAQUETADURA (TAPON DE DRENAJE DE DEPOS,TG,1T-Mantenimiento Toyota Value,Toyota,Toyota,4.7
B009-5887,2026-09-05 00:00:00,2026-09-05 00:00:00,0881380019,LIMPIA INYECTOR A,TG,1T-Mantenimiento Toyota Value,Toyota,Toyota,42.84
B009-5887,2026-09-05 00:00:00,2026-09-05 00:00:00,9004851212,BUJIA,TG,1T-Mantenimiento Toyota Value,Toyota,Toyota,62.07
B009-5887,2026-09-05 00:00:00,2026-09-05 00:00:00,X0401001,SUPER LIMPIADOR DE PARABRISAS WURTH 32 ML,TG,1T-Mantenimiento Toyota Value,Toyota,Otras marcas,6.22
B009-5887,2026-09-05 00:00:00,2026-09-05 00:00:00,X0401006,LIMPIADOR DE FRENOS 500 ML WURTH,TG,1T-Mantenimiento Toyota Value,Toyota,Otras marcas,22.08
F008-14420,2026-09-04 00:00:00,,90915YZZD2,FILTRO DE ACEITE,MO,-,,Toyota,224.46
F008-14420,2026-09-04 00:00:00,,233900L070,CONJUNTO ELEMENTO,MO,-,,Toyota,1077.54
F008-14420,2026-09-04 00:00:00,,9043012031,EMPAQUETADURA (TAPON DE DRENAJE DE DEPOS,MO,-,,Toyota,78.3
F008-14420,2026-09-04 00:00:00,,31230BZ070,CONJUNTO COJINETE,MO,-,,Toyota,317.57
F008-14420,2026-09-04 00:00:00,,31232BZ060,RETENEDOR TUBO CO,MO,-,,Toyota,10.35
F008-14419,2026-09-04 00:00:00,,1111530032C0,EMPAQUETADURA CU,MO,-,,Toyota,298.74
LI03-2623,2026-09-07 00:00:00,2026-09-07 00:00:00,90182TNN9FIS,PROTECTOR DE TOLV,NVS,4N-OT Interna Accesorios NVS,Toyota,Toyota,720.0
F009-6405,2026-09-05 00:00:00,2026-09-05 00:00:00,0888050002D,ACEITE 15W40 DIESEL DECILITRO TOYOTA,TG,1T-Mantenimiento Toyota Value,Toyota,Toyota,164.11
F009-6405,2026-09-05 00:00:00,2026-09-05 00:00:00,90915YZZD2,FILTRO DE ACEITE,TG,1T-Mantenimiento Toyota Value,Toyota,Toyota,29.51
F009-6405,2026-09-05 00:00:00,2026-09-05 00:00:00,9043012031,EMPAQUETADURA (TAPON DE DRENAJE DE DEPOS,TG,1T-Mantenimiento Toyota Value,Toyota,Toyota,4.7
F009-6405,2026-09-05 00:00:00,2026-09-05 00:00:00,233900L070,CONJUNTO ELEMENTO,TG,1T-Mantenimiento Toyota Value,Toyota,Toyota,141.61
F009-6405,2026-09-05 00:00:00,2026-09-05 00:00:00,0881380100,LIMPIA INYECTOR A,TG,1T-Mantenimiento Toyota Value,Toyota,Toyota,85.68
F009-6405,2026-09-05 00:00:00,2026-09-05 00:00:00,X0401001,SUPER LIMPIADOR DE PARABRISAS WURTH 32 ML,TG,1T-Mantenimiento Toyota Value,Toyota,Otras marcas,6.22
F009-6405,2026-09-05 00:00:00,2026-09-05 00:00:00,X0401006,LIMPIADOR DE FRENOS 500 ML WURTH,TG,1T-Mantenimiento Toyota Value,Toyota,Otras marcas,22.08
B008-5182,2026-09-05 00:00:00,,17801BZ150,SUBCONJUNTO ELEME,MO,-,,Toyota,77.98
F008-14423,2026-09-05 00:00:00,,233900L070,CONJUNTO ELEMENTO,MO,-,,Toyota,646.52
F008-14423,2026-09-05 00:00:00,,233900L041,CONJUNTO ELEMENTO,MO,-,,Toyota,760.35
F008-14423,2026-09-05 00:00:00,,90915YZZD2,FILTRO DE ACEITE,MO,-,,Toyota,134.71
F008-14423,2026-09-05 00:00:00,,X0401006,LIMPIADOR DE FRENOS 500 ML WURTH,MO,-,,Otras marcas,79.49
F008-14422,2026-09-05 00:00:00,,0888030015,651528 ACEITE 5W30 4L,MO,-,,Toyota,155.02
F008-14422,2026-09-05 00:00:00,,486540K080,BUJE BRAZO INFER,MO,-,,Toyota,167.78
F008-14422,2026-09-05 00:00:00,,0881380100,LIMPIA INYECTOR A,MO,-,,Toyota,36.02
F008-14422,2026-09-05 00:00:00,,178010E030,SUBCONJUNTO ELEME,MO,-,,Toyota,97.14
F008-14425,2026-09-05 00:00:00,,233900L070,CONJUNTO ELEMENTO,MO,-,,Toyota,116.63
F008-14425,2026-09-05 00:00:00,,90915YZZD2,FILTRO DE ACEITE,MO,-,,Toyota,24.29
F008-14425,2026-09-05 00:00:00,,0881380100,LIMPIA INYECTOR A,MO,-,,Toyota,36.02
B009-5889,2026-09-05 00:00:00,2026-09-05 00:00:00,0888083840D,ACEITE 5W-30 DIESEL CF - 208 DECILITRO,TG,1T-Mantenimiento Toyota Value,Toyota,Toyota,218.4
B009-5889,2026-09-05 00:00:00,2026-09-05 00:00:00,90915YZZD2,FILTRO DE ACEITE,TG,1T-Mantenimiento Toyota Value,Toyota,Toyota,29.51
B009-5889,2026-09-05 00:00:00,2026-09-05 00:00:00,9043012031,EMPAQUETADURA (TAPON DE DRENAJE DE DEPOS,TG,1T-Mantenimiento Toyota Value,Toyota,Toyota,4.7
B009-5889,2026-09-05 00:00:00,2026-09-05 00:00:00,X0401001,SUPER LIMPIADOR DE PARABRISAS WURTH 32 ML,TG,1T-Mantenimiento Toyota Value,Toyota,Otras marcas,6.22
F009-6407,2026-09-05 00:00:00,2026-09-05 00:00:00,Y1101003,MANIJA CROMADA CON CAMARA DE RETROCESO- HILUX REVO,TG,2-Mant. Correctivos y Trabajos Generales,Toyota,Otras marcas,684.45
B008-5183,2026-09-05 00:00:00,,0881603001,OIL SILICON AA1,MO,-,,Toyota,124.56
B009-5888,2026-09-05 00:00:00,2026-09-05 00:00:00,0888050005D,651529 ACEITE 5W-30 GASO SEMI DECILITRO,TG,1T-Mantenimiento Toyota Value,Toyota,Toyota,92.16
B009-5888,2026-09-05 00:00:00,2026-09-05 00:00:00,15601BZ030,ELEMENTO FILTRO,TG,1T-Mantenimiento Toyota Value,Toyota,Toyota,50.98
B009-5888,2026-09-05 00:00:00,2026-09-05 00:00:00,9043012031,EMPAQUETADURA (TAPON DE DRENAJE DE DEPOS,TG,1T-Mantenimiento Toyota Value,Toyota,Toyota,4.7
B009-5888,2026-09-05 00:00:00,2026-09-05 00:00:00,X0401001,SUPER LIMPIADOR DE PARABRISAS WURTH 32 ML,TG,1T-Mantenimiento Toyota Value,Toyota,Otras marcas,6.22
LT03-478,2026-09-04 00:00:00,2026-09-04 00:00:00,0888085895,231297 TGMO 0W-20,TG,1-Mantenimiento Periódico,Toyota,Toyota,222.68
LT03-478,2026-09-04 00:00:00,2026-09-04 00:00:00,0888085896,231296 TGMO 0W-20,TG,1-Mantenimiento Periódico,Toyota,Toyota,57.08
LT03-478,2026-09-04 00:00:00,2026-09-04 00:00:00,90915YZZM3,SUNCONJUNTO DEL F,TG,1-Mantenimiento Periódico,Toyota,Toyota,30.95
LT03-478,2026-09-04 00:00:00,2026-09-04 00:00:00,9043012031,EMPAQUETADURA (TAPON DE DRENAJE DE DEPOS,TG,1-Mantenimiento Periódico,Toyota,Toyota,4.7
LT03-478,2026-09-04 00:00:00,2026-09-04 00:00:00,0881380019,LIMPIA INYECTOR A,TG,1-Mantenimiento Periódico,Toyota,Toyota,42.84
LT03-478,2026-09-04 00:00:00,2026-09-04 00:00:00,X0401001,SUPER LIMPIADOR DE PARABRISAS WURTH 32 ML,TG,1-Mantenimiento Periódico,Toyota,Otras marcas,6.22
LT03-478,2026-09-04 00:00:00,2026-09-04 00:00:00,X0401006,LIMPIADOR DE FRENOS 500 ML WURTH,TG,1-Mantenimiento Periódico,Toyota,Otras marcas,22.08
F008-14429,2026-09-05 00:00:00,,15613E0110,ELEMENTO FILTRO D,MO,-,,Hino,83.77
F008-14429,2026-09-05 00:00:00,,23304EV164,JGO. DE ELEMENTO,MO,-,,Hino,49.06
F008-14429,2026-09-05 00:00:00,,23355EV013,ELEMENTO DE PREFI,MO,-,,Hino,39.68
F008-14427,2026-09-05 00:00:00,,1111530041B0,EMPAQUETADURA CU,MO,-,,Toyota,283.3
F008-14428,2026-09-05 00:00:00,,3121042030,CONJUNTO CUBIERTA,MO,-,Toyota,Toyota,599.76
F008-14428,2026-09-05 00:00:00,,3140039006,CONJ. CILINDRO DESEMBRAGUE CON COJINETE,MO,-,Toyota,Toyota,797.99
F008-14428,2026-09-05 00:00:00,,90915YZZM3,SUNCONJUNTO DEL F,MO,-,Toyota,Toyota,26.14
F008-14428,2026-09-05 00:00:00,,3125042022,CONJUNTO DISCO EM,MO,-,Toyota,Toyota,732.21
F008-14428,2026-09-05 00:00:00,,0888070016,651518 ACEITE 10W30 1L,MO,-,Toyota,Toyota,29.96
F008-14428,2026-09-05 00:00:00,,0446642060,JUEGO PASTILLA FRENO DISCO TR.,MO,-,Toyota,Toyota,315.88
F008-14428,2026-09-05 00:00:00,,0446542180,JUEGO PASTILLA F,MO,-,Toyota,Toyota,492.08
F008-14428,2026-09-05 00:00:00,,0888581580,651273 ACEITE M/T 80W90 1L,MO,-,Toyota,Toyota,113.16
F008-14428,2026-09-05 00:00:00,,0888070015,651519 ACEITE 10W30 4L,MO,-,Toyota,Toyota,118.96
F008-14430,2026-09-05 00:00:00,,1305021041,CONJUNTO ENGRANAJ,MO,-,,Toyota,666.47
F008-14430,2026-09-05 00:00:00,,1352322020,ENGRANAJE O RUEDA DENTADA DISTRIBUCION,MO,-,,Toyota,109.29
B008-5185,2026-09-05 00:00:00,,3303735030,ANILLO AJUSTE SI,MO,-,,Toyota,386.49
F008-14431,2026-09-05 00:00:00,,0888060015,651313 - ACEITE 15W40 GL,MO,-,Toyota,Toyota,240.09
F008-14431,2026-09-05 00:00:00,,90915YZZD2,FILTRO DE ACEITE,MO,-,Toyota,Toyota,24.29
F008-14431,2026-09-05 00:00:00,,178010E030,SUBCONJUNTO ELEME,MO,-,Toyota,Toyota,106.86
F008-14431,2026-09-05 00:00:00,,9043012031,EMPAQUETADURA (TAPON DE DRENAJE DE DEPOS,MO,-,Toyota,Toyota,4.31
F008-14431,2026-09-05 00:00:00,,233900L100,CONJUNTO ELEMENTO,MO,-,Toyota,Toyota,493.38
F008-14431,2026-09-05 00:00:00,,1218038010,CONJUNTO TAPA,MO,-,Toyota,Toyota,54.03
F008-14432,2026-09-05 00:00:00,,9031178002,SELLO ACEITE TRASERO MOTOR,MO,-,Toyota,Toyota,198.57
F008-14433,2026-09-05 00:00:00,,9031188006,SELLO ACEITE POSTERIOR DEL MOTOR,MO,-,,Toyota,131.91
F008-14433,2026-09-05 00:00:00,,9031148031,SELLO DE ACEITE (PARA CAJA DE ENGRANAJES,MO,-,,Toyota,49.42
B008-5186,2026-09-05 00:00:00,,130110Y030,JUEGO ANILLOS DEL PISTON,MO,-,,Toyota,403.2
B008-5187,2026-09-05 00:00:00,,48815BZ260,"BUJE, BARRA ESTAB",MO,-,,Toyota,91.54
B008-5188,2026-09-05 00:00:00,,16401630101,"SUBCONJUNTO TAPA,",MO,-,,Toyota,95.67
B008-5189,2026-09-05 00:00:00,,233900L041,CONJUNTO ELEMENTO,MO,-,,Toyota,82.29
B008-5189,2026-09-05 00:00:00,,90915YZZD2,FILTRO DE ACEITE,MO,-,,Toyota,24.29
F008-14435,2026-09-05 00:00:00,,9031141009,SELLO ACEITE (PORTADIFERENCIAL POSTERIOR,MO,-,,Toyota,70.15
B009-5895,2026-09-07 00:00:00,2026-09-07 00:00:00,0888050005D,651529 ACEITE 5W-30 GASO SEMI DECILITRO,TG,1T-Mantenimiento Toyota Value,Toyota,Toyota,92.16
B009-5895,2026-09-07 00:00:00,2026-09-07 00:00:00,15601BZ030,ELEMENTO FILTRO,TG,1T-Mantenimiento Toyota Value,Toyota,Toyota,50.98
B009-5895,2026-09-07 00:00:00,2026-09-07 00:00:00,9043012031,EMPAQUETADURA (TAPON DE DRENAJE DE DEPOS,TG,1T-Mantenimiento Toyota Value,Toyota,Toyota,4.7
B009-5895,2026-09-07 00:00:00,2026-09-07 00:00:00,X0401001,SUPER LIMPIADOR DE PARABRISAS WURTH 32 ML,TG,1T-Mantenimiento Toyota Value,Toyota,Otras marcas,4.98
B009-5895,2026-09-07 00:00:00,2026-09-07 00:00:00,X0401006,LIMPIADOR DE FRENOS 500 ML WURTH,TG,1T-Mantenimiento Toyota Value,Toyota,Otras marcas,17.66
B009-5896,2026-09-07 00:00:00,2026-09-07 00:00:00,0888050005D,651529 ACEITE 5W-30 GASO SEMI DECILITRO,TG,1-Mantenimiento Periódico,Toyota,Toyota,117.76
B009-5896,2026-09-07 00:00:00,2026-09-07 00:00:00,9091510009,SUNCONJUNTO DEL F,TG,1-Mantenimiento Periódico,Toyota,Toyota,71.78
B009-5896,2026-09-07 00:00:00,2026-09-07 00:00:00,9043012031,EMPAQUETADURA (TAPON DE DRENAJE DE DEPOS,TG,1-Mantenimiento Periódico,Toyota,Toyota,4.7
F009-6416,2026-09-07 00:00:00,2026-09-07 00:00:00,0888050002D,ACEITE 15W40 DIESEL DECILITRO TOYOTA,TG,1-Mantenimiento Periódico,Toyota,Toyota,164.11
F009-6416,2026-09-07 00:00:00,2026-09-07 00:00:00,90915YZZD2,FILTRO DE ACEITE,TG,1-Mantenimiento Periódico,Toyota,Toyota,29.51
F009-6416,2026-09-07 00:00:00,2026-09-07 00:00:00,9043012031,EMPAQUETADURA (TAPON DE DRENAJE DE DEPOS,TG,1-Mantenimiento Periódico,Toyota,Toyota,4.7
F009-6416,2026-09-07 00:00:00,2026-09-07 00:00:00,233900L070,CONJUNTO ELEMENTO,TG,1-Mantenimiento Periódico,Toyota,Toyota,141.61
F009-6416,2026-09-07 00:00:00,2026-09-07 00:00:00,0881380100,LIMPIA INYECTOR A,TG,1-Mantenimiento Periódico,Toyota,Toyota,85.68
F009-6416,2026-09-07 00:00:00,2026-09-07 00:00:00,0888581580,651273 ACEITE M/T 80W90 1L,TG,1-Mantenimiento Periódico,Toyota,Toyota,119.69
F009-6416,2026-09-07 00:00:00,2026-09-07 00:00:00,0888581590,651272 ACEITE DIF 80W90 1L,TG,1-Mantenimiento Periódico,Toyota,Toyota,251.82
F009-6416,2026-09-07 00:00:00,2026-09-07 00:00:00,0888501806,ACEITE GL - 75W 1,TG,1-Mantenimiento Periódico,Toyota,Toyota,212.8
F009-6416,2026-09-07 00:00:00,2026-09-07 00:00:00,9043018008,EMPAQUETADURA (TAPON RELLENADOR TRANSMIS,TG,1-Mantenimiento Periódico,Toyota,Toyota,20.18
F009-6416,2026-09-07 00:00:00,2026-09-07 00:00:00,9043024017,EMPAQUETADURA,TG,1-Mantenimiento Periódico,Toyota,Toyota,4.61
F009-6416,2026-09-07 00:00:00,2026-09-07 00:00:00,1215710010,EMPAQUETADURA (TAPON RELLENADOR ENVOLTUR,TG,1-Mantenimiento Periódico,Toyota,Toyota,11.83
F009-6416,2026-09-07 00:00:00,2026-09-07 00:00:00,0882380010,LIQUIDO DE FRENO,TG,1-Mantenimiento Periódico,Toyota,Toyota,54.52
F009-6416,2026-09-07 00:00:00,2026-09-07 00:00:00,X0405017,ACEITE ATF CASTROL TRANSMAX DEX/MERC X 1LT,TG,1-Mantenimiento Periódico,Toyota,Otras marcas,81.36
F009-6416,2026-09-07 00:00:00,2026-09-07 00:00:00,X0401001,SUPER LIMPIADOR DE PARABRISAS WURTH 32 ML,TG,1-Mantenimiento Periódico,Toyota,Otras marcas,6.22
F009-6416,2026-09-07 00:00:00,2026-09-07 00:00:00,X0401006,LIMPIADOR DE FRENOS 500 ML WURTH,TG,1-Mantenimiento Periódico,Toyota,Otras marcas,22.08
F009-6416,2026-09-07 00:00:00,2026-09-07 00:00:00,17801YZZA3,SUBCONJUNTO ELEME,TG,1-Mantenimiento Periódico,Toyota,Toyota,82.74
F009-6416,2026-09-07 00:00:00,2026-09-07 00:00:00,87139YZZ75,ELEMENTO REFINAD,TG,1-Mantenimiento Periódico,Toyota,Toyota,81.28
F009-6416,2026-09-07 00:00:00,2026-09-07 00:00:00,488150K090,BUJE BARRA ESTAB,TG,1-Mantenimiento Periódico,Toyota,Toyota,168.32
F009-6416,2026-09-07 00:00:00,2026-09-07 00:00:00,17801YZZA3,SUBCONJUNTO ELEME,TG,1-Mantenimiento Periódico,Toyota,Toyota,-82.74
F009-6416,2026-09-07 00:00:00,2026-09-07 00:00:00,87139YZZ75,ELEMENTO REFINAD,TG,1-Mantenimiento Periódico,Toyota,Toyota,-81.28
F009-6416,2026-09-07 00:00:00,2026-09-07 00:00:00,488150K090,BUJE BARRA ESTAB,TG,1-Mantenimiento Periódico,Toyota,Toyota,-168.32
F009-6410,2026-09-07 00:00:00,2026-09-07 00:00:00,0888050002D,ACEITE 15W40 DIESEL DECILITRO TOYOTA,TG,1T-Mantenimiento Toyota Value,Toyota,Toyota,164.11
F009-6410,2026-09-07 00:00:00,2026-09-07 00:00:00,90915YZZD2,FILTRO DE ACEITE,TG,1T-Mantenimiento Toyota Value,Toyota,Toyota,29.51
F009-6410,2026-09-07 00:00:00,2026-09-07 00:00:00,9043012031,EMPAQUETADURA (TAPON DE DRENAJE DE DEPOS,TG,1T-Mantenimiento Toyota Value,Toyota,Toyota,4.7
F009-6410,2026-09-07 00:00:00,2026-09-07 00:00:00,X0401001,SUPER LIMPIADOR DE PARABRISAS WURTH 32 ML,TG,1T-Mantenimiento Toyota Value,Toyota,Otras marcas,4.98
F009-6410,2026-09-07 00:00:00,2026-09-07 00:00:00,X0401006,LIMPIADOR DE FRENOS 500 ML WURTH,TG,1T-Mantenimiento Toyota Value,Toyota,Otras marcas,17.66
F009-6409,2026-09-07 00:00:00,2026-09-07 00:00:00,0888050005D,651529 ACEITE 5W-30 GASO SEMI DECILITRO,TG,1T-Mantenimiento Toyota Value,Toyota,Toyota,92.16
F009-6409,2026-09-07 00:00:00,2026-09-07 00:00:00,15601BZ030,ELEMENTO FILTRO,TG,1T-Mantenimiento Toyota Value,Toyota,Toyota,50.98
F009-6409,2026-09-07 00:00:00,2026-09-07 00:00:00,9043012031,EMPAQUETADURA (TAPON DE DRENAJE DE DEPOS,TG,1T-Mantenimiento Toyota Value,Toyota,Toyota,4.7
F009-6409,2026-09-07 00:00:00,2026-09-07 00:00:00,X0401001,SUPER LIMPIADOR DE PARABRISAS WURTH 32 ML,TG,1T-Mantenimiento Toyota Value,Toyota,Otras marcas,6.22
B009-5898,2026-09-07 00:00:00,2026-09-07 00:00:00,0888050005D,651529 ACEITE 5W-30 GASO SEMI DECILITRO,TG,1-Mantenimiento Periódico,Toyota,Toyota,99.84
B009-5898,2026-09-07 00:00:00,2026-09-07 00:00:00,15601BZ030,ELEMENTO FILTRO,TG,1-Mantenimiento Periódico,Toyota,Toyota,50.98
B009-5898,2026-09-07 00:00:00,2026-09-07 00:00:00,9043012031,EMPAQUETADURA (TAPON DE DRENAJE DE DEPOS,TG,1-Mantenimiento Periódico,Toyota,Toyota,4.7
B009-5898,2026-09-07 00:00:00,2026-09-07 00:00:00,0047500WWF,LIMPIA PARABRISA,TG,1-Mantenimiento Periódico,Toyota,Toyota,29.67
B009-5898,2026-09-07 00:00:00,2026-09-07 00:00:00,X0401006,LIMPIADOR DE FRENOS 500 ML WURTH,TG,1-Mantenimiento Periódico,Toyota,Otras marcas,22.08
F009-6411,2026-09-07 00:00:00,2026-09-07 00:00:00,0888050005D,651529 ACEITE 5W-30 GASO SEMI DECILITRO,TG,1-Mantenimiento Periódico,Toyota,Toyota,99.84
F009-6411,2026-09-07 00:00:00,2026-09-07 00:00:00,15601BZ030,ELEMENTO FILTRO,TG,1-Mantenimiento Periódico,Toyota,Toyota,50.98
F009-6411,2026-09-07 00:00:00,2026-09-07 00:00:00,9043012031,EMPAQUETADURA (TAPON DE DRENAJE DE DEPOS,TG,1-Mantenimiento Periódico,Toyota,Toyota,4.7
F009-6411,2026-09-07 00:00:00,2026-09-07 00:00:00,0881380019,LIMPIA INYECTOR A,TG,1-Mantenimiento Periódico,Toyota,Toyota,42.84
F009-6411,2026-09-07 00:00:00,2026-09-07 00:00:00,0047500WWF,LIMPIA PARABRISA,TG,1-Mantenimiento Periódico,Toyota,Toyota,29.67
F009-6411,2026-09-07 00:00:00,2026-09-07 00:00:00,X0401006,LIMPIADOR DE FRENOS 500 ML WURTH,TG,1-Mantenimiento Periódico,Toyota,Otras marcas,22.08
B009-5900,2026-09-07 00:00:00,2026-09-07 00:00:00,0888050005D,651529 ACEITE 5W-30 GASO SEMI DECILITRO,TG,1T-Mantenimiento Toyota Value,Toyota,Toyota,99.84
B009-5900,2026-09-07 00:00:00,2026-09-07 00:00:00,15601BZ030,ELEMENTO FILTRO,TG,1T-Mantenimiento Toyota Value,Toyota,Toyota,50.98
B009-5900,2026-09-07 00:00:00,2026-09-07 00:00:00,9043012031,EMPAQUETADURA (TAPON DE DRENAJE DE DEPOS,TG,1T-Mantenimiento Toyota Value,Toyota,Toyota,4.7
B009-5900,2026-09-07 00:00:00,2026-09-07 00:00:00,0881380019,LIMPIA INYECTOR A,TG,1T-Mantenimiento Toyota Value,Toyota,Toyota,85.68
B009-5900,2026-09-07 00:00:00,2026-09-07 00:00:00,X0401001,SUPER LIMPIADOR DE PARABRISAS WURTH 32 ML,TG,1T-Mantenimiento Toyota Value,Toyota,Otras marcas,4.98
B009-5900,2026-09-07 00:00:00,2026-09-07 00:00:00,X0401006,LIMPIADOR DE FRENOS 500 ML WURTH,TG,1T-Mantenimiento Toyota Value,Toyota,Otras marcas,17.66
B009-5894,2026-09-07 00:00:00,2026-09-07 00:00:00,0888083840D,ACEITE 5W-30 DIESEL CF - 208 DECILITRO,TG,1T-Mantenimiento Toyota Value,Toyota,Toyota,218.4
B009-5894,2026-09-07 00:00:00,2026-09-07 00:00:00,90915YZZD2,FILTRO DE ACEITE,TG,1T-Mantenimiento Toyota Value,Toyota,Toyota,29.51
B009-5894,2026-09-07 00:00:00,2026-09-07 00:00:00,9043012031,EMPAQUETADURA (TAPON DE DRENAJE DE DEPOS,TG,1T-Mantenimiento Toyota Value,Toyota,Toyota,4.7
B009-5894,2026-09-07 00:00:00,2026-09-07 00:00:00,233900L070,CONJUNTO ELEMENTO,TG,1T-Mantenimiento Toyota Value,Toyota,Toyota,141.61
B009-5894,2026-09-07 00:00:00,2026-09-07 00:00:00,0881380100,LIMPIA INYECTOR A,TG,1T-Mantenimiento Toyota Value,Toyota,Toyota,85.68
B009-5894,2026-09-07 00:00:00,2026-09-07 00:00:00,X0401001,SUPER LIMPIADOR DE PARABRISAS WURTH 32 ML,TG,1T-Mantenimiento Toyota Value,Toyota,Otras marcas,4.98
B009-5894,2026-09-07 00:00:00,2026-09-07 00:00:00,X0401006,LIMPIADOR DE FRENOS 500 ML WURTH,TG,1T-Mantenimiento Toyota Value,Toyota,Otras marcas,17.66
F008-14436,2026-09-07 00:00:00,,233900L070,CONJUNTO ELEMENTO,MO,-,,Toyota,335.91
F008-14436,2026-09-07 00:00:00,,90915YZZD2,FILTRO DE ACEITE,MO,-,,Toyota,72.88
F008-14436,2026-09-07 00:00:00,,9043012031,EMPAQUETADURA (TAPON DE DRENAJE DE DEPOS,MO,-,,Toyota,12.92
F008-14436,2026-09-07 00:00:00,,17801YZZA3,SUBCONJUNTO ELEME,MO,-,,Toyota,260.64
F008-14436,2026-09-07 00:00:00,,87139YZZ75,ELEMENTO REFINAD,MO,-,,Toyota,243.84
F008-14436,2026-09-07 00:00:00,,1215710010,EMPAQUETADURA (TAPON RELLENADOR ENVOLTUR,MO,-,,Toyota,32.52
F008-14436,2026-09-07 00:00:00,,9043024017,EMPAQUETADURA,MO,-,,Toyota,11.54
B009-5899,2026-09-07 00:00:00,2026-09-07 00:00:00,0888050005D,651529 ACEITE 5W-30 GASO SEMI DECILITRO,TG,1T-Mantenimiento Toyota Value,Toyota,Toyota,99.84
B009-5899,2026-09-07 00:00:00,2026-09-07 00:00:00,15601BZ030,ELEMENTO FILTRO,TG,1T-Mantenimiento Toyota Value,Toyota,Toyota,50.98
B009-5899,2026-09-07 00:00:00,2026-09-07 00:00:00,9043012031,EMPAQUETADURA (TAPON DE DRENAJE DE DEPOS,TG,1T-Mantenimiento Toyota Value,Toyota,Toyota,4.7
B009-5899,2026-09-07 00:00:00,2026-09-07 00:00:00,0881380019,LIMPIA INYECTOR A,TG,1T-Mantenimiento Toyota Value,Toyota,Toyota,42.84
B009-5899,2026-09-07 00:00:00,2026-09-07 00:00:00,X0401001,SUPER LIMPIADOR DE PARABRISAS WURTH 32 ML,TG,1T-Mantenimiento Toyota Value,Toyota,Otras marcas,4.98
B009-5899,2026-09-07 00:00:00,2026-09-07 00:00:00,X0401006,LIMPIADOR DE FRENOS 500 ML WURTH,TG,1T-Mantenimiento Toyota Value,Toyota,Otras marcas,22.08
F008-14437,2026-09-07 00:00:00,,1560178140,ELEMENT FILTRO A,MO,-,,Hino,72.22
F008-14437,2026-09-07 00:00:00,,2330478260,JGO. DE ELEMENTO,MO,-,,Hino,118.67
F008-14437,2026-09-07 00:00:00,,23304EV570,JGO. DE ELEMENTO,MO,-,,Hino,51.31
F008-14438,2026-09-07 00:00:00,,0888581590,651272 ACEITE DIF 80W90 1L,MO,-,,Toyota,377.73
F008-14438,2026-09-07 00:00:00,,0888581580,651273 ACEITE M/T 80W90 1L,MO,-,,Toyota,163.22
F008-14457,2026-09-08 00:00:00,,0888050002,650580 CLINDRO 15W40 DIESEL,MO,-,,Toyota,3347.61
F008-14439,2026-09-07 00:00:00,,1356859175,CORREA DISTRIBUCION,MO,-,,Toyota,213.56
F008-14440,2026-09-07 00:00:00,,1356839016,CORREA DISTRIBUCI,MO,-,,Toyota,136.79
F008-14441,2026-09-07 00:00:00,,1780178110,ELEMENTO AIRE,MO,-,,Hino,133.16
F008-14441,2026-09-07 00:00:00,,15613EV015,ELEMENTO FILTRO,MO,-,,Hino,63.73
F008-14441,2026-09-07 00:00:00,,23304EV052,JGO. DE ELEMENTO,MO,-,,Hino,44.29
F008-14441,2026-09-07 00:00:00,,23304EV390,JGO. DE ELEMENTO,MO,-,,Hino,60.79
F008-14441,2026-09-07 00:00:00,,SZ31265002,SELLO ACEITE,MO,-,,Hino,66.22
F008-14442,2026-09-07 00:00:00,,1780121050,SUBCONJUNTO ELEME,MO,-,,Toyota,83.5
F008-14442,2026-09-07 00:00:00,,87139YZZ25,FILTRO DE AIRE,MO,-,,Toyota,79.68
B008-5191,2026-09-07 00:00:00,,531210KA20,MOLDURA REJILLA,MO,-,,Toyota,1620.74
F008-14443,2026-09-07 00:00:00,,1301130051,JUEGO ANILLOS DEL,MO,-,,Toyota,669.03
F008-14443,2026-09-07 00:00:00,,0411130724,JUEGO DE EMPAQUES,MO,-,,Toyota,960.86
F008-14443,2026-09-07 00:00:00,,1132030070,CONJUNTO CAJA EN,MO,-,,Toyota,521.47
F008-14443,2026-09-07 00:00:00,,1560517030,VALVULA,MO,-,,Toyota,79.25
F008-14443,2026-09-07 00:00:00,,9091603118,TERMOSTATO,MO,-,,Toyota,248.54
B008-5192,2026-09-07 00:00:00,,04465YZZK1,PASTILLA DELANTER,MO,-,,Toyota,177.56
B008-5193,2026-09-07 00:00:00,,1111554073D0,EMPAQUETADURA CU,MO,-,,Toyota,264.58
B008-5193,2026-09-07 00:00:00,,13568YZZ01,FAJA DE DISTRIBU,MO,-,,Toyota,156.36
F008-14444,2026-09-07 00:00:00,,9031141017,SELLO ACEITE (CAJ,MO,-,,Toyota,45.67
F008-14445,2026-09-07 00:00:00,,9092302121,MANGUERA ENTRADA,MO,-,,Toyota,242.72
B009-5901,2026-09-07 00:00:00,2026-09-07 00:00:00,0888050005D,651529 ACEITE 5W-30 GASO SEMI DECILITRO,TG,1T-Mantenimiento Toyota Value,Toyota,Toyota,92.16
B009-5901,2026-09-07 00:00:00,2026-09-07 00:00:00,15601BZ030,ELEMENTO FILTRO,TG,1T-Mantenimiento Toyota Value,Toyota,Toyota,50.98
B009-5901,2026-09-07 00:00:00,2026-09-07 00:00:00,9043012031,EMPAQUETADURA (TAPON DE DRENAJE DE DEPOS,TG,1T-Mantenimiento Toyota Value,Toyota,Toyota,4.7
B009-5901,2026-09-07 00:00:00,2026-09-07 00:00:00,X0401001,SUPER LIMPIADOR DE PARABRISAS WURTH 32 ML,TG,1T-Mantenimiento Toyota Value,Toyota,Otras marcas,6.22
F008-14446,2026-09-07 00:00:00,,0881603001,OIL SILICON AA1,MO,-,,Toyota,221.82
F008-14447,2026-09-07 00:00:00,,9043012031,EMPAQUETADURA (TAPON DE DRENAJE DE DEPOS,MO,-,,Toyota,39.15
F008-14447,2026-09-07 00:00:00,,9043018008,EMPAQUETADURA (TAPON RELLENADOR TRANSMIS,MO,-,,Toyota,42.05
F009-6417,2026-09-07 00:00:00,2026-09-07 00:00:00,0888083840D,ACEITE 5W-30 DIESEL CF - 208 DECILITRO,TG,1-Mantenimiento Periódico,Toyota,Toyota,218.4
F009-6417,2026-09-07 00:00:00,2026-09-07 00:00:00,90915YZZD2,FILTRO DE ACEITE,TG,1-Mantenimiento Periódico,Toyota,Toyota,29.51
F009-6417,2026-09-07 00:00:00,2026-09-07 00:00:00,9043012031,EMPAQUETADURA (TAPON DE DRENAJE DE DEPOS,TG,1-Mantenimiento Periódico,Toyota,Toyota,4.7
F009-6417,2026-09-07 00:00:00,2026-09-07 00:00:00,233900L070,CONJUNTO ELEMENTO,TG,1-Mantenimiento Periódico,Toyota,Toyota,141.61
F009-6417,2026-09-07 00:00:00,2026-09-07 00:00:00,0881380100,LIMPIA INYECTOR A,TG,1-Mantenimiento Periódico,Toyota,Toyota,85.68
F009-6417,2026-09-07 00:00:00,2026-09-07 00:00:00,X0401006,LIMPIADOR DE FRENOS 500 ML WURTH,TG,1-Mantenimiento Periódico,Toyota,Otras marcas,22.08
F009-6415,2026-09-07 00:00:00,2026-09-07 00:00:00,87139YZZ75,ELEMENTO REFINAD,TG,2-Mant. Correctivos y Trabajos Generales,Toyota,Toyota,81.28
F009-6415,2026-09-07 00:00:00,2026-09-07 00:00:00,17801YZZA3,SUBCONJUNTO ELEME,TG,2-Mant. Correctivos y Trabajos Generales,Toyota,Toyota,82.74
F009-6415,2026-09-07 00:00:00,2026-09-07 00:00:00,488150K090,BUJE BARRA ESTAB,TG,2-Mant. Correctivos y Trabajos Generales,Toyota,Toyota,168.32
F008-14448,2026-09-07 00:00:00,,0881603001,OIL SILICON AA1,MO,-,,Toyota,379.86
F008-14449,2026-09-07 00:00:00,,0888060015,651313 - ACEITE 15W40 GL,MO,-,,Toyota,480.18
F009-6420,2026-09-08 00:00:00,2026-09-08 00:00:00,0888050005D,651529 ACEITE 5W-30 GASO SEMI DECILITRO,TG,1-Mantenimiento Periódico,Toyota,Toyota,92.16
F009-6420,2026-09-08 00:00:00,2026-09-08 00:00:00,15601BZ030,ELEMENTO FILTRO,TG,1-Mantenimiento Periódico,Toyota,Toyota,50.98
F009-6420,2026-09-08 00:00:00,2026-09-08 00:00:00,9043012031,EMPAQUETADURA (TAPON DE DRENAJE DE DEPOS,TG,1-Mantenimiento Periódico,Toyota,Toyota,4.7
F009-6420,2026-09-08 00:00:00,2026-09-08 00:00:00,X0401001,SUPER LIMPIADOR DE PARABRISAS WURTH 32 ML,TG,1-Mantenimiento Periódico,Toyota,Otras marcas,6.22
F009-6420,2026-09-08 00:00:00,2026-09-08 00:00:00,X0401001,SUPER LIMPIADOR DE PARABRISAS WURTH 32 ML,TG,1-Mantenimiento Periódico,Toyota,Otras marcas,-6.22
F009-6420,2026-09-08 00:00:00,2026-09-08 00:00:00,0047500WWF,LIMPIA PARABRISA,TG,1-Mantenimiento Periódico,Toyota,Toyota,29.67
F009-6422,2026-09-08 00:00:00,2026-09-08 00:00:00,0888050002D,ACEITE 15W40 DIESEL DECILITRO TOYOTA,TG,1T-Mantenimiento Toyota Value,Toyota,Toyota,164.11
F009-6422,2026-09-08 00:00:00,2026-09-08 00:00:00,90915YZZD2,FILTRO DE ACEITE,TG,1T-Mantenimiento Toyota Value,Toyota,Toyota,29.51
F009-6422,2026-09-08 00:00:00,2026-09-08 00:00:00,9043012031,EMPAQUETADURA (TAPON DE DRENAJE DE DEPOS,TG,1T-Mantenimiento Toyota Value,Toyota,Toyota,4.7
F009-6422,2026-09-08 00:00:00,2026-09-08 00:00:00,233900L070,CONJUNTO ELEMENTO,TG,1T-Mantenimiento Toyota Value,Toyota,Toyota,141.61
F009-6422,2026-09-08 00:00:00,2026-09-08 00:00:00,0881380100,LIMPIA INYECTOR A,TG,1T-Mantenimiento Toyota Value,Toyota,Toyota,85.68
F009-6422,2026-09-08 00:00:00,2026-09-08 00:00:00,X0401001,SUPER LIMPIADOR DE PARABRISAS WURTH 32 ML,TG,1T-Mantenimiento Toyota Value,Toyota,Otras marcas,4.98
F009-6422,2026-09-08 00:00:00,2026-09-08 00:00:00,X0401006,LIMPIADOR DE FRENOS 500 ML WURTH,TG,1T-Mantenimiento Toyota Value,Toyota,Otras marcas,17.66
B009-5908,2026-09-08 00:00:00,2026-09-08 00:00:00,0888050005D,651529 ACEITE 5W-30 GASO SEMI DECILITRO,TG,1-Mantenimiento Periódico,Toyota,Toyota,143.36
B009-5908,2026-09-08 00:00:00,2026-09-08 00:00:00,9091510009,SUNCONJUNTO DEL F,TG,1-Mantenimiento Periódico,Toyota,Toyota,71.78
B009-5908,2026-09-08 00:00:00,2026-09-08 00:00:00,9043012031,EMPAQUETADURA (TAPON DE DRENAJE DE DEPOS,TG,1-Mantenimiento Periódico,Toyota,Toyota,4.7
B009-5908,2026-09-08 00:00:00,2026-09-08 00:00:00,0881380019,LIMPIA INYECTOR A,TG,1-Mantenimiento Periódico,Toyota,Toyota,85.68
B009-5908,2026-09-08 00:00:00,2026-09-08 00:00:00,X0401001,SUPER LIMPIADOR DE PARABRISAS WURTH 32 ML,TG,1-Mantenimiento Periódico,Toyota,Otras marcas,6.22
B009-5908,2026-09-08 00:00:00,2026-09-08 00:00:00,X0401006,LIMPIADOR DE FRENOS 500 ML WURTH,TG,1-Mantenimiento Periódico,Toyota,Otras marcas,22.08
B009-5905,2026-09-08 00:00:00,2026-09-08 00:00:00,0888050005D,651529 ACEITE 5W-30 GASO SEMI DECILITRO,TG,1-Mantenimiento Periódico,,Toyota,99.84
B009-5905,2026-09-08 00:00:00,2026-09-08 00:00:00,90915YZZM3,SUNCONJUNTO DEL F,TG,1-Mantenimiento Periódico,,Toyota,30.95
B009-5905,2026-09-08 00:00:00,2026-09-08 00:00:00,9043012031,EMPAQUETADURA (TAPON DE DRENAJE DE DEPOS,TG,1-Mantenimiento Periódico,,Toyota,4.7
B009-5905,2026-09-08 00:00:00,2026-09-08 00:00:00,0047500WWF,LIMPIA PARABRISA,TG,1-Mantenimiento Periódico,,Toyota,29.67
B009-5905,2026-09-08 00:00:00,2026-09-08 00:00:00,X0401006,LIMPIADOR DE FRENOS 500 ML WURTH,TG,1-Mantenimiento Periódico,,Otras marcas,22.08
B009-5905,2026-09-08 00:00:00,2026-09-08 00:00:00,87139YZZ25,FILTRO DE AIRE,TG,1-Mantenimiento Periódico,,Toyota,79.68
B009-5905,2026-09-08 00:00:00,2026-09-08 00:00:00,178010Y040,SUBCONJUNTO ELEME,TG,1-Mantenimiento Periódico,,Toyota,76.79
B009-5905,2026-09-08 00:00:00,2026-09-08 00:00:00,X0305016,BATERIA RECOR MAX SELLADA RM55 24 L- N,TG,1-Mantenimiento Periódico,,Otras marcas,224.45
B009-5905,2026-09-08 00:00:00,2026-09-08 00:00:00,X0305016,BATERIA RECOR MAX SELLADA RM55 24 L- N,TG,1-Mantenimiento Periódico,,Otras marcas,-224.45
B009-5905,2026-09-08 00:00:00,2026-09-08 00:00:00,X0305007,BATERIA RECORD MAX RM-36 19FL-N,TG,1-Mantenimiento Periódico,,Otras marcas,201.6
B009-5905,2026-09-08 00:00:00,2026-09-08 00:00:00,X0305007,BATERIA RECORD MAX RM-36 19FL-N,TG,1-Mantenimiento Periódico,,Otras marcas,-201.6
B009-5905,2026-09-08 00:00:00,2026-09-08 00:00:00,X0305016,BATERIA RECOR MAX SELLADA RM55 24 L- N,TG,1-Mantenimiento Periódico,,Otras marcas,224.45
B009-5910,2026-09-08 00:00:00,2026-09-08 00:00:00,0888050005D,651529 ACEITE 5W-30 GASO SEMI DECILITRO,TG,9-Cambio de Aceite,Toyota,Toyota,92.16
B009-5910,2026-09-08 00:00:00,2026-09-08 00:00:00,15601BZ030,ELEMENTO FILTRO,TG,9-Cambio de Aceite,Toyota,Toyota,50.98
B009-5910,2026-09-08 00:00:00,2026-09-08 00:00:00,9043012031,EMPAQUETADURA (TAPON DE DRENAJE DE DEPOS,TG,9-Cambio de Aceite,Toyota,Toyota,4.7
F009-6427,2026-09-08 00:00:00,2026-09-08 00:00:00,0888050002D,ACEITE 15W40 DIESEL DECILITRO TOYOTA,TG,1-Mantenimiento Periódico,Toyota,Toyota,164.11
F009-6427,2026-09-08 00:00:00,2026-09-08 00:00:00,90915YZZD2,FILTRO DE ACEITE,TG,1-Mantenimiento Periódico,Toyota,Toyota,29.51
F009-6427,2026-09-08 00:00:00,2026-09-08 00:00:00,9043012031,EMPAQUETADURA (TAPON DE DRENAJE DE DEPOS,TG,1-Mantenimiento Periódico,Toyota,Toyota,4.7
F009-6427,2026-09-08 00:00:00,2026-09-08 00:00:00,233900L100,CONJUNTO ELEMENTO,TG,1-Mantenimiento Periódico,Toyota,Toyota,291.54
F009-6427,2026-09-08 00:00:00,2026-09-08 00:00:00,0881380100,LIMPIA INYECTOR A,TG,1-Mantenimiento Periódico,Toyota,Toyota,85.68
F009-6427,2026-09-08 00:00:00,2026-09-08 00:00:00,0047500WWF,LIMPIA PARABRISA,TG,1-Mantenimiento Periódico,Toyota,Toyota,29.67
F009-6427,2026-09-08 00:00:00,2026-09-08 00:00:00,X0401006,LIMPIADOR DE FRENOS 500 ML WURTH,TG,1-Mantenimiento Periódico,Toyota,Otras marcas,22.08
F008-14450,2026-09-08 00:00:00,,233900L070,CONJUNTO ELEMENTO,MO,-,,Toyota,116.63
F008-14450,2026-09-08 00:00:00,,90915YZZD2,FILTRO DE ACEITE,MO,-,,Toyota,24.29
B009-5904,2026-09-08 00:00:00,2026-09-08 00:00:00,0888050005D,651529 ACEITE 5W-30 GASO SEMI DECILITRO,TG,1-Mantenimiento Periódico,Toyota,Toyota,99.84
B009-5904,2026-09-08 00:00:00,2026-09-08 00:00:00,15601BZ030,ELEMENTO FILTRO,TG,1-Mantenimiento Periódico,Toyota,Toyota,50.98
B009-5904,2026-09-08 00:00:00,2026-09-08 00:00:00,9043012031,EMPAQUETADURA (TAPON DE DRENAJE DE DEPOS,TG,1-Mantenimiento Periódico,Toyota,Toyota,4.7
B009-5904,2026-09-08 00:00:00,2026-09-08 00:00:00,0047500WWF,LIMPIA PARABRISA,TG,1-Mantenimiento Periódico,Toyota,Toyota,29.67
B009-5904,2026-09-08 00:00:00,2026-09-08 00:00:00,X0401006,LIMPIADOR DE FRENOS 500 ML WURTH,TG,1-Mantenimiento Periódico,Toyota,Otras marcas,22.08
F008-14341,2026-09-01 00:00:00,,0888060015,651313 - ACEITE 15W40 GL,MO,-,,Toyota,1746.11
F008-14341,2026-09-01 00:00:00,,0888060016,651268 ACEITE 15W40 1L,MO,-,,Toyota,528.89
F008-14341,2026-09-01 00:00:00,,233900L041,CONJUNTO ELEMENTO,MO,-,,Toyota,304.14
F008-14341,2026-09-01 00:00:00,,233900L070,CONJUNTO ELEMENTO,MO,-,,Toyota,431.01
F008-14341,2026-09-01 00:00:00,,178010E030,SUBCONJUNTO ELEME,MO,-,,Toyota,194.29
F008-14341,2026-09-01 00:00:00,,90366T0060,COJINETE (EJE TR.,MO,-,,Toyota,526.44
F008-14336,2026-09-01 00:00:00,,0888060015,651313 - ACEITE 15W40 GL,MO,-,,Toyota,4372.56
F008-14336,2026-09-01 00:00:00,,178010E030,SUBCONJUNTO ELEME,MO,-,,Toyota,961.0
F008-14336,2026-09-01 00:00:00,,233900L070,CONJUNTO ELEMENTO,MO,-,,Toyota,1077.54
B008-5194,2026-09-08 00:00:00,,233900L041,CONJUNTO ELEMENTO,MO,-,,Toyota,164.57
F009-6423,2026-09-08 00:00:00,2026-09-08 00:00:00,0888050005D,651529 ACEITE 5W-30 GASO SEMI DECILITRO,TG,1-Mantenimiento Periódico,Toyota,Toyota,143.36
F009-6423,2026-09-08 00:00:00,2026-09-08 00:00:00,9091510009,SUNCONJUNTO DEL F,TG,1-Mantenimiento Periódico,Toyota,Toyota,71.78
F009-6423,2026-09-08 00:00:00,2026-09-08 00:00:00,9043012031,EMPAQUETADURA (TAPON DE DRENAJE DE DEPOS,TG,1-Mantenimiento Periódico,Toyota,Toyota,4.7
F009-6423,2026-09-08 00:00:00,2026-09-08 00:00:00,0881380019,LIMPIA INYECTOR A,TG,1-Mantenimiento Periódico,Toyota,Toyota,85.68
F009-6423,2026-09-08 00:00:00,2026-09-08 00:00:00,X0401001,SUPER LIMPIADOR DE PARABRISAS WURTH 32 ML,TG,1-Mantenimiento Periódico,Toyota,Otras marcas,6.22
F009-6423,2026-09-08 00:00:00,2026-09-08 00:00:00,X0401006,LIMPIADOR DE FRENOS 500 ML WURTH,TG,1-Mantenimiento Periódico,Toyota,Otras marcas,22.08
F009-6423,2026-09-08 00:00:00,2026-09-08 00:00:00,0888050005D,651529 ACEITE 5W-30 GASO SEMI DECILITRO,TG,1-Mantenimiento Periódico,Toyota,Toyota,5.12
F009-6423,2026-09-08 00:00:00,2026-09-08 00:00:00,0888050005D,651529 ACEITE 5W-30 GASO SEMI DECILITRO,TG,1-Mantenimiento Periódico,Toyota,Toyota,-5.12
F009-6421,2026-09-08 00:00:00,2026-09-08 00:00:00,0888050005D,651529 ACEITE 5W-30 GASO SEMI DECILITRO,TG,1T-Mantenimiento Toyota Value,Toyota,Toyota,92.16
F009-6421,2026-09-08 00:00:00,2026-09-08 00:00:00,15601BZ030,ELEMENTO FILTRO,TG,1T-Mantenimiento Toyota Value,Toyota,Toyota,50.98
F009-6421,2026-09-08 00:00:00,2026-09-08 00:00:00,9043012031,EMPAQUETADURA (TAPON DE DRENAJE DE DEPOS,TG,1T-Mantenimiento Toyota Value,Toyota,Toyota,4.7
F009-6421,2026-09-08 00:00:00,2026-09-08 00:00:00,X0401001,SUPER LIMPIADOR DE PARABRISAS WURTH 32 ML,TG,1T-Mantenimiento Toyota Value,Toyota,Otras marcas,6.22
B009-5903,2026-09-08 00:00:00,2026-09-08 00:00:00,0888050005D,651529 ACEITE 5W-30 GASO SEMI DECILITRO,TG,1T-Mantenimiento Toyota Value,Toyota,Toyota,92.16
B009-5903,2026-09-08 00:00:00,2026-09-08 00:00:00,15601BZ030,ELEMENTO FILTRO,TG,1T-Mantenimiento Toyota Value,Toyota,Toyota,50.98
B009-5903,2026-09-08 00:00:00,2026-09-08 00:00:00,9043012031,EMPAQUETADURA (TAPON DE DRENAJE DE DEPOS,TG,1T-Mantenimiento Toyota Value,Toyota,Toyota,4.7
B009-5903,2026-09-08 00:00:00,2026-09-08 00:00:00,0881380019,LIMPIA INYECTOR A,TG,1T-Mantenimiento Toyota Value,Toyota,Toyota,42.84
B009-5903,2026-09-08 00:00:00,2026-09-08 00:00:00,X0401001,SUPER LIMPIADOR DE PARABRISAS WURTH 32 ML,TG,1T-Mantenimiento Toyota Value,Toyota,Otras marcas,4.98
B009-5903,2026-09-08 00:00:00,2026-09-08 00:00:00,X0401006,LIMPIADOR DE FRENOS 500 ML WURTH,TG,1T-Mantenimiento Toyota Value,Toyota,Otras marcas,17.66
B008-5195,2026-09-08 00:00:00,,044650D101,JUEGO PASTILLA F,MO,-,,Toyota,322.44
F009-6426,2026-09-08 00:00:00,2026-09-08 00:00:00,08880H0018,650869 ACEITE HINO BALDE 2.5 15W40,TG,1-Mantenimiento Periódico,Hino,Hino,215.04
F009-6426,2026-09-08 00:00:00,2026-09-08 00:00:00,15613EV015,ELEMENTO FILTRO,TG,1-Mantenimiento Periódico,Hino,Hino,63.73
F009-6426,2026-09-08 00:00:00,2026-09-08 00:00:00,23304EV052,JGO. DE ELEMENTO,TG,1-Mantenimiento Periódico,Hino,Hino,44.29
F009-6426,2026-09-08 00:00:00,2026-09-08 00:00:00,23304EV390,JGO. DE ELEMENTO,TG,1-Mantenimiento Periódico,Hino,Hino,60.79
F009-6426,2026-09-08 00:00:00,2026-09-08 00:00:00,SZ43018009,EMPQUE TAPON DE C,TG,1-Mantenimiento Periódico,Hino,Hino,4.03
F009-6426,2026-09-08 00:00:00,2026-09-08 00:00:00,X0401006,LIMPIADOR DE FRENOS 500 ML WURTH,TG,1-Mantenimiento Periódico,Hino,Otras marcas,22.08
F008-14455,2026-09-08 00:00:00,,0888060015,651313 - ACEITE 15W40 GL,MO,-,,Toyota,2076.97
F008-14452,2026-09-08 00:00:00,,1647528140,SUBCONJUNTO TAPA TANQUE RESERVA,MO,-,,Toyota,103.41
F009-6424,2026-09-08 00:00:00,2026-09-08 00:00:00,0446560380,JUEGO PASTILLA FR,TG,2-Mant. Correctivos y Trabajos Generales,Toyota,Toyota,591.48
F009-6424,2026-09-08 00:00:00,2026-09-08 00:00:00,0446657010,"JUEGO PASTILLA, F",TG,2-Mant. Correctivos y Trabajos Generales,Toyota,Toyota,339.36
F008-14453,2026-09-08 00:00:00,,15613EV015,ELEMENTO FILTRO,MO,-,,Hino,352.94
F008-14453,2026-09-08 00:00:00,,23304EV052,JGO. DE ELEMENTO,MO,-,,Hino,327.07
F008-14453,2026-09-08 00:00:00,,23304EV390,JGO. DE ELEMENTO,MO,-,,Hino,448.9
F008-14454,2026-09-08 00:00:00,,233900L041,CONJUNTO ELEMENTO,MO,-,,Toyota,760.35
F008-14454,2026-09-08 00:00:00,,90915YZZD2,FILTRO DE ACEITE,MO,-,,Toyota,224.46
F008-14454,2026-09-08 00:00:00,,233900L070,CONJUNTO ELEMENTO,MO,-,,Toyota,646.52
F009-6431,2026-09-09 00:00:00,2026-09-09 00:00:00,0888050005D,651529 ACEITE 5W-30 GASO SEMI DECILITRO,TG,1-Mantenimiento Periódico,Toyota,Toyota,99.84
F009-6431,2026-09-09 00:00:00,2026-09-09 00:00:00,15601BZ030,ELEMENTO FILTRO,TG,1-Mantenimiento Periódico,Toyota,Toyota,50.98
F009-6431,2026-09-09 00:00:00,2026-09-09 00:00:00,9043012031,EMPAQUETADURA (TAPON DE DRENAJE DE DEPOS,TG,1-Mantenimiento Periódico,Toyota,Toyota,4.7
F009-6431,2026-09-09 00:00:00,2026-09-09 00:00:00,0047500WWF,LIMPIA PARABRISA,TG,1-Mantenimiento Periódico,Toyota,Toyota,29.67
F009-6431,2026-09-09 00:00:00,2026-09-09 00:00:00,X0401006,LIMPIADOR DE FRENOS 500 ML WURTH,TG,1-Mantenimiento Periódico,Toyota,Otras marcas,22.08
F009-6431,2026-09-09 00:00:00,2026-09-09 00:00:00,X0305007,BATERIA RECORD MAX RM-36 19FL-N,TG,1-Mantenimiento Periódico,Toyota,Otras marcas,201.6
F009-6431,2026-09-09 00:00:00,2026-09-09 00:00:00,87139BZ020,ELEMENTO PURIFICA,TG,1-Mantenimiento Periódico,Toyota,Toyota,138.66
F009-6431,2026-09-09 00:00:00,2026-09-09 00:00:00,17801BZ110,SUBCONJUNTO ELEME,TG,1-Mantenimiento Periódico,Toyota,Toyota,75.11
F009-6431,2026-09-09 00:00:00,2026-09-09 00:00:00,04465B1430,"JUEGO PASTILLA, F",TG,1-Mantenimiento Periódico,Toyota,Toyota,351.03
F009-6431,2026-09-09 00:00:00,2026-09-09 00:00:00,04466B1011,"JGO.PASTILLA,FREN",TG,1-Mantenimiento Periódico,Toyota,Toyota,280.72
B008-5196,2026-09-08 00:00:00,,08880H0018,650869 ACEITE HINO BALDE 2.5 15W40,MO,-,,Hino,188.16
B008-5196,2026-09-08 00:00:00,,15613E0110,ELEMENTO FILTRO D,MO,-,,Hino,83.77
B008-5197,2026-09-08 00:00:00,,9004311317,SELLO ACEITE EJE,MO,-,,Toyota,43.83
B008-5197,2026-09-08 00:00:00,,9004311316,SELLO ACEITE NO.,MO,-,,Toyota,51.63
B008-5197,2026-09-08 00:00:00,,90311T0074,SELLO ACEITE TRA,MO,-,,Toyota,136.07
B009-5906,2026-09-08 00:00:00,2026-09-08 00:00:00,455030K130,SUBCONJUNTO EXTREMO CREMALLERA DIRECCION,TG,2-Mant. Correctivos y Trabajos Generales,Toyota,Toyota,1087.04
B009-5906,2026-09-08 00:00:00,2026-09-08 00:00:00,X0103011,ABRAZADERA INOX ZEBRA 40-60 MM WURTH,TG,2-Mant. Correctivos y Trabajos Generales,Toyota,Otras marcas,13.3
B008-5198,2026-09-08 00:00:00,,443480K110,MANGUERA DEPOSIT,MO,-,,Toyota,160.75
B008-5198,2026-09-08 00:00:00,,165710L150,MANGUERA NO. 1 RA,MO,-,,Toyota,96.8
B008-5199,2026-09-08 00:00:00,,533930K041,ALMOHADILLA MOLDU,MO,-,,Toyota,317.35
B008-5199,2026-09-08 00:00:00,,757700K510,CONJUNTO MOLDURA,MO,-,,Toyota,652.49
B009-5907,2026-09-08 00:00:00,2026-09-08 00:00:00,04465BZ300,JUEGO PASTILLA FR,TG,2-Mant. Correctivos y Trabajos Generales,Toyota,Toyota,349.74
B009-5909,2026-09-08 00:00:00,2026-09-08 00:00:00,0888083840D,ACEITE 5W-30 DIESEL CF - 208 DECILITRO,TG,1-Mantenimiento Periódico,Toyota,Toyota,218.4
B009-5909,2026-09-08 00:00:00,2026-09-08 00:00:00,90915YZZD2,FILTRO DE ACEITE,TG,1-Mantenimiento Periódico,Toyota,Toyota,29.51
B009-5909,2026-09-08 00:00:00,2026-09-08 00:00:00,9043012031,EMPAQUETADURA (TAPON DE DRENAJE DE DEPOS,TG,1-Mantenimiento Periódico,Toyota,Toyota,4.7
B009-5909,2026-09-08 00:00:00,2026-09-08 00:00:00,X0401001,SUPER LIMPIADOR DE PARABRISAS WURTH 32 ML,TG,1-Mantenimiento Periódico,Toyota,Otras marcas,6.22
T003-2257,2026-09-08 00:00:00,,0447860050,JUEGO CILINDRO FRENO DISCO FRONTAL,MO,-,,Toyota,357.87
B008-5200,2026-09-08 00:00:00,,90915YZZM3,SUNCONJUNTO DEL F,MO,-,,Toyota,26.14
